round,config,posRMSE,posMax,att_r,att_p,att_y,n,coverage,gt_dist,valid,converged,acc_cov,gyr_cov,b_acc_cov,b_gyr_cov,imu_int_frame,img_point_cov,patch_size,patch_pyr_level,vio_max_iter,inv_expo_cov,exposure_est_en,imu_time_offset,img_time_offset,lidar_time_offset,dept_err,beam_err,dept_err_rel,min_eigen_value,voxel_size,max_layer,max_points_num,lio_max_iter,point_filter_num,filter_size_surf,blind,gravity_align_en
v8,fs018_vox025_mp100_ps4_pl2_if50,0.0118,0.0529,0.211,0.219,0.105,107,0.22,0.41,0,1,0.1,0.1,0.0005,0.0005,50,100,4,2,5,0.1,True,0.0,0.0,-0.005,0.02,0.05,0.01,0.0025,0.25,1,100,5,3,0.18,0.2,True
v8,fs018_vox025_mp100_ps4_pl2_if20,0.012,0.0439,0.2,0.207,0.116,109,0.221,0.409,0,1,0.1,0.1,0.0005,0.0005,20,100,4,2,5,0.1,True,0.0,0.0,-0.005,0.02,0.05,0.01,0.0025,0.25,1,100,5,3,0.18,0.2,True
v8,fs018_vox025_mp100_ps8_pl2_if30,0.0131,0.0506,0.284,0.436,0.133,107,0.217,0.424,0,1,0.1,0.1,0.0005,0.0005,30,100,8,2,5,0.1,True,0.0,0.0,-0.005,0.02,0.05,0.01,0.0025,0.25,1,100,5,3,0.18,0.2,True
v8,fs015_vox025_mp100_ps4_pl2_if50,0.0132,0.0421,0.137,0.267,0.079,108,0.219,0.403,0,1,0.1,0.1,0.0005,0.0005,50,100,4,2,5,0.1,True,0.0,0.0,-0.005,0.02,0.05,0.01,0.0025,0.25,1,100,5,3,0.15,0.2,True
v8,fs015_vox040_mp100_ps8_pl2_if50,0.0133,0.0527,0.303,0.276,0.135,109,0.219,0.426,0,1,0.1,0.1,0.0005,0.0005,50,100,8,2,5,0.1,True,0.0,0.0,-0.005,0.02,0.05,0.01,0.0025,0.4,1,100,5,3,0.15,0.2,True
v8,fs018_vox025_mp50_ps4_pl2_if20,0.0136,0.0538,0.197,0.15,0.119,107,0.217,0.404,0,1,0.1,0.1,0.0005,0.0005,20,100,4,2,5,0.1,True,0.0,0.0,-0.005,0.02,0.05,0.01,0.0025,0.25,1,50,5,3,0.18,0.2,True
v8,fs018_vox025_mp50_ps4_pl2_if50,0.0138,0.0482,0.316,0.508,0.123,109,0.219,0.448,0,1,0.1,0.1,0.0005,0.0005,50,100,4,2,5,0.1,True,0.0,0.0,-0.005,0.02,0.05,0.01,0.0025,0.25,1,50,5,3,0.18,0.2,True
v8,fs015_vox025_mp50_ps4_pl2_if50,0.014,0.043,0.13,0.266,0.089,108,0.222,0.405,0,1,0.1,0.1,0.0005,0.0005,50,100,4,2,5,0.1,True,0.0,0.0,-0.005,0.02,0.05,0.01,0.0025,0.25,1,50,5,3,0.15,0.2,True
v8,fs018_vox030_mp50_ps8_pl2_if30,0.0147,0.0557,0.257,0.285,0.137,107,0.218,0.414,0,1,0.1,0.1,0.0005,0.0005,30,100,8,2,5,0.1,True,0.0,0.0,-0.005,0.02,0.05,0.01,0.0025,0.3,1,50,5,3,0.18,0.2,True
v8,fs018_vox040_mp50_ps8_pl2_if20,0.0155,0.0653,0.287,0.262,0.166,108,0.22,0.411,0,1,0.1,0.1,0.0005,0.0005,20,100,8,2,5,0.1,True,0.0,0.0,-0.005,0.02,0.05,0.01,0.0025,0.4,1,50,5,3,0.18,0.2,True
v8,fs015_vox025_mp50_ps4_pl2_if30,0.0162,0.0648,0.155,0.298,0.092,108,0.219,0.402,0,1,0.1,0.1,0.0005,0.0005,30,100,4,2,5,0.1,True,0.0,0.0,-0.005,0.02,0.05,0.01,0.0025,0.25,1,50,5,3,0.15,0.2,True
v8,fs015_vox040_mp100_ps4_pl2_if20,0.0163,0.067,0.25,0.259,0.225,109,0.223,0.424,0,1,0.1,0.1,0.0005,0.0005,20,100,4,2,5,0.1,True,0.0,0.0,-0.005,0.02,0.05,0.01,0.0025,0.4,1,100,5,3,0.15,0.2,True
v8,fs018_vox030_mp50_ps8_pl2_if50,0.0163,0.0513,0.195,0.232,0.094,107,0.22,0.387,0,1,0.1,0.1,0.0005,0.0005,50,100,8,2,5,0.1,True,0.0,0.0,-0.005,0.02,0.05,0.01,0.0025,0.3,1,50,5,3,0.18,0.2,True
v8,fs020_vox025_mp100_ps4_pl2_if20,0.0163,0.059,0.146,0.239,0.168,105,0.213,0.472,0,1,0.1,0.1,0.0005,0.0005,20,100,4,2,5,0.1,True,0.0,0.0,-0.005,0.02,0.05,0.01,0.0025,0.25,1,100,5,3,0.2,0.2,True
v8,fs015_vox040_mp100_ps4_pl2_if50,0.0166,0.0535,0.153,0.291,0.175,108,0.219,0.403,0,1,0.1,0.1,0.0005,0.0005,50,100,4,2,5,0.1,True,0.0,0.0,-0.005,0.02,0.05,0.01,0.0025,0.4,1,100,5,3,0.15,0.2,True
v8,fs018_vox030_mp100_ps8_pl2_if50,0.0168,0.0542,0.188,0.219,0.081,108,0.221,0.39,0,1,0.1,0.1,0.0005,0.0005,50,100,8,2,5,0.1,True,0.0,0.0,-0.005,0.02,0.05,0.01,0.0025,0.3,1,100,5,3,0.18,0.2,True
v8,fs015_vox040_mp50_ps4_pl2_if50,0.017,0.0561,0.146,0.252,0.154,108,0.219,0.426,0,1,0.1,0.1,0.0005,0.0005,50,100,4,2,5,0.1,True,0.0,0.0,-0.005,0.02,0.05,0.01,0.0025,0.4,1,50,5,3,0.15,0.2,True
v8,fs015_vox025_mp100_ps4_pl2_if30,0.0174,0.062,0.167,0.34,0.096,102,0.206,0.4,0,1,0.1,0.1,0.0005,0.0005,30,100,4,2,5,0.1,True,0.0,0.0,-0.005,0.02,0.05,0.01,0.0025,0.25,1,100,5,3,0.15,0.2,True
v8,fs020_vox030_mp50_ps4_pl2_if20,0.0174,0.0645,0.216,0.281,0.13,110,0.222,0.432,0,1,0.1,0.1,0.0005,0.0005,20,100,4,2,5,0.1,True,0.0,0.0,-0.005,0.02,0.05,0.01,0.0025,0.3,1,50,5,3,0.2,0.2,True
v8,fs020_vox030_mp100_ps8_pl2_if50,0.0177,0.0571,0.147,0.239,0.164,106,0.217,0.472,0,1,0.1,0.1,0.0005,0.0005,50,100,8,2,5,0.1,True,0.0,0.0,-0.005,0.02,0.05,0.01,0.0025,0.3,1,100,5,3,0.2,0.2,True
v8,fs018_vox040_mp100_ps4_pl2_if20,0.0178,0.0545,0.254,0.361,0.115,102,0.209,0.392,0,1,0.1,0.1,0.0005,0.0005,20,100,4,2,5,0.1,True,0.0,0.0,-0.005,0.02,0.05,0.01,0.0025,0.4,1,100,5,3,0.18,0.2,True
v8,fs018_vox025_mp100_ps4_pl2_if30,0.0185,0.063,0.204,0.243,0.106,100,0.204,0.386,0,1,0.1,0.1,0.0005,0.0005,30,100,4,2,5,0.1,True,0.0,0.0,-0.005,0.02,0.05,0.01,0.0025,0.25,1,100,5,3,0.18,0.2,True
v8,fs020_vox030_mp100_ps4_pl2_if20,0.0185,0.0622,0.145,0.247,0.157,104,0.213,0.441,0,1,0.1,0.1,0.0005,0.0005,20,100,4,2,5,0.1,True,0.0,0.0,-0.005,0.02,0.05,0.01,0.0025,0.3,1,100,5,3,0.2,0.2,True
v8,fs015_vox040_mp50_ps4_pl2_if20,0.0187,0.0593,0.148,0.286,0.239,111,0.219,0.4,0,1,0.1,0.1,0.0005,0.0005,20,100,4,2,5,0.1,True,0.0,0.0,-0.005,0.02,0.05,0.01,0.0025,0.4,1,50,5,3,0.15,0.2,True
v8,fs018_vox025_mp50_ps8_pl2_if30,0.0195,0.0632,0.192,0.291,0.118,110,0.218,0.381,0,1,0.1,0.1,0.0005,0.0005,30,100,8,2,5,0.1,True,0.0,0.0,-0.005,0.02,0.05,0.01,0.0025,0.25,1,50,5,3,0.18,0.2,True
v8,fs018_vox030_mp50_ps4_pl2_if50,0.0195,0.0626,0.142,0.271,0.133,102,0.209,0.286,0,1,0.1,0.1,0.0005,0.0005,50,100,4,2,5,0.1,True,0.0,0.0,-0.005,0.02,0.05,0.01,0.0025,0.3,1,50,5,3,0.18,0.2,True
v8,fs015_vox025_mp50_ps4_pl2_if20,0.0196,0.0735,0.239,0.26,0.146,108,0.222,0.4,0,1,0.1,0.1,0.0005,0.0005,20,100,4,2,5,0.1,True,0.0,0.0,-0.005,0.02,0.05,0.01,0.0025,0.25,1,50,5,3,0.15,0.2,True
v8,fs015_vox030_mp50_ps4_pl2_if20,0.0198,0.0713,0.197,0.214,0.164,108,0.219,0.403,0,1,0.1,0.1,0.0005,0.0005,20,100,4,2,5,0.1,True,0.0,0.0,-0.005,0.02,0.05,0.01,0.0025,0.3,1,50,5,3,0.15,0.2,True
v8,fs018_vox030_mp50_ps4_pl2_if20,0.0198,0.0697,0.108,0.24,0.171,102,0.206,0.29,0,1,0.1,0.1,0.0005,0.0005,20,100,4,2,5,0.1,True,0.0,0.0,-0.005,0.02,0.05,0.01,0.0025,0.3,1,50,5,3,0.18,0.2,True
v8,fs015_vox025_mp100_ps4_pl2_if20,0.0206,0.0767,0.259,0.257,0.144,102,0.207,0.402,0,1,0.1,0.1,0.0005,0.0005,20,100,4,2,5,0.1,True,0.0,0.0,-0.005,0.02,0.05,0.01,0.0025,0.25,1,100,5,3,0.15,0.2,True
v8,fs018_vox025_mp50_ps4_pl2_if30,0.0206,0.0653,0.229,0.307,0.098,110,0.221,0.383,0,1,0.1,0.1,0.0005,0.0005,30,100,4,2,5,0.1,True,0.0,0.0,-0.005,0.02,0.05,0.01,0.0025,0.25,1,50,5,3,0.18,0.2,True
v8,fs015_vox025_mp100_ps8_pl2_if50,0.021,0.0682,0.246,0.222,0.15,108,0.219,0.405,0,1,0.1,0.1,0.0005,0.0005,50,100,8,2,5,0.1,True,0.0,0.0,-0.005,0.02,0.05,0.01,0.0025,0.25,1,100,5,3,0.15,0.2,True
v8,fs015_vox030_mp100_ps8_pl2_if20,0.021,0.0705,0.248,0.199,0.143,109,0.22,0.403,0,1,0.1,0.1,0.0005,0.0005,20,100,8,2,5,0.1,True,0.0,0.0,-0.005,0.02,0.05,0.01,0.0025,0.3,1,100,5,3,0.15,0.2,True
v8,fs015_vox030_mp50_ps4_pl2_if30,0.0212,0.0667,0.2,0.255,0.255,102,0.206,0.426,0,1,0.1,0.1,0.0005,0.0005,30,100,4,2,5,0.1,True,0.0,0.0,-0.005,0.02,0.05,0.01,0.0025,0.3,1,50,5,3,0.15,0.2,True
v8,fs020_vox025_mp50_ps4_pl2_if30,0.0213,0.0778,0.183,0.259,0.184,115,0.233,0.529,0,1,0.1,0.1,0.0005,0.0005,30,100,4,2,5,0.1,True,0.0,0.0,-0.005,0.02,0.05,0.01,0.0025,0.25,1,50,5,3,0.2,0.2,True
v8,fs015_vox025_mp50_ps8_pl2_if50,0.0219,0.0775,0.287,0.22,0.145,103,0.209,0.405,0,1,0.1,0.1,0.0005,0.0005,50,100,8,2,5,0.1,True,0.0,0.0,-0.005,0.02,0.05,0.01,0.0025,0.25,1,50,5,3,0.15,0.2,True
v8,fs020_vox040_mp50_ps4_pl2_if50,0.0219,0.0869,0.241,0.225,0.176,106,0.216,0.475,0,1,0.1,0.1,0.0005,0.0005,50,100,4,2,5,0.1,True,0.0,0.0,-0.005,0.02,0.05,0.01,0.0025,0.4,1,50,5,3,0.2,0.2,True
v8,fs018_vox030_mp100_ps4_pl2_if50,0.0223,0.073,0.165,0.23,0.161,101,0.205,0.387,0,1,0.1,0.1,0.0005,0.0005,50,100,4,2,5,0.1,True,0.0,0.0,-0.005,0.02,0.05,0.01,0.0025,0.3,1,100,5,3,0.18,0.2,True
v8,fs015_vox040_mp50_ps4_pl2_if30,0.0229,0.0844,0.262,0.254,0.199,108,0.219,0.4,0,1,0.1,0.1,0.0005,0.0005,30,100,4,2,5,0.1,True,0.0,0.0,-0.005,0.02,0.05,0.01,0.0025,0.4,1,50,5,3,0.15,0.2,True
v8,fs018_vox030_mp100_ps4_pl2_if20,0.0229,0.0736,0.14,0.231,0.176,102,0.206,0.398,0,1,0.1,0.1,0.0005,0.0005,20,100,4,2,5,0.1,True,0.0,0.0,-0.005,0.02,0.05,0.01,0.0025,0.3,1,100,5,3,0.18,0.2,True
v8,fs015_vox030_mp100_ps4_pl2_if50,0.0233,0.0733,0.175,0.241,0.194,108,0.219,0.397,0,1,0.1,0.1,0.0005,0.0005,50,100,4,2,5,0.1,True,0.0,0.0,-0.005,0.02,0.05,0.01,0.0025,0.3,1,100,5,3,0.15,0.2,True
v8,fs015_vox030_mp50_ps4_pl2_if50,0.0235,0.0757,0.214,0.251,0.2,102,0.21,0.428,0,1,0.1,0.1,0.0005,0.0005,50,100,4,2,5,0.1,True,0.0,0.0,-0.005,0.02,0.05,0.01,0.0025,0.3,1,50,5,3,0.15,0.2,True
v8,fs015_vox030_mp100_ps4_pl2_if20,0.0249,0.0941,0.157,0.211,0.246,102,0.206,0.403,0,1,0.1,0.1,0.0005,0.0005,20,100,4,2,5,0.1,True,0.0,0.0,-0.005,0.02,0.05,0.01,0.0025,0.3,1,100,5,3,0.15,0.2,True
v8,fs018_vox030_mp100_ps4_pl2_if30,0.0249,0.0777,0.126,0.22,0.24,101,0.205,0.398,0,1,0.1,0.1,0.0005,0.0005,30,100,4,2,5,0.1,True,0.0,0.0,-0.005,0.02,0.05,0.01,0.0025,0.3,1,100,5,3,0.18,0.2,True
v8,fs015_vox030_mp100_ps4_pl2_if30,0.0252,0.0859,0.146,0.215,0.26,108,0.219,0.401,0,1,0.1,0.1,0.0005,0.0005,30,100,4,2,5,0.1,True,0.0,0.0,-0.005,0.02,0.05,0.01,0.0025,0.3,1,100,5,3,0.15,0.2,True
v8,fs018_vox025_mp100_ps8_pl2_if50,0.0263,0.1006,0.429,0.46,0.255,119,0.246,0.715,0,1,0.1,0.1,0.0005,0.0005,50,100,8,2,5,0.1,True,0.0,0.0,-0.005,0.02,0.05,0.01,0.0025,0.25,1,100,5,3,0.18,0.2,True
v8,fs020_vox025_mp100_ps4_pl2_if50,0.0264,0.1072,0.199,0.228,0.251,117,0.238,0.615,0,1,0.1,0.1,0.0005,0.0005,50,100,4,2,5,0.1,True,0.0,0.0,-0.005,0.02,0.05,0.01,0.0025,0.25,1,100,5,3,0.2,0.2,True
v8,fs020_vox030_mp50_ps4_pl2_if30,0.027,0.0875,0.17,0.184,0.313,118,0.24,0.631,0,1,0.1,0.1,0.0005,0.0005,30,100,4,2,5,0.1,True,0.0,0.0,-0.005,0.02,0.05,0.01,0.0025,0.3,1,50,5,3,0.2,0.2,True
v8,fs020_vox030_mp100_ps4_pl2_if30,0.0297,0.1047,0.153,0.242,0.327,118,0.241,0.668,0,1,0.1,0.1,0.0005,0.0005,30,100,4,2,5,0.1,True,0.0,0.0,-0.005,0.02,0.05,0.01,0.0025,0.3,1,100,5,3,0.2,0.2,True
v8,fs020_vox030_mp50_ps4_pl2_if50,0.0298,0.1186,0.328,0.683,0.31,106,0.217,0.509,0,1,0.1,0.1,0.0005,0.0005,50,100,4,2,5,0.1,True,0.0,0.0,-0.005,0.02,0.05,0.01,0.0025,0.3,1,50,5,3,0.2,0.2,True
v8,fs020_vox025_mp100_ps8_pl2_if20,0.0309,0.107,0.331,0.345,0.262,138,0.285,0.837,0,1,0.1,0.1,0.0005,0.0005,20,100,8,2,5,0.1,True,0.0,0.0,-0.005,0.02,0.05,0.01,0.0025,0.25,1,100,5,3,0.2,0.2,True
v8,fs015_vox040_mp50_ps8_pl2_if30,0.0314,0.1226,0.38,0.25,0.222,117,0.239,0.579,0,1,0.1,0.1,0.0005,0.0005,30,100,8,2,5,0.1,True,0.0,0.0,-0.005,0.02,0.05,0.01,0.0025,0.4,1,50,5,3,0.15,0.2,True
v8,fs020_vox025_mp50_ps4_pl2_if50,0.032,0.1234,0.331,0.255,0.209,114,0.231,0.628,0,1,0.1,0.1,0.0005,0.0005,50,100,4,2,5,0.1,True,0.0,0.0,-0.005,0.02,0.05,0.01,0.0025,0.25,1,50,5,3,0.2,0.2,True
v8,fs020_vox040_mp100_ps4_pl2_if20,0.0322,0.1251,0.198,0.263,0.336,115,0.239,0.621,0,1,0.1,0.1,0.0005,0.0005,20,100,4,2,5,0.1,True,0.0,0.0,-0.005,0.02,0.05,0.01,0.0025,0.4,1,100,5,3,0.2,0.2,True
v8,fs018_vox030_mp50_ps8_pl2_if20,0.0333,0.1313,0.268,0.229,0.16,119,0.245,0.664,0,1,0.1,0.1,0.0005,0.0005,20,100,8,2,5,0.1,True,0.0,0.0,-0.005,0.02,0.05,0.01,0.0025,0.3,1,50,5,3,0.18,0.2,True
v8,fs015_vox025_mp100_ps8_pl2_if30,0.0334,0.121,0.547,0.872,0.149,108,0.219,0.512,0,1,0.1,0.1,0.0005,0.0005,30,100,8,2,5,0.1,True,0.0,0.0,-0.005,0.02,0.05,0.01,0.0025,0.25,1,100,5,3,0.15,0.2,True
v8,fs015_vox030_mp50_ps8_pl2_if20,0.0335,0.119,0.557,0.853,0.152,108,0.222,0.509,0,1,0.1,0.1,0.0005,0.0005,20,100,8,2,5,0.1,True,0.0,0.0,-0.005,0.02,0.05,0.01,0.0025,0.3,1,50,5,3,0.15,0.2,True
v8,fs018_vox040_mp50_ps4_pl2_if30,0.0336,0.146,0.379,0.458,0.451,120,0.243,0.709,0,1,0.1,0.1,0.0005,0.0005,30,100,4,2,5,0.1,True,0.0,0.0,-0.005,0.02,0.05,0.01,0.0025,0.4,1,50,5,3,0.18,0.2,True
v8,fs015_vox040_mp50_ps8_pl2_if50,0.034,0.1175,0.531,0.845,0.14,108,0.219,0.504,0,1,0.1,0.1,0.0005,0.0005,50,100,8,2,5,0.1,True,0.0,0.0,-0.005,0.02,0.05,0.01,0.0025,0.4,1,50,5,3,0.15,0.2,True
v8,fs015_vox025_mp100_ps8_pl2_if20,0.0352,0.1271,0.544,0.852,0.162,108,0.219,0.511,0,1,0.1,0.1,0.0005,0.0005,20,100,8,2,5,0.1,True,0.0,0.0,-0.005,0.02,0.05,0.01,0.0025,0.25,1,100,5,3,0.15,0.2,True
v8,fs015_vox025_mp50_ps8_pl2_if20,0.0352,0.1261,0.546,0.824,0.143,108,0.219,0.509,0,1,0.1,0.1,0.0005,0.0005,20,100,8,2,5,0.1,True,0.0,0.0,-0.005,0.02,0.05,0.01,0.0025,0.25,1,50,5,3,0.15,0.2,True
v8,fs015_vox030_mp50_ps8_pl2_if30,0.0361,0.1318,0.553,0.867,0.15,108,0.217,0.513,0,1,0.1,0.1,0.0005,0.0005,30,100,8,2,5,0.1,True,0.0,0.0,-0.005,0.02,0.05,0.01,0.0025,0.3,1,50,5,3,0.15,0.2,True
v8,fs020_vox040_mp50_ps4_pl2_if20,0.0361,0.1365,0.3,0.202,0.311,112,0.228,0.502,0,1,0.1,0.1,0.0005,0.0005,20,100,4,2,5,0.1,True,0.0,0.0,-0.005,0.02,0.05,0.01,0.0025,0.4,1,50,5,3,0.2,0.2,True
v8,fs018_vox030_mp100_ps8_pl2_if20,0.0362,0.1257,0.299,0.229,0.226,120,0.244,0.666,0,1,0.1,0.1,0.0005,0.0005,20,100,8,2,5,0.1,True,0.0,0.0,-0.005,0.02,0.05,0.01,0.0025,0.3,1,100,5,3,0.18,0.2,True
v8,fs018_vox030_mp100_ps8_pl2_if30,0.0362,0.1214,0.303,0.223,0.262,119,0.241,0.667,0,1,0.1,0.1,0.0005,0.0005,30,100,8,2,5,0.1,True,0.0,0.0,-0.005,0.02,0.05,0.01,0.0025,0.3,1,100,5,3,0.18,0.2,True
v8,fs015_vox030_mp100_ps8_pl2_if30,0.0368,0.1225,0.559,0.898,0.166,102,0.21,0.511,0,1,0.1,0.1,0.0005,0.0005,30,100,8,2,5,0.1,True,0.0,0.0,-0.005,0.02,0.05,0.01,0.0025,0.3,1,100,5,3,0.15,0.2,True
v8,fs015_vox040_mp100_ps8_pl2_if30,0.0379,0.1271,0.603,0.94,0.16,101,0.205,0.518,0,1,0.1,0.1,0.0005,0.0005,30,100,8,2,5,0.1,True,0.0,0.0,-0.005,0.02,0.05,0.01,0.0025,0.4,1,100,5,3,0.15,0.2,True
v8,fs015_vox030_mp100_ps8_pl2_if50,0.038,0.1276,0.278,0.576,0.149,112,0.227,0.447,0,1,0.1,0.1,0.0005,0.0005,50,100,8,2,5,0.1,True,0.0,0.0,-0.005,0.02,0.05,0.01,0.0025,0.3,1,100,5,3,0.15,0.2,True
v8,fs015_vox025_mp50_ps8_pl2_if30,0.0393,0.1202,0.578,0.832,0.243,117,0.24,0.73,0,1,0.1,0.1,0.0005,0.0005,30,100,8,2,5,0.1,True,0.0,0.0,-0.005,0.02,0.05,0.01,0.0025,0.25,1,50,5,3,0.15,0.2,True
v8,fs015_vox030_mp50_ps8_pl2_if50,0.0396,0.1204,0.601,0.853,0.202,117,0.237,0.709,0,1,0.1,0.1,0.0005,0.0005,50,100,8,2,5,0.1,True,0.0,0.0,-0.005,0.02,0.05,0.01,0.0025,0.3,1,50,5,3,0.15,0.2,True
v8,fs015_vox040_mp100_ps4_pl2_if30,0.0406,0.1942,0.405,0.306,0.368,116,0.235,0.576,0,1,0.1,0.1,0.0005,0.0005,30,100,4,2,5,0.1,True,0.0,0.0,-0.005,0.02,0.05,0.01,0.0025,0.4,1,100,5,3,0.15,0.2,True
v8,fs020_vox040_mp50_ps8_pl2_if30,0.0416,0.1398,0.332,0.199,0.412,130,0.264,0.777,0,1,0.1,0.1,0.0005,0.0005,30,100,8,2,5,0.1,True,0.0,0.0,-0.005,0.02,0.05,0.01,0.0025,0.4,1,50,5,3,0.2,0.2,True
v8,fs020_vox025_mp100_ps8_pl2_if50,0.042,0.1247,0.383,0.728,0.314,132,0.265,0.79,0,1,0.1,0.1,0.0005,0.0005,50,100,8,2,5,0.1,True,0.0,0.0,-0.005,0.02,0.05,0.01,0.0025,0.25,1,100,5,3,0.2,0.2,True
v8,fs018_vox025_mp100_ps8_pl2_if20,0.0423,0.1341,0.539,0.804,0.302,119,0.242,0.746,0,1,0.1,0.1,0.0005,0.0005,20,100,8,2,5,0.1,True,0.0,0.0,-0.005,0.02,0.05,0.01,0.0025,0.25,1,100,5,3,0.18,0.2,True
v8,fs018_vox040_mp50_ps4_pl2_if20,0.0424,0.1731,0.39,0.231,0.487,119,0.242,0.683,0,1,0.1,0.1,0.0005,0.0005,20,100,4,2,5,0.1,True,0.0,0.0,-0.005,0.02,0.05,0.01,0.0025,0.4,1,50,5,3,0.18,0.2,True
v8,fs020_vox030_mp100_ps8_pl2_if30,0.0432,0.1071,0.293,0.236,0.399,130,0.264,0.801,0,1,0.1,0.1,0.0005,0.0005,30,100,8,2,5,0.1,True,0.0,0.0,-0.005,0.02,0.05,0.01,0.0025,0.3,1,100,5,3,0.2,0.2,True
v8,fs020_vox025_mp50_ps4_pl2_if20,0.0434,0.1371,0.176,0.297,0.445,132,0.269,0.776,0,1,0.1,0.1,0.0005,0.0005,20,100,4,2,5,0.1,True,0.0,0.0,-0.005,0.02,0.05,0.01,0.0025,0.25,1,50,5,3,0.2,0.2,True
v8,fs018_vox030_mp50_ps4_pl2_if30,0.0435,0.1615,0.265,0.208,0.368,112,0.228,0.659,0,1,0.1,0.1,0.0005,0.0005,30,100,4,2,5,0.1,True,0.0,0.0,-0.005,0.02,0.05,0.01,0.0025,0.3,1,50,5,3,0.18,0.2,True
v8,fs018_vox040_mp50_ps4_pl2_if50,0.0442,0.1983,0.289,0.326,0.472,120,0.243,0.672,0,1,0.1,0.1,0.0005,0.0005,50,100,4,2,5,0.1,True,0.0,0.0,-0.005,0.02,0.05,0.01,0.0025,0.4,1,50,5,3,0.18,0.2,True
v8,fs020_vox040_mp50_ps4_pl2_if30,0.0448,0.165,0.176,0.276,0.459,130,0.266,0.779,0,1,0.1,0.1,0.0005,0.0005,30,100,4,2,5,0.1,True,0.0,0.0,-0.005,0.02,0.05,0.01,0.0025,0.4,1,50,5,3,0.2,0.2,True
v8,fs018_vox025_mp50_ps8_pl2_if20,0.0452,0.1461,0.522,0.724,0.387,138,0.28,0.833,0,1,0.1,0.1,0.0005,0.0005,20,100,8,2,5,0.1,True,0.0,0.0,-0.005,0.02,0.05,0.01,0.0025,0.25,1,50,5,3,0.18,0.2,True
v8,fs020_vox030_mp50_ps8_pl2_if20,0.046,0.1802,0.474,0.209,0.333,130,0.268,0.764,0,1,0.1,0.1,0.0005,0.0005,20,100,8,2,5,0.1,True,0.0,0.0,-0.005,0.02,0.05,0.01,0.0025,0.3,1,50,5,3,0.2,0.2,True
v8,fs020_vox025_mp50_ps8_pl2_if20,0.0474,0.1292,0.176,0.25,0.469,137,0.282,0.799,0,1,0.1,0.1,0.0005,0.0005,20,100,8,2,5,0.1,True,0.0,0.0,-0.005,0.02,0.05,0.01,0.0025,0.25,1,50,5,3,0.2,0.2,True
v8,fs020_vox040_mp100_ps8_pl2_if30,0.0494,0.1406,0.359,0.304,0.47,124,0.255,0.773,0,1,0.1,0.1,0.0005,0.0005,30,100,8,2,5,0.1,True,0.0,0.0,-0.005,0.02,0.05,0.01,0.0025,0.4,1,100,5,3,0.2,0.2,True
v8,fs020_vox030_mp100_ps8_pl2_if20,0.0495,0.1595,0.205,0.263,0.481,130,0.268,0.775,0,1,0.1,0.1,0.0005,0.0005,20,100,8,2,5,0.1,True,0.0,0.0,-0.005,0.02,0.05,0.01,0.0025,0.3,1,100,5,3,0.2,0.2,True
v8,fs018_vox040_mp100_ps4_pl2_if30,0.0518,0.1543,0.325,0.255,0.502,123,0.25,0.737,0,1,0.1,0.1,0.0005,0.0005,30,100,4,2,5,0.1,True,0.0,0.0,-0.005,0.02,0.05,0.01,0.0025,0.4,1,100,5,3,0.18,0.2,True
v8,fs015_vox040_mp50_ps8_pl2_if20,0.0533,0.1811,0.534,0.599,0.271,111,0.226,0.568,0,1,0.1,0.1,0.0005,0.0005,20,100,8,2,5,0.1,True,0.0,0.0,-0.005,0.02,0.05,0.01,0.0025,0.4,1,50,5,3,0.15,0.2,True
v8,fs018_vox040_mp100_ps8_pl2_if20,0.0533,0.1522,0.386,0.32,0.544,138,0.282,0.81,0,1,0.1,0.1,0.0005,0.0005,20,100,8,2,5,0.1,True,0.0,0.0,-0.005,0.02,0.05,0.01,0.0025,0.4,1,100,5,3,0.18,0.2,True
v8,fs020_vox025_mp100_ps4_pl2_if30,0.0546,0.1542,0.32,0.311,0.562,130,0.264,0.775,0,1,0.1,0.1,0.0005,0.0005,30,100,4,2,5,0.1,True,0.0,0.0,-0.005,0.02,0.05,0.01,0.0025,0.25,1,100,5,3,0.2,0.2,True
v8,fs020_vox025_mp50_ps8_pl2_if50,0.0548,0.1551,0.409,0.258,0.373,147,0.299,0.92,0,1,0.1,0.1,0.0005,0.0005,50,100,8,2,5,0.1,True,0.0,0.0,-0.005,0.02,0.05,0.01,0.0025,0.25,1,50,5,3,0.2,0.2,True
v8,fs018_vox040_mp50_ps8_pl2_if50,0.0579,0.2015,0.546,0.682,0.669,137,0.279,0.829,0,1,0.1,0.1,0.0005,0.0005,50,100,8,2,5,0.1,True,0.0,0.0,-0.005,0.02,0.05,0.01,0.0025,0.4,1,50,5,3,0.18,0.2,True
v8,fs020_vox040_mp100_ps8_pl2_if50,0.058,0.1664,0.579,0.243,0.349,127,0.258,0.787,0,1,0.1,0.1,0.0005,0.0005,50,100,8,2,5,0.1,True,0.0,0.0,-0.005,0.02,0.05,0.01,0.0025,0.4,1,100,5,3,0.2,0.2,True
v8,fs020_vox040_mp100_ps8_pl2_if20,0.0583,0.1664,0.582,0.281,0.348,127,0.262,0.787,0,1,0.1,0.1,0.0005,0.0005,20,100,8,2,5,0.1,True,0.0,0.0,-0.005,0.02,0.05,0.01,0.0025,0.4,1,100,5,3,0.2,0.2,True
v8,fs018_vox040_mp100_ps8_pl2_if30,0.0593,0.1391,0.563,0.85,0.49,137,0.277,0.851,0,1,0.1,0.1,0.0005,0.0005,30,100,8,2,5,0.1,True,0.0,0.0,-0.005,0.02,0.05,0.01,0.0025,0.4,1,100,5,3,0.18,0.2,True
v8,fs020_vox040_mp50_ps8_pl2_if50,0.0617,0.1951,0.618,0.208,0.485,133,0.272,0.789,0,1,0.1,0.1,0.0005,0.0005,50,100,8,2,5,0.1,True,0.0,0.0,-0.005,0.02,0.05,0.01,0.0025,0.4,1,50,5,3,0.2,0.2,True
v8,fs020_vox025_mp50_ps8_pl2_if30,0.0623,0.1607,0.503,0.206,0.445,136,0.276,0.799,0,1,0.1,0.1,0.0005,0.0005,30,100,8,2,5,0.1,True,0.0,0.0,-0.005,0.02,0.05,0.01,0.0025,0.25,1,50,5,3,0.2,0.2,True
v8,fs020_vox030_mp100_ps4_pl2_if50,0.0636,0.203,0.701,0.961,0.274,112,0.229,0.585,0,1,0.1,0.1,0.0005,0.0005,50,100,4,2,5,0.1,True,0.0,0.0,-0.005,0.02,0.05,0.01,0.0025,0.3,1,100,5,3,0.2,0.2,True
v8,fs018_vox040_mp100_ps4_pl2_if50,0.0653,0.1919,0.288,0.314,0.72,137,0.278,0.811,0,1,0.1,0.1,0.0005,0.0005,50,100,4,2,5,0.1,True,0.0,0.0,-0.005,0.02,0.05,0.01,0.0025,0.4,1,100,5,3,0.18,0.2,True
v8,fs020_vox030_mp50_ps8_pl2_if30,0.068,0.1942,0.482,0.858,0.504,132,0.273,0.806,0,1,0.1,0.1,0.0005,0.0005,30,100,8,2,5,0.1,True,0.0,0.0,-0.005,0.02,0.05,0.01,0.0025,0.3,1,50,5,3,0.2,0.2,True
v8,fs020_vox030_mp50_ps8_pl2_if50,0.0699,0.1894,0.488,0.807,0.298,121,0.25,0.764,0,1,0.1,0.1,0.0005,0.0005,50,100,8,2,5,0.1,True,0.0,0.0,-0.005,0.02,0.05,0.01,0.0025,0.3,1,50,5,3,0.2,0.2,True
v8,fs020_vox025_mp100_ps8_pl2_if30,0.0721,0.2137,0.475,0.258,0.658,137,0.277,0.799,0,1,0.1,0.1,0.0005,0.0005,30,100,8,2,5,0.1,True,0.0,0.0,-0.005,0.02,0.05,0.01,0.0025,0.25,1,100,5,3,0.2,0.2,True
v8,fs020_vox040_mp100_ps4_pl2_if30,0.0724,0.2202,0.472,0.31,0.728,131,0.273,0.78,0,1,0.1,0.1,0.0005,0.0005,30,100,4,2,5,0.1,True,0.0,0.0,-0.005,0.02,0.05,0.01,0.0025,0.4,1,100,5,3,0.2,0.2,True
v8,fs015_vox040_mp100_ps8_pl2_if20,0.0734,0.1969,0.5,0.329,0.658,147,0.299,0.898,0,1,0.1,0.1,0.0005,0.0005,20,100,8,2,5,0.1,True,0.0,0.0,-0.005,0.02,0.05,0.01,0.0025,0.4,1,100,5,3,0.15,0.2,True
v8,fs020_vox040_mp100_ps4_pl2_if50,0.0772,0.2295,0.571,0.792,0.713,131,0.27,0.802,0,1,0.1,0.1,0.0005,0.0005,50,100,4,2,5,0.1,True,0.0,0.0,-0.005,0.02,0.05,0.01,0.0025,0.4,1,100,5,3,0.2,0.2,True
v8,fs020_vox040_mp50_ps8_pl2_if20,0.0806,0.1825,0.668,0.906,0.593,135,0.282,0.892,0,1,0.1,0.1,0.0005,0.0005,20,100,8,2,5,0.1,True,0.0,0.0,-0.005,0.02,0.05,0.01,0.0025,0.4,1,50,5,3,0.2,0.2,True
v8,fs015_vox030_mp50_ps8_pl4_if30,0.0885,0.2393,1.251,0.847,1.207,457,0.949,5.035,1,1,0.1,0.1,0.0005,0.0005,30,100,8,4,5,0.1,True,0.0,0.0,-0.005,0.02,0.05,0.01,0.0025,0.3,1,50,5,3,0.15,0.2,True
v7,fs015_vox03_v100_be002_pf3_mp50_ga0,0.0933,0.2105,0.948,0.77,1.125,451,0.935,5.034,1,1,0.1,0.1,0.0005,0.0005,30,100,8,4,5,0.1,True,0.0,0.0,-0.005,0.02,0.02,0.01,0.0025,0.3,1,50,5,3,0.15,0.2,False
v7,fs025_vox05_v100_be002_pf3_mp100_ga1,0.0972,0.2707,0.918,0.64,1.18,458,0.934,5.037,1,1,0.1,0.1,0.0005,0.0005,30,100,8,4,5,0.1,True,0.0,0.0,-0.005,0.02,0.02,0.01,0.0025,0.5,1,100,5,3,0.25,0.2,True
v7,fs020_vox03_v100_be010_pf3_mp50_ga1,0.1005,0.2746,1.342,0.516,1.27,451,0.935,5.035,1,1,0.1,0.1,0.0005,0.0005,30,100,8,4,5,0.1,True,0.0,0.0,-0.005,0.02,0.1,0.01,0.0025,0.3,1,50,5,3,0.2,0.2,True
v7,fs020_vox03_v100_be005_pf3_mp100_ga0,0.1009,0.2843,0.838,1.024,1.123,457,0.934,5.034,1,1,0.1,0.1,0.0005,0.0005,30,100,8,4,5,0.1,True,0.0,0.0,-0.005,0.02,0.05,0.01,0.0025,0.3,1,100,5,3,0.2,0.2,False
v7,fs020_vox03_v100_be010_pf1_mp100_ga0,0.1024,0.2641,0.834,0.836,1.376,457,0.935,5.033,1,1,0.1,0.1,0.0005,0.0005,30,100,8,4,5,0.1,True,0.0,0.0,-0.005,0.02,0.1,0.01,0.0025,0.3,1,100,5,1,0.2,0.2,False
v8,fs015_vox025_mp50_ps8_pl4_if50,0.1024,0.2387,1.059,0.624,0.93,451,0.923,5.033,1,1,0.1,0.1,0.0005,0.0005,50,100,8,4,5,0.1,True,0.0,0.0,-0.005,0.02,0.05,0.01,0.0025,0.25,1,50,5,3,0.15,0.2,True
v8,fs020_vox030_mp100_ps8_pl4_if20,0.1035,0.3216,1.39,0.967,1.13,457,0.947,5.036,1,1,0.1,0.1,0.0005,0.0005,20,100,8,4,5,0.1,True,0.0,0.0,-0.005,0.02,0.05,0.01,0.0025,0.3,1,100,5,3,0.2,0.2,True
v8,fs015_vox025_mp100_ps8_pl4_if20,0.1055,0.2595,1.138,1.252,1.322,452,0.937,5.035,1,1,0.1,0.1,0.0005,0.0005,20,100,8,4,5,0.1,True,0.0,0.0,-0.005,0.02,0.05,0.01,0.0025,0.25,1,100,5,3,0.15,0.2,True
v7,fs015_vox05_v100_be002_pf3_mp100_ga1,0.1087,0.3016,1.186,0.637,1.082,457,0.932,5.034,1,1,0.1,0.1,0.0005,0.0005,30,100,8,4,5,0.1,True,0.0,0.0,-0.005,0.02,0.02,0.01,0.0025,0.5,1,100,5,3,0.15,0.2,True
v7,fs020_vox05_v100_be010_pf1_mp50_ga0,0.1104,0.5868,0.903,0.874,1.339,452,0.925,5.037,1,1,0.1,0.1,0.0005,0.0005,30,100,8,4,5,0.1,True,0.0,0.0,-0.005,0.02,0.1,0.01,0.0025,0.5,1,50,5,1,0.2,0.2,False
v7,fs015_vox03_v100_be005_pf3_mp50_ga1,0.1111,0.3934,1.393,1.756,7.455,451,0.92,5.031,1,1,0.1,0.1,0.0005,0.0005,30,100,8,4,5,0.1,True,0.0,0.0,-0.005,0.02,0.05,0.01,0.0025,0.3,1,50,5,3,0.15,0.2,True
v7,fs025_vox05_v100_be002_pf3_mp100_ga0,0.1129,0.2749,0.895,0.769,1.128,457,0.948,5.04,1,1,0.1,0.1,0.0005,0.0005,30,100,8,4,5,0.1,True,0.0,0.0,-0.005,0.02,0.02,0.01,0.0025,0.5,1,100,5,3,0.25,0.2,False
v7,fs025_vox05_v100_be005_pf3_mp50_ga1,0.1133,0.4103,0.694,0.559,0.979,451,0.922,5.034,1,1,0.1,0.1,0.0005,0.0005,30,100,8,4,5,0.1,True,0.0,0.0,-0.005,0.02,0.05,0.01,0.0025,0.5,1,50,5,3,0.25,0.2,True
v8,fs020_vox030_mp50_ps8_pl4_if20,0.1138,0.3002,0.997,0.496,1.028,458,0.925,5.038,1,1,0.1,0.1,0.0005,0.0005,20,100,8,4,5,0.1,True,0.0,0.0,-0.005,0.02,0.05,0.01,0.0025,0.3,1,50,5,3,0.2,0.2,True
v7,fs015_vox03_v100_be002_pf3_mp100_ga0,0.1142,0.309,0.824,0.738,1.239,452,0.923,5.037,1,1,0.1,0.1,0.0005,0.0005,30,100,8,4,5,0.1,True,0.0,0.0,-0.005,0.02,0.02,0.01,0.0025,0.3,1,100,5,3,0.15,0.2,False
v7,fs015_vox03_v100_be002_pf1_mp100_ga1,0.1143,0.3761,1.267,1.266,1.153,451,0.935,5.038,1,1,0.1,0.1,0.0005,0.0005,30,100,8,4,5,0.1,True,0.0,0.0,-0.005,0.02,0.02,0.01,0.0025,0.3,1,100,5,1,0.15,0.2,True
v8,fs015_vox030_mp100_ps8_pl4_if30,0.1144,0.2701,1.347,0.888,1.218,457,0.935,5.036,1,1,0.1,0.1,0.0005,0.0005,30,100,8,4,5,0.1,True,0.0,0.0,-0.005,0.02,0.05,0.01,0.0025,0.3,1,100,5,3,0.15,0.2,True
v7,fs015_vox05_v100_be010_pf3_mp50_ga1,0.1147,0.3312,1.643,0.912,1.248,451,0.936,5.037,1,1,0.1,0.1,0.0005,0.0005,30,100,8,4,5,0.1,True,0.0,0.0,-0.005,0.02,0.1,0.01,0.0025,0.5,1,50,5,3,0.15,0.2,True
v7,fs020_vox05_v100_be002_pf3_mp50_ga1,0.1148,0.3841,1.292,0.588,1.124,457,0.935,5.032,1,1,0.1,0.1,0.0005,0.0005,30,100,8,4,5,0.1,True,0.0,0.0,-0.005,0.02,0.02,0.01,0.0025,0.5,1,50,5,3,0.2,0.2,True
v7,fs025_vox03_v100_be005_pf1_mp50_ga1,0.1151,0.3849,1.315,0.515,0.992,451,0.923,5.041,1,1,0.1,0.1,0.0005,0.0005,30,100,8,4,5,0.1,True,0.0,0.0,-0.005,0.02,0.05,0.01,0.0025,0.3,1,50,5,1,0.25,0.2,True
v6,imlo_v100_l005_d00_vox08_fs020_ml1,0.1156,0.3547,0.841,1.413,1.843,461,0.937,5.045,1,1,0.1,0.1,0.0005,0.0005,30,100,8,4,5,0.1,True,0.0,0.0,-0.005,0.02,0.05,0.0,0.0025,0.8,1,50,5,1,0.2,0.2,True
v7,fs020_vox03_v100_be002_pf1_mp100_ga0,0.1161,0.279,0.788,0.931,1.187,451,0.922,5.035,1,1,0.1,0.1,0.0005,0.0005,30,100,8,4,5,0.1,True,0.0,0.0,-0.005,0.02,0.02,0.01,0.0025,0.3,1,100,5,1,0.2,0.2,False
v7,fs020_vox03_v100_be002_pf1_mp50_ga0,0.1172,0.2783,1.087,0.865,1.272,458,0.933,5.038,1,1,0.1,0.1,0.0005,0.0005,30,100,8,4,5,0.1,True,0.0,0.0,-0.005,0.02,0.02,0.01,0.0025,0.3,1,50,5,1,0.2,0.2,False
v7,fs025_vox03_v100_be002_pf3_mp100_ga1,0.1175,0.297,0.86,0.709,1.077,451,0.923,5.035,1,1,0.1,0.1,0.0005,0.0005,30,100,8,4,5,0.1,True,0.0,0.0,-0.005,0.02,0.02,0.01,0.0025,0.3,1,100,5,3,0.25,0.2,True
v7,fs015_vox05_v100_be005_pf3_mp100_ga0,0.1184,0.4158,0.961,0.682,1.31,457,0.934,5.033,1,1,0.1,0.1,0.0005,0.0005,30,100,8,4,5,0.1,True,0.0,0.0,-0.005,0.02,0.05,0.01,0.0025,0.5,1,100,5,3,0.15,0.2,False
v7,fs020_vox03_v1000_be002_pf3_mp100_ga1,0.1206,0.2791,0.736,0.441,0.954,457,0.935,5.034,1,1,0.1,0.1,0.0005,0.0005,30,1000,8,4,5,0.1,True,0.0,0.0,-0.005,0.02,0.02,0.01,0.0025,0.3,1,100,5,3,0.2,0.2,True
v8,fs018_vox040_mp100_ps8_pl4_if50,0.1207,0.3196,1.331,0.764,1.098,461,0.937,5.035,1,1,0.1,0.1,0.0005,0.0005,50,100,8,4,5,0.1,True,0.0,0.0,-0.005,0.02,0.05,0.01,0.0025,0.4,1,100,5,3,0.18,0.2,True
v8,fs020_vox030_mp100_ps8_pl4_if30,0.1207,0.3588,1.407,1.015,1.117,457,0.923,5.037,1,1,0.1,0.1,0.0005,0.0005,30,100,8,4,5,0.1,True,0.0,0.0,-0.005,0.02,0.05,0.01,0.0025,0.3,1,100,5,3,0.2,0.2,True
v7,fs020_vox05_v100_be005_pf1_mp100_ga1,0.1209,0.3539,1.456,0.847,1.139,458,0.943,5.039,1,1,0.1,0.1,0.0005,0.0005,30,100,8,4,5,0.1,True,0.0,0.0,-0.005,0.02,0.05,0.01,0.0025,0.5,1,100,5,1,0.2,0.2,True
v7,fs025_vox03_v100_be005_pf3_mp50_ga1,0.1225,0.3056,1.057,0.557,1.011,457,0.935,5.033,1,1,0.1,0.1,0.0005,0.0005,30,100,8,4,5,0.1,True,0.0,0.0,-0.005,0.02,0.05,0.01,0.0025,0.3,1,50,5,3,0.25,0.2,True
v7,fs020_vox05_v100_be005_pf3_mp100_ga1,0.123,0.2995,1.495,1.014,1.178,451,0.936,5.037,1,1,0.1,0.1,0.0005,0.0005,30,100,8,4,5,0.1,True,0.0,0.0,-0.005,0.02,0.05,0.01,0.0025,0.5,1,100,5,3,0.2,0.2,True
v7,fs015_vox03_v100_be002_pf3_mp50_ga1,0.1232,0.3865,1.489,0.628,1.146,457,0.935,5.038,1,1,0.1,0.1,0.0005,0.0005,30,100,8,4,5,0.1,True,0.0,0.0,-0.005,0.02,0.02,0.01,0.0025,0.3,1,50,5,3,0.15,0.2,True
v7,fs020_vox03_v100_be010_pf1_mp100_ga1,0.1253,0.3588,1.444,0.636,1.014,457,0.935,5.037,1,1,0.1,0.1,0.0005,0.0005,30,100,8,4,5,0.1,True,0.0,0.0,-0.005,0.02,0.1,0.01,0.0025,0.3,1,100,5,1,0.2,0.2,True
v7,fs015_vox05_v100_be005_pf3_mp100_ga1,0.1258,0.5536,1.118,0.738,1.538,459,0.936,5.033,1,1,0.1,0.1,0.0005,0.0005,30,100,8,4,5,0.1,True,0.0,0.0,-0.005,0.02,0.05,0.01,0.0025,0.5,1,100,5,3,0.15,0.2,True
v8,fs018_vox040_mp50_ps8_pl4_if50,0.1269,0.3879,1.152,0.96,1.265,457,0.935,5.035,1,1,0.1,0.1,0.0005,0.0005,50,100,8,4,5,0.1,True,0.0,0.0,-0.005,0.02,0.05,0.01,0.0025,0.4,1,50,5,3,0.18,0.2,True
v7,fs025_vox03_v100_be002_pf1_mp100_ga0,0.1271,0.419,0.672,0.562,1.118,457,0.935,5.038,1,1,0.1,0.1,0.0005,0.0005,30,100,8,4,5,0.1,True,0.0,0.0,-0.005,0.02,0.02,0.01,0.0025,0.3,1,100,5,1,0.25,0.2,False
v7,fs015_vox03_v100_be002_pf3_mp100_ga1,0.1278,0.3683,1.413,0.591,1.032,458,0.937,5.038,1,1,0.1,0.1,0.0005,0.0005,30,100,8,4,5,0.1,True,0.0,0.0,-0.005,0.02,0.02,0.01,0.0025,0.3,1,100,5,3,0.15,0.2,True
v7,fs020_vox05_v100_be010_pf3_mp100_ga1,0.1282,0.2798,1.217,1.08,1.232,452,0.938,5.036,1,1,0.1,0.1,0.0005,0.0005,30,100,8,4,5,0.1,True,0.0,0.0,-0.005,0.02,0.1,0.01,0.0025,0.5,1,100,5,3,0.2,0.2,True
v7,fs020_vox03_v100_be002_pf1_mp100_ga1,0.1286,0.3616,1.271,1.059,1.077,451,0.936,5.042,1,1,0.1,0.1,0.0005,0.0005,30,100,8,4,5,0.1,True,0.0,0.0,-0.005,0.02,0.02,0.01,0.0025,0.3,1,100,5,1,0.2,0.2,True
v8,fs018_vox025_mp100_ps8_pl4_if50,0.1291,0.301,1.122,0.784,1.193,457,0.935,5.034,1,1,0.1,0.1,0.0005,0.0005,50,100,8,4,5,0.1,True,0.0,0.0,-0.005,0.02,0.05,0.01,0.0025,0.25,1,100,5,3,0.18,0.2,True
v6,imlo_v100_l010_d01_vox03_fs020_ml3,0.1305,0.3183,1.185,0.883,1.953,457,0.936,5.03,1,1,0.1,0.1,0.0005,0.0005,30,100,8,4,5,0.1,True,0.0,0.0,-0.01,0.02,0.05,0.01,0.0025,0.3,3,50,5,1,0.2,0.2,True
v7,fs020_vox03_v100_be002_pf3_mp100_ga1,0.1305,0.3105,1.336,1.616,7.493,451,0.936,5.036,1,1,0.1,0.1,0.0005,0.0005,30,100,8,4,5,0.1,True,0.0,0.0,-0.005,0.02,0.02,0.01,0.0025,0.3,1,100,5,3,0.2,0.2,True
v8,fs018_vox025_mp100_ps8_pl4_if20,0.131,0.4135,1.057,0.669,1.086,451,0.923,5.035,1,1,0.1,0.1,0.0005,0.0005,20,100,8,4,5,0.1,True,0.0,0.0,-0.005,0.02,0.05,0.01,0.0025,0.25,1,100,5,3,0.18,0.2,True
v7,fs020_vox03_v100_be005_pf3_mp50_ga0,0.1313,0.3085,1.097,1.034,1.918,458,0.936,5.04,1,1,0.1,0.1,0.0005,0.0005,30,100,8,4,5,0.1,True,0.0,0.0,-0.005,0.02,0.05,0.01,0.0025,0.3,1,50,5,3,0.2,0.2,False
v7,fs025_vox03_v100_be005_pf1_mp100_ga1,0.1321,0.4187,1.146,0.678,1.284,457,0.935,5.041,1,1,0.1,0.1,0.0005,0.0005,30,100,8,4,5,0.1,True,0.0,0.0,-0.005,0.02,0.05,0.01,0.0025,0.3,1,100,5,1,0.25,0.2,True
v8,fs020_vox040_mp100_ps8_pl4_if50,0.1341,0.3969,1.045,1.134,1.25,457,0.935,5.034,1,1,0.1,0.1,0.0005,0.0005,50,100,8,4,5,0.1,True,0.0,0.0,-0.005,0.02,0.05,0.01,0.0025,0.4,1,100,5,3,0.2,0.2,True
v7,fs025_vox05_v100_be002_pf1_mp50_ga1,0.1348,0.3871,0.978,1.301,1.36,457,0.948,5.037,1,1,0.1,0.1,0.0005,0.0005,30,100,8,4,5,0.1,True,0.0,0.0,-0.005,0.02,0.02,0.01,0.0025,0.5,1,50,5,1,0.25,0.2,True
v8,fs020_vox030_mp50_ps8_pl4_if50,0.1355,0.3321,1.626,0.818,1.231,457,0.945,5.04,1,1,0.1,0.1,0.0005,0.0005,50,100,8,4,5,0.1,True,0.0,0.0,-0.005,0.02,0.05,0.01,0.0025,0.3,1,50,5,3,0.2,0.2,True
v7,fs020_vox05_v100_be002_pf3_mp100_ga1,0.1361,0.4607,1.3,0.758,1.306,458,0.945,5.042,1,1,0.1,0.1,0.0005,0.0005,30,100,8,4,5,0.1,True,0.0,0.0,-0.005,0.02,0.02,0.01,0.0025,0.5,1,100,5,3,0.2,0.2,True
v8,fs018_vox040_mp50_ps8_pl4_if30,0.1366,0.3548,1.244,1.092,1.561,451,0.923,5.033,1,1,0.1,0.1,0.0005,0.0005,30,100,8,4,5,0.1,True,0.0,0.0,-0.005,0.02,0.05,0.01,0.0025,0.4,1,50,5,3,0.18,0.2,True
v8,fs015_vox040_mp100_ps8_pl4_if50,0.1377,0.3861,1.004,1.026,1.062,457,0.935,5.039,1,1,0.1,0.1,0.0005,0.0005,50,100,8,4,5,0.1,True,0.0,0.0,-0.005,0.02,0.05,0.01,0.0025,0.4,1,100,5,3,0.15,0.2,True
v7,fs020_vox03_v100_be005_pf3_mp100_ga1,0.1381,0.4965,1.174,0.589,1.255,457,0.935,5.034,1,1,0.1,0.1,0.0005,0.0005,30,100,8,4,5,0.1,True,0.0,0.0,-0.005,0.02,0.05,0.01,0.0025,0.3,1,100,5,3,0.2,0.2,True
v8,fs018_vox030_mp100_ps8_pl4_if20,0.1401,0.6537,1.654,0.814,1.325,457,0.934,5.041,1,1,0.1,0.1,0.0005,0.0005,20,100,8,4,5,0.1,True,0.0,0.0,-0.005,0.02,0.05,0.01,0.0025,0.3,1,100,5,3,0.18,0.2,True
v7,fs015_vox05_v100_be005_pf3_mp50_ga1,0.1402,0.4812,1.49,1.031,1.083,459,0.934,5.037,1,1,0.1,0.1,0.0005,0.0005,30,100,8,4,5,0.1,True,0.0,0.0,-0.005,0.02,0.05,0.01,0.0025,0.5,1,50,5,3,0.15,0.2,True
v7,fs015_vox03_v100_be005_pf3_mp100_ga1,0.1408,0.4025,1.545,1.603,5.389,461,0.951,5.031,1,1,0.1,0.1,0.0005,0.0005,30,100,8,4,5,0.1,True,0.0,0.0,-0.005,0.02,0.05,0.01,0.0025,0.3,1,100,5,3,0.15,0.2,True
v7,fs020_vox03_v1000_be002_pf3_mp100_ga0,0.1409,0.3541,1.081,0.486,1.122,451,0.936,5.035,1,1,0.1,0.1,0.0005,0.0005,30,1000,8,4,5,0.1,True,0.0,0.0,-0.005,0.02,0.02,0.01,0.0025,0.3,1,100,5,3,0.2,0.2,False
v7,fs015_vox03_v100_be005_pf3_mp50_ga0,0.1417,0.3365,1.046,1.552,5.874,461,0.938,5.034,1,1,0.1,0.1,0.0005,0.0005,30,100,8,4,5,0.1,True,0.0,0.0,-0.005,0.02,0.05,0.01,0.0025,0.3,1,50,5,3,0.15,0.2,False
v8,fs015_vox025_mp100_ps8_pl4_if30,0.1418,0.5723,1.189,0.608,1.313,458,0.935,5.034,1,1,0.1,0.1,0.0005,0.0005,30,100,8,4,5,0.1,True,0.0,0.0,-0.005,0.02,0.05,0.01,0.0025,0.25,1,100,5,3,0.15,0.2,True
v7,fs015_vox03_v1000_be010_pf3_mp100_ga0,0.1419,0.2931,0.86,0.544,1.276,451,0.923,5.037,1,1,0.1,0.1,0.0005,0.0005,30,1000,8,4,5,0.1,True,0.0,0.0,-0.005,0.02,0.1,0.01,0.0025,0.3,1,100,5,3,0.15,0.2,False
v6,imlo_v100_l005_d01_vox08_fs020_ml1,0.1427,0.4332,1.553,1.467,9.568,453,0.937,5.031,1,1,0.1,0.1,0.0005,0.0005,30,100,8,4,5,0.1,True,0.0,0.0,-0.005,0.02,0.05,0.01,0.0025,0.8,1,50,5,1,0.2,0.2,True
v7,fs015_vox05_v100_be010_pf3_mp100_ga1,0.1429,0.4334,1.204,1.405,1.578,459,0.949,5.034,1,1,0.1,0.1,0.0005,0.0005,30,100,8,4,5,0.1,True,0.0,0.0,-0.005,0.02,0.1,0.01,0.0025,0.5,1,100,5,3,0.15,0.2,True
v8,fs018_vox030_mp50_ps8_pl4_if50,0.1432,0.3334,1.178,0.639,1.081,457,0.936,5.036,1,1,0.1,0.1,0.0005,0.0005,50,100,8,4,5,0.1,True,0.0,0.0,-0.005,0.02,0.05,0.01,0.0025,0.3,1,50,5,3,0.18,0.2,True
v8,fs015_vox030_mp100_ps8_pl4_if50,0.1442,0.3708,1.325,0.996,1.123,457,0.935,5.034,1,1,0.1,0.1,0.0005,0.0005,50,100,8,4,5,0.1,True,0.0,0.0,-0.005,0.02,0.05,0.01,0.0025,0.3,1,100,5,3,0.15,0.2,True
v8,fs020_vox040_mp100_ps8_pl4_if30,0.1442,0.3814,1.28,0.736,1.127,457,0.947,5.033,1,1,0.1,0.1,0.0005,0.0005,30,100,8,4,5,0.1,True,0.0,0.0,-0.005,0.02,0.05,0.01,0.0025,0.4,1,100,5,3,0.2,0.2,True
v7,fs015_vox05_v100_be002_pf1_mp100_ga1,0.1445,0.424,1.809,1.474,3.04,458,0.948,5.032,1,1,0.1,0.1,0.0005,0.0005,30,100,8,4,5,0.1,True,0.0,0.0,-0.005,0.02,0.02,0.01,0.0025,0.5,1,100,5,1,0.15,0.2,True
v7,fs020_vox03_v100_be010_pf3_mp50_ga0,0.1447,0.4562,0.892,0.815,1.485,458,0.935,5.034,1,1,0.1,0.1,0.0005,0.0005,30,100,8,4,5,0.1,True,0.0,0.0,-0.005,0.02,0.1,0.01,0.0025,0.3,1,50,5,3,0.2,0.2,False
v6,imlo_v100_l005_d00_vox05_fs020_ml3,0.1454,0.4566,1.235,0.587,1.287,459,0.937,5.034,1,1,0.1,0.1,0.0005,0.0005,30,100,8,4,5,0.1,True,0.0,0.0,-0.005,0.02,0.05,0.0,0.0025,0.5,3,50,5,1,0.2,0.2,True
v7,fs015_vox05_v100_be005_pf3_mp50_ga0,0.1458,0.4419,0.728,0.766,1.141,457,0.935,5.039,1,1,0.1,0.1,0.0005,0.0005,30,100,8,4,5,0.1,True,0.0,0.0,-0.005,0.02,0.05,0.01,0.0025,0.5,1,50,5,3,0.15,0.2,False
v6,imlo_v100_l010_d00_vox03_fs020_ml2,0.1462,0.4909,1.442,0.664,1.645,459,0.95,5.032,1,1,0.1,0.1,0.0005,0.0005,30,100,8,4,5,0.1,True,0.0,0.0,-0.01,0.02,0.05,0.0,0.0025,0.3,2,50,5,1,0.2,0.2,True
v7,fs020_vox03_v100_be002_pf1_mp50_ga1,0.1463,0.4886,1.401,0.814,1.702,451,0.935,5.038,1,1,0.1,0.1,0.0005,0.0005,30,100,8,4,5,0.1,True,0.0,0.0,-0.005,0.02,0.02,0.01,0.0025,0.3,1,50,5,1,0.2,0.2,True
v8,fs015_vox040_mp50_ps8_pl4_if30,0.1472,0.5029,1.433,0.628,1.251,450,0.921,5.035,1,1,0.1,0.1,0.0005,0.0005,30,100,8,4,5,0.1,True,0.0,0.0,-0.005,0.02,0.05,0.01,0.0025,0.4,1,50,5,3,0.15,0.2,True
v6,imlo_v1000_l010_d01_vox03_fs020_ml2,0.1474,0.2977,0.993,0.501,3.734,452,0.926,5.033,1,1,0.1,0.1,0.0005,0.0005,30,1000,8,4,5,0.1,True,0.0,0.0,-0.01,0.02,0.05,0.01,0.0025,0.3,2,50,5,1,0.2,0.2,True
v7,fs020_vox05_v100_be002_pf1_mp50_ga1,0.1476,0.4644,1.74,0.87,1.079,453,0.933,5.034,1,1,0.1,0.1,0.0005,0.0005,30,100,8,4,5,0.1,True,0.0,0.0,-0.005,0.02,0.02,0.01,0.0025,0.5,1,50,5,1,0.2,0.2,True
v7,fs020_vox03_v1000_be002_pf3_mp50_ga0,0.1489,0.3416,0.662,0.536,1.258,457,0.948,5.034,1,1,0.1,0.1,0.0005,0.0005,30,1000,8,4,5,0.1,True,0.0,0.0,-0.005,0.02,0.02,0.01,0.0025,0.3,1,50,5,3,0.2,0.2,False
v6,imlo_v100_l005_d01_vox03_fs020_ml3,0.1491,0.3303,1.611,1.16,10.228,458,0.937,5.033,1,1,0.1,0.1,0.0005,0.0005,30,100,8,4,5,0.1,True,0.0,0.0,-0.005,0.02,0.05,0.01,0.0025,0.3,3,50,5,1,0.2,0.2,True
v6,imlo_v100_l010_d00_vox03_fs020_ml1,0.1494,0.5598,1.525,1.264,6.274,459,0.937,5.033,1,1,0.1,0.1,0.0005,0.0005,30,100,8,4,5,0.1,True,0.0,0.0,-0.01,0.02,0.05,0.0,0.0025,0.3,1,50,5,1,0.2,0.2,True
v8,fs018_vox030_mp50_ps4_pl4_if50,0.1495,0.4338,1.092,0.775,1.5,451,0.923,5.034,1,1,0.1,0.1,0.0005,0.0005,50,100,4,4,5,0.1,True,0.0,0.0,-0.005,0.02,0.05,0.01,0.0025,0.3,1,50,5,3,0.18,0.2,True
v6,imlo_v100_l005_d00_vox03_fs020_ml3,0.1499,0.4265,1.37,1.083,2.439,453,0.923,5.038,1,1,0.1,0.1,0.0005,0.0005,30,100,8,4,5,0.1,True,0.0,0.0,-0.005,0.02,0.05,0.0,0.0025,0.3,3,50,5,1,0.2,0.2,True
v7,fs020_vox05_v100_be010_pf1_mp100_ga0,0.1501,0.3654,1.091,0.682,1.256,457,0.948,5.038,1,1,0.1,0.1,0.0005,0.0005,30,100,8,4,5,0.1,True,0.0,0.0,-0.005,0.02,0.1,0.01,0.0025,0.5,1,100,5,1,0.2,0.2,False
v7,fs025_vox03_v100_be010_pf3_mp50_ga1,0.1511,0.3994,1.492,0.548,1.198,458,0.937,5.048,1,1,0.1,0.1,0.0005,0.0005,30,100,8,4,5,0.1,True,0.0,0.0,-0.005,0.02,0.1,0.01,0.0025,0.3,1,50,5,3,0.25,0.2,True
v7,fs020_vox05_v100_be002_pf1_mp100_ga1,0.1515,0.4353,1.483,1.307,1.504,452,0.938,5.042,1,1,0.1,0.1,0.0005,0.0005,30,100,8,4,5,0.1,True,0.0,0.0,-0.005,0.02,0.02,0.01,0.0025,0.5,1,100,5,1,0.2,0.2,True
v8,fs018_vox030_mp100_ps4_pl4_if20,0.1515,0.3722,0.908,0.713,0.988,457,0.934,5.037,1,1,0.1,0.1,0.0005,0.0005,20,100,4,4,5,0.1,True,0.0,0.0,-0.005,0.02,0.05,0.01,0.0025,0.3,1,100,5,3,0.18,0.2,True
v7,fs020_vox03_v1000_be005_pf3_mp100_ga0,0.1519,0.3073,0.592,0.55,1.29,457,0.936,5.043,1,1,0.1,0.1,0.0005,0.0005,30,1000,8,4,5,0.1,True,0.0,0.0,-0.005,0.02,0.05,0.01,0.0025,0.3,1,100,5,3,0.2,0.2,False
v7,fs020_vox05_v100_be005_pf1_mp50_ga0,0.1522,0.3399,1.173,0.6,1.083,458,0.937,5.041,1,1,0.1,0.1,0.0005,0.0005,30,100,8,4,5,0.1,True,0.0,0.0,-0.005,0.02,0.05,0.01,0.0025,0.5,1,50,5,1,0.2,0.2,False
v7,fs025_vox05_v1000_be010_pf1_mp100_ga0,0.1522,0.3599,0.862,0.578,1.252,452,0.938,5.032,1,1,0.1,0.1,0.0005,0.0005,30,1000,8,4,5,0.1,True,0.0,0.0,-0.005,0.02,0.1,0.01,0.0025,0.5,1,100,5,1,0.25,0.2,False
v8,fs015_vox040_mp100_ps8_pl4_if30,0.1524,0.4053,1.609,0.581,1.174,452,0.926,5.036,1,1,0.1,0.1,0.0005,0.0005,30,100,8,4,5,0.1,True,0.0,0.0,-0.005,0.02,0.05,0.01,0.0025,0.4,1,100,5,3,0.15,0.2,True
v7,fs025_vox03_v100_be002_pf1_mp50_ga1,0.1526,0.4911,1.494,0.52,1.281,451,0.937,5.04,1,1,0.1,0.1,0.0005,0.0005,30,100,8,4,5,0.1,True,0.0,0.0,-0.005,0.02,0.02,0.01,0.0025,0.3,1,50,5,1,0.25,0.2,True
v7,fs015_vox05_v100_be010_pf1_mp50_ga1,0.1538,0.5287,1.647,0.748,1.126,457,0.935,5.041,1,1,0.1,0.1,0.0005,0.0005,30,100,8,4,5,0.1,True,0.0,0.0,-0.005,0.02,0.1,0.01,0.0025,0.5,1,50,5,1,0.15,0.2,True
v8,fs015_vox030_mp100_ps8_pl4_if20,0.1538,0.4935,1.524,0.803,1.415,459,0.935,5.036,1,1,0.1,0.1,0.0005,0.0005,20,100,8,4,5,0.1,True,0.0,0.0,-0.005,0.02,0.05,0.01,0.0025,0.3,1,100,5,3,0.15,0.2,True
v8,fs015_vox040_mp50_ps8_pl4_if20,0.1542,0.529,1.82,0.682,1.412,451,0.923,5.037,1,1,0.1,0.1,0.0005,0.0005,20,100,8,4,5,0.1,True,0.0,0.0,-0.005,0.02,0.05,0.01,0.0025,0.4,1,50,5,3,0.15,0.2,True
v5,lo_v100_bhi_l010_d02,0.1543,0.4161,1.269,0.873,1.019,451,0.935,5.029,1,1,0.1,0.1,0.005,0.005,30,100,8,4,5,0.1,True,0.0,0.0,-0.01,0.02,0.05,0.02,0.0025,0.5,2,50,5,1,0.1,0.2,True
v7,fs015_vox05_v100_be010_pf3_mp100_ga0,0.1549,0.3311,0.725,0.761,1.109,451,0.921,5.035,1,1,0.1,0.1,0.0005,0.0005,30,100,8,4,5,0.1,True,0.0,0.0,-0.005,0.02,0.1,0.01,0.0025,0.5,1,100,5,3,0.15,0.2,False
v7,fs020_vox03_v1000_be005_pf1_mp50_ga0,0.1553,0.4035,0.64,0.489,1.467,458,0.935,5.036,1,1,0.1,0.1,0.0005,0.0005,30,1000,8,4,5,0.1,True,0.0,0.0,-0.005,0.02,0.05,0.01,0.0025,0.3,1,50,5,1,0.2,0.2,False
v7,fs020_vox05_v100_be005_pf1_mp100_ga0,0.1554,0.4427,0.7,0.501,1.183,457,0.935,5.039,1,1,0.1,0.1,0.0005,0.0005,30,100,8,4,5,0.1,True,0.0,0.0,-0.005,0.02,0.05,0.01,0.0025,0.5,1,100,5,1,0.2,0.2,False
v8,fs015_vox025_mp50_ps8_pl4_if30,0.1554,0.5333,1.109,0.845,1.595,457,0.935,5.038,1,1,0.1,0.1,0.0005,0.0005,30,100,8,4,5,0.1,True,0.0,0.0,-0.005,0.02,0.05,0.01,0.0025,0.25,1,50,5,3,0.15,0.2,True
v7,fs015_vox05_v100_be005_pf1_mp100_ga0,0.1559,0.3377,0.994,0.907,1.516,459,0.937,5.037,1,1,0.1,0.1,0.0005,0.0005,30,100,8,4,5,0.1,True,0.0,0.0,-0.005,0.02,0.05,0.01,0.0025,0.5,1,100,5,1,0.15,0.2,False
v7,fs020_vox03_v1000_be010_pf1_mp50_ga1,0.1567,0.3421,1.13,0.368,1.248,457,0.935,5.044,1,1,0.1,0.1,0.0005,0.0005,30,1000,8,4,5,0.1,True,0.0,0.0,-0.005,0.02,0.1,0.01,0.0025,0.3,1,50,5,1,0.2,0.2,True
v7,fs020_vox03_v1000_be010_pf3_mp100_ga0,0.1573,0.3322,0.77,0.491,1.279,451,0.936,5.04,1,1,0.1,0.1,0.0005,0.0005,30,1000,8,4,5,0.1,True,0.0,0.0,-0.005,0.02,0.1,0.01,0.0025,0.3,1,100,5,3,0.2,0.2,False
v7,fs015_vox03_v1000_be010_pf3_mp100_ga1,0.1586,0.3718,1.07,0.545,1.144,451,0.923,5.036,1,1,0.1,0.1,0.0005,0.0005,30,1000,8,4,5,0.1,True,0.0,0.0,-0.005,0.02,0.1,0.01,0.0025,0.3,1,100,5,3,0.15,0.2,True
v8,fs020_vox025_mp100_ps8_pl4_if50,0.1589,0.3242,1.106,0.564,1.005,450,0.921,5.045,1,1,0.1,0.1,0.0005,0.0005,50,100,8,4,5,0.1,True,0.0,0.0,-0.005,0.02,0.05,0.01,0.0025,0.25,1,100,5,3,0.2,0.2,True
v7,fs025_vox03_v1000_be005_pf3_mp50_ga0,0.1591,0.3805,0.825,0.7,1.548,450,0.922,5.038,1,1,0.1,0.1,0.0005,0.0005,30,1000,8,4,5,0.1,True,0.0,0.0,-0.005,0.02,0.05,0.01,0.0025,0.3,1,50,5,3,0.25,0.2,False
v7,fs025_vox05_v100_be010_pf3_mp100_ga1,0.1607,0.413,0.941,0.904,1.522,451,0.922,5.034,1,1,0.1,0.1,0.0005,0.0005,30,100,8,4,5,0.1,True,0.0,0.0,-0.005,0.02,0.1,0.01,0.0025,0.5,1,100,5,3,0.25,0.2,True
v6,imlo_v100_l010_d01_vox05_fs020_ml1,0.1613,0.443,1.52,1.142,1.256,457,0.935,5.039,1,1,0.1,0.1,0.0005,0.0005,30,100,8,4,5,0.1,True,0.0,0.0,-0.01,0.02,0.05,0.01,0.0025,0.5,1,50,5,1,0.2,0.2,True
v6,imlo_v100_l010_d00_vox08_fs020_ml1,0.1619,0.5876,1.502,0.826,1.268,458,0.937,5.034,1,1,0.1,0.1,0.0005,0.0005,30,100,8,4,5,0.1,True,0.0,0.0,-0.01,0.02,0.05,0.0,0.0025,0.8,1,50,5,1,0.2,0.2,True
v6,imlo_v1000_l005_d01_vox03_fs020_ml1,0.1624,0.3605,0.946,0.634,5.788,458,0.937,5.045,1,1,0.1,0.1,0.0005,0.0005,30,1000,8,4,5,0.1,True,0.0,0.0,-0.005,0.02,0.05,0.01,0.0025,0.3,1,50,5,1,0.2,0.2,True
v7,fs015_vox05_v100_be010_pf3_mp50_ga0,0.1625,0.3948,1.089,0.75,1.141,459,0.936,5.035,1,1,0.1,0.1,0.0005,0.0005,30,100,8,4,5,0.1,True,0.0,0.0,-0.005,0.02,0.1,0.01,0.0025,0.5,1,50,5,3,0.15,0.2,False
v7,fs020_vox05_v1000_be010_pf3_mp100_ga1,0.1625,0.386,0.588,0.542,1.567,451,0.935,5.036,1,1,0.1,0.1,0.0005,0.0005,30,1000,8,4,5,0.1,True,0.0,0.0,-0.005,0.02,0.1,0.01,0.0025,0.5,1,100,5,3,0.2,0.2,True
v7,fs020_vox05_v100_be002_pf3_mp100_ga0,0.1625,0.3203,0.927,0.799,1.2,459,0.937,5.035,1,1,0.1,0.1,0.0005,0.0005,30,100,8,4,5,0.1,True,0.0,0.0,-0.005,0.02,0.02,0.01,0.0025,0.5,1,100,5,3,0.2,0.2,False
v7,fs020_vox03_v1000_be002_pf1_mp50_ga1,0.1636,0.354,1.097,0.448,1.059,457,0.948,5.035,1,1,0.1,0.1,0.0005,0.0005,30,1000,8,4,5,0.1,True,0.0,0.0,-0.005,0.02,0.02,0.01,0.0025,0.3,1,50,5,1,0.2,0.2,True
v8,fs015_vox025_mp100_ps8_pl4_if50,0.1642,0.5977,1.205,0.803,1.664,457,0.935,5.036,1,1,0.1,0.1,0.0005,0.0005,50,100,8,4,5,0.1,True,0.0,0.0,-0.005,0.02,0.05,0.01,0.0025,0.25,1,100,5,3,0.15,0.2,True
v8,fs015_vox030_mp50_ps8_pl4_if50,0.1647,0.5805,1.174,0.531,1.345,451,0.935,5.035,1,1,0.1,0.1,0.0005,0.0005,50,100,8,4,5,0.1,True,0.0,0.0,-0.005,0.02,0.05,0.01,0.0025,0.3,1,50,5,3,0.15,0.2,True
v6,imlo_v100_l010_d01_vox08_fs020_ml3,0.1658,0.5063,1.602,0.685,2.472,452,0.936,5.036,1,1,0.1,0.1,0.0005,0.0005,30,100,8,4,5,0.1,True,0.0,0.0,-0.01,0.02,0.05,0.01,0.0025,0.8,3,50,5,1,0.2,0.2,True
v7,fs025_vox05_v100_be010_pf3_mp50_ga1,0.1664,0.4751,1.76,0.934,1.065,457,0.945,5.036,1,1,0.1,0.1,0.0005,0.0005,30,100,8,4,5,0.1,True,0.0,0.0,-0.005,0.02,0.1,0.01,0.0025,0.5,1,50,5,3,0.25,0.2,True
v6,imlo_v1000_l005_d01_vox03_fs020_ml2,0.1668,0.3896,1.064,0.711,3.276,453,0.938,5.03,1,1,0.1,0.1,0.0005,0.0005,30,1000,8,4,5,0.1,True,0.0,0.0,-0.005,0.02,0.05,0.01,0.0025,0.3,2,50,5,1,0.2,0.2,True
v8,fs015_vox040_mp50_ps8_pl4_if50,0.1668,0.5186,1.487,0.545,1.336,457,0.935,5.039,1,1,0.1,0.1,0.0005,0.0005,50,100,8,4,5,0.1,True,0.0,0.0,-0.005,0.02,0.05,0.01,0.0025,0.4,1,50,5,3,0.15,0.2,True
v7,fs015_vox05_v1000_be005_pf3_mp100_ga1,0.1678,0.3254,1.209,0.53,1.359,460,0.937,5.031,1,1,0.1,0.1,0.0005,0.0005,30,1000,8,4,5,0.1,True,0.0,0.0,-0.005,0.02,0.05,0.01,0.0025,0.5,1,100,5,3,0.15,0.2,True
v6,imlo_v100_l005_d01_vox05_fs020_ml1,0.1679,0.5267,1.688,2.336,5.717,459,0.937,5.042,1,1,0.1,0.1,0.0005,0.0005,30,100,8,4,5,0.1,True,0.0,0.0,-0.005,0.02,0.05,0.01,0.0025,0.5,1,50,5,1,0.2,0.2,True
v7,fs020_vox03_v1000_be002_pf1_mp100_ga1,0.1683,0.3663,1.263,0.456,1.131,451,0.936,5.037,1,1,0.1,0.1,0.0005,0.0005,30,1000,8,4,5,0.1,True,0.0,0.0,-0.005,0.02,0.02,0.01,0.0025,0.3,1,100,5,1,0.2,0.2,True
v6,imlo_v100_l005_d00_vox08_fs020_ml2,0.1688,0.4851,1.37,1.891,9.73,461,0.938,5.045,1,1,0.1,0.1,0.0005,0.0005,30,100,8,4,5,0.1,True,0.0,0.0,-0.005,0.02,0.05,0.0,0.0025,0.8,2,50,5,1,0.2,0.2,True
v5,mid_v100_bmid_l005_d03,0.1696,0.5605,2.161,1.282,1.67,458,0.936,5.037,1,1,0.5,0.3,0.001,0.001,30,100,8,4,5,0.1,True,0.0,0.0,-0.005,0.02,0.05,0.03,0.0025,0.5,2,50,5,1,0.1,0.2,True
v7,fs020_vox03_v1000_be005_pf3_mp50_ga0,0.1714,0.3487,0.575,0.545,1.404,457,0.935,5.035,1,1,0.1,0.1,0.0005,0.0005,30,1000,8,4,5,0.1,True,0.0,0.0,-0.005,0.02,0.05,0.01,0.0025,0.3,1,50,5,3,0.2,0.2,False
v5,hi_v1000_bhi_l005_d02,0.1723,0.4422,1.685,0.836,2.235,453,0.936,5.035,1,1,1.5,1.0,0.005,0.005,30,1000,8,4,5,0.1,True,0.0,0.0,-0.005,0.02,0.05,0.02,0.0025,0.5,2,50,5,1,0.1,0.2,True
v7,fs020_vox05_v1000_be010_pf1_mp100_ga0,0.1726,0.3953,0.949,0.539,1.358,457,0.935,5.041,1,1,0.1,0.1,0.0005,0.0005,30,1000,8,4,5,0.1,True,0.0,0.0,-0.005,0.02,0.1,0.01,0.0025,0.5,1,100,5,1,0.2,0.2,False
v7,fs020_vox03_v1000_be005_pf1_mp100_ga1,0.173,0.4157,1.039,0.48,1.236,457,0.949,5.033,1,1,0.1,0.1,0.0005,0.0005,30,1000,8,4,5,0.1,True,0.0,0.0,-0.005,0.02,0.05,0.01,0.0025,0.3,1,100,5,1,0.2,0.2,True
v6,imlo_v100_l005_d01_vox08_fs020_ml2,0.1735,0.5365,0.937,1.108,2.894,451,0.935,5.047,1,1,0.1,0.1,0.0005,0.0005,30,100,8,4,5,0.1,True,0.0,0.0,-0.005,0.02,0.05,0.01,0.0025,0.8,2,50,5,1,0.2,0.2,True
v7,fs020_vox05_v100_be010_pf3_mp50_ga1,0.1737,0.3678,0.98,0.588,1.246,457,0.935,5.035,1,1,0.1,0.1,0.0005,0.0005,30,100,8,4,5,0.1,True,0.0,0.0,-0.005,0.02,0.1,0.01,0.0025,0.5,1,50,5,3,0.2,0.2,True
v7,fs020_vox03_v1000_be010_pf1_mp100_ga1,0.1745,0.3881,1.035,0.522,1.467,457,0.935,5.038,1,1,0.1,0.1,0.0005,0.0005,30,1000,8,4,5,0.1,True,0.0,0.0,-0.005,0.02,0.1,0.01,0.0025,0.3,1,100,5,1,0.2,0.2,True
v6,imlo_v1000_l005_d00_vox05_fs020_ml2,0.1748,0.3809,1.272,0.704,1.38,451,0.936,5.034,1,1,0.1,0.1,0.0005,0.0005,30,1000,8,4,5,0.1,True,0.0,0.0,-0.005,0.02,0.05,0.0,0.0025,0.5,2,50,5,1,0.2,0.2,True
v5,hi_v1000_blo_l005_d02,0.175,0.4352,1.682,0.828,2.353,457,0.948,5.034,1,1,1.5,1.0,0.0005,0.0005,30,1000,8,4,5,0.1,True,0.0,0.0,-0.005,0.02,0.05,0.02,0.0025,0.5,2,50,5,1,0.1,0.2,True
v7,fs015_vox03_v1000_be010_pf3_mp50_ga1,0.176,0.3836,0.943,0.656,1.274,459,0.937,5.032,1,1,0.1,0.1,0.0005,0.0005,30,1000,8,4,5,0.1,True,0.0,0.0,-0.005,0.02,0.1,0.01,0.0025,0.3,1,50,5,3,0.15,0.2,True
v8,fs015_vox025_mp50_ps4_pl4_if20,0.1776,0.4762,1.656,1.014,1.569,452,0.926,5.034,1,1,0.1,0.1,0.0005,0.0005,20,100,4,4,5,0.1,True,0.0,0.0,-0.005,0.02,0.05,0.01,0.0025,0.25,1,50,5,3,0.15,0.2,True
v7,fs015_vox03_v1000_be010_pf3_mp50_ga0,0.178,0.3887,0.91,0.541,1.535,459,0.949,5.039,1,1,0.1,0.1,0.0005,0.0005,30,1000,8,4,5,0.1,True,0.0,0.0,-0.005,0.02,0.1,0.01,0.0025,0.3,1,50,5,3,0.15,0.2,False
v7,fs015_vox05_v100_be002_pf3_mp100_ga0,0.1782,0.4739,0.972,0.712,1.546,458,0.949,5.038,1,1,0.1,0.1,0.0005,0.0005,30,100,8,4,5,0.1,True,0.0,0.0,-0.005,0.02,0.02,0.01,0.0025,0.5,1,100,5,3,0.15,0.2,False
v6,imlo_v100_l005_d01_vox03_fs020_ml2,0.1785,0.5538,1.524,2.396,17.728,457,0.937,5.042,1,1,0.1,0.1,0.0005,0.0005,30,100,8,4,5,0.1,True,0.0,0.0,-0.005,0.02,0.05,0.01,0.0025,0.3,2,50,5,1,0.2,0.2,True
v7,fs025_vox05_v1000_be002_pf3_mp100_ga1,0.1788,0.368,0.861,0.506,1.69,457,0.948,5.045,1,1,0.1,0.1,0.0005,0.0005,30,1000,8,4,5,0.1,True,0.0,0.0,-0.005,0.02,0.02,0.01,0.0025,0.5,1,100,5,3,0.25,0.2,True
v7,fs020_vox03_v1000_be010_pf1_mp50_ga0,0.1789,0.371,0.969,0.523,1.354,458,0.937,5.042,1,1,0.1,0.1,0.0005,0.0005,30,1000,8,4,5,0.1,True,0.0,0.0,-0.005,0.02,0.1,0.01,0.0025,0.3,1,50,5,1,0.2,0.2,False
v7,fs025_vox05_v100_be002_pf1_mp100_ga1,0.1791,0.5664,0.991,0.636,1.393,457,0.935,5.038,1,1,0.1,0.1,0.0005,0.0005,30,100,8,4,5,0.1,True,0.0,0.0,-0.005,0.02,0.02,0.01,0.0025,0.5,1,100,5,1,0.25,0.2,True
v7,fs015_vox03_v1000_be005_pf1_mp100_ga0,0.1792,0.362,1.035,0.551,1.432,458,0.936,5.036,1,1,0.1,0.1,0.0005,0.0005,30,1000,8,4,5,0.1,True,0.0,0.0,-0.005,0.02,0.05,0.01,0.0025,0.3,1,100,5,1,0.15,0.2,False
v7,fs020_vox05_v100_be010_pf3_mp50_ga0,0.18,0.7695,1.197,0.738,1.571,450,0.921,5.038,1,1,0.1,0.1,0.0005,0.0005,30,100,8,4,5,0.1,True,0.0,0.0,-0.005,0.02,0.1,0.01,0.0025,0.5,1,50,5,3,0.2,0.2,False
v7,fs015_vox05_v100_be002_pf3_mp50_ga0,0.1802,0.4832,0.821,0.598,1.631,457,0.948,5.035,1,1,0.1,0.1,0.0005,0.0005,30,100,8,4,5,0.1,True,0.0,0.0,-0.005,0.02,0.02,0.01,0.0025,0.5,1,50,5,3,0.15,0.2,False
v6,imlo_v100_l010_d00_vox03_fs020_ml3,0.1806,0.5213,1.609,2.084,6.547,449,0.932,5.033,1,1,0.1,0.1,0.0005,0.0005,30,100,8,4,5,0.1,True,0.0,0.0,-0.01,0.02,0.05,0.0,0.0025,0.3,3,50,5,1,0.2,0.2,True
v8,fs020_vox040_mp50_ps4_pl4_if30,0.1807,0.5039,1.102,0.694,1.953,452,0.922,5.044,1,1,0.1,0.1,0.0005,0.0005,30,100,4,4,5,0.1,True,0.0,0.0,-0.005,0.02,0.05,0.01,0.0025,0.4,1,50,5,3,0.2,0.2,True
v6,imlo_v1000_l010_d01_vox05_fs005_ml2,0.1808,0.3777,1.412,1.267,3.423,457,0.935,5.036,1,1,0.1,0.1,0.0005,0.0005,30,1000,8,4,5,0.1,True,0.0,0.0,-0.01,0.02,0.05,0.01,0.0025,0.5,2,50,5,1,0.05,0.2,True
v7,fs025_vox05_v1000_be005_pf3_mp50_ga0,0.1816,0.3517,0.894,0.606,1.218,453,0.926,5.034,1,1,0.1,0.1,0.0005,0.0005,30,1000,8,4,5,0.1,True,0.0,0.0,-0.005,0.02,0.05,0.01,0.0025,0.5,1,50,5,3,0.25,0.2,False
v7,fs015_vox03_v1000_be010_pf1_mp100_ga1,0.1817,0.3622,1.22,0.639,1.55,458,0.937,5.032,1,1,0.1,0.1,0.0005,0.0005,30,1000,8,4,5,0.1,True,0.0,0.0,-0.005,0.02,0.1,0.01,0.0025,0.3,1,100,5,1,0.15,0.2,True
v7,fs020_vox05_v1000_be002_pf3_mp100_ga1,0.1818,0.4522,0.544,0.686,1.967,458,0.938,5.034,1,1,0.1,0.1,0.0005,0.0005,30,1000,8,4,5,0.1,True,0.0,0.0,-0.005,0.02,0.02,0.01,0.0025,0.5,1,100,5,3,0.2,0.2,True
v8,fs018_vox040_mp50_ps8_pl4_if20,0.1821,0.4365,1.689,0.947,1.478,459,0.936,5.035,1,1,0.1,0.1,0.0005,0.0005,20,100,8,4,5,0.1,True,0.0,0.0,-0.005,0.02,0.05,0.01,0.0025,0.4,1,50,5,3,0.18,0.2,True
v7,fs020_vox03_v1000_be005_pf1_mp100_ga0,0.1823,0.4118,0.816,0.768,1.861,457,0.948,5.041,1,1,0.1,0.1,0.0005,0.0005,30,1000,8,4,5,0.1,True,0.0,0.0,-0.005,0.02,0.05,0.01,0.0025,0.3,1,100,5,1,0.2,0.2,False
v5,hi_v1000_blo_l000_d01,0.1824,0.4133,1.856,1.67,1.412,458,0.949,5.035,1,1,1.5,1.0,0.0005,0.0005,30,1000,8,4,5,0.1,True,0.0,0.0,0.0,0.02,0.05,0.01,0.0025,0.5,2,50,5,1,0.1,0.2,True
v7,fs015_vox03_v100_be005_pf3_mp100_ga0,0.1829,0.4165,1.217,1.559,7.107,462,0.937,5.036,1,1,0.1,0.1,0.0005,0.0005,30,100,8,4,5,0.1,True,0.0,0.0,-0.005,0.02,0.05,0.01,0.0025,0.3,1,100,5,3,0.15,0.2,False
v5,hi_v1000_bhi_l000_d01,0.1834,0.4143,1.848,1.663,1.715,457,0.946,5.045,1,1,1.5,1.0,0.005,0.005,30,1000,8,4,5,0.1,True,0.0,0.0,0.0,0.02,0.05,0.01,0.0025,0.5,2,50,5,1,0.1,0.2,True
v7,fs025_vox03_v1000_be002_pf1_mp50_ga0,0.184,0.4382,0.722,0.512,1.402,457,0.945,5.035,1,1,0.1,0.1,0.0005,0.0005,30,1000,8,4,5,0.1,True,0.0,0.0,-0.005,0.02,0.02,0.01,0.0025,0.3,1,50,5,1,0.25,0.2,False
v7,fs015_vox03_v1000_be002_pf3_mp100_ga0,0.1841,0.3497,0.985,0.549,1.378,451,0.923,5.037,1,1,0.1,0.1,0.0005,0.0005,30,1000,8,4,5,0.1,True,0.0,0.0,-0.005,0.02,0.02,0.01,0.0025,0.3,1,100,5,3,0.15,0.2,False
v7,fs015_vox05_v100_be002_pf1_mp50_ga1,0.1841,0.4325,1.609,0.814,1.203,452,0.926,5.035,1,1,0.1,0.1,0.0005,0.0005,30,100,8,4,5,0.1,True,0.0,0.0,-0.005,0.02,0.02,0.01,0.0025,0.5,1,50,5,1,0.15,0.2,True
v5,lo_v100_bhi_l010_d03,0.1843,0.5067,1.627,0.738,1.384,452,0.936,5.034,1,1,0.1,0.1,0.005,0.005,30,100,8,4,5,0.1,True,0.0,0.0,-0.01,0.02,0.05,0.03,0.0025,0.5,2,50,5,1,0.1,0.2,True
v7,fs025_vox03_v100_be010_pf1_mp50_ga0,0.1847,0.4262,1.208,0.61,1.063,457,0.935,5.034,1,1,0.1,0.1,0.0005,0.0005,30,100,8,4,5,0.1,True,0.0,0.0,-0.005,0.02,0.1,0.01,0.0025,0.3,1,50,5,1,0.25,0.2,False
v7,fs020_vox05_v1000_be005_pf3_mp100_ga1,0.1858,0.3891,1.154,0.673,1.741,458,0.936,5.037,1,1,0.1,0.1,0.0005,0.0005,30,1000,8,4,5,0.1,True,0.0,0.0,-0.005,0.02,0.05,0.01,0.0025,0.5,1,100,5,3,0.2,0.2,True
v7,fs020_vox05_v1000_be002_pf3_mp50_ga1,0.1861,0.521,0.695,0.948,2.333,458,0.937,5.033,1,1,0.1,0.1,0.0005,0.0005,30,1000,8,4,5,0.1,True,0.0,0.0,-0.005,0.02,0.02,0.01,0.0025,0.5,1,50,5,3,0.2,0.2,True
v7,fs015_vox03_v1000_be005_pf3_mp50_ga1,0.1871,0.4216,0.968,0.57,1.427,451,0.923,5.037,1,1,0.1,0.1,0.0005,0.0005,30,1000,8,4,5,0.1,True,0.0,0.0,-0.005,0.02,0.05,0.01,0.0025,0.3,1,50,5,3,0.15,0.2,True
v8,fs018_vox030_mp100_ps8_pl4_if30,0.1881,0.6852,1.455,0.764,1.121,457,0.935,5.037,1,1,0.1,0.1,0.0005,0.0005,30,100,8,4,5,0.1,True,0.0,0.0,-0.005,0.02,0.05,0.01,0.0025,0.3,1,100,5,3,0.18,0.2,True
v5,mid_v100_bhi_l010_d03,0.1887,0.5336,2.039,1.322,4.279,451,0.936,5.039,1,1,0.5,0.3,0.005,0.005,30,100,8,4,5,0.1,True,0.0,0.0,-0.01,0.02,0.05,0.03,0.0025,0.5,2,50,5,1,0.1,0.2,True
v5,hi_v1000_bmid_l000_d01,0.1893,0.3998,2.038,2.386,1.652,452,0.935,5.029,1,1,1.5,1.0,0.001,0.001,30,1000,8,4,5,0.1,True,0.0,0.0,0.0,0.02,0.05,0.01,0.0025,0.5,2,50,5,1,0.1,0.2,True
v8,fs018_vox025_mp50_ps8_pl4_if20,0.1897,0.6187,1.308,0.779,1.532,457,0.948,5.034,1,1,0.1,0.1,0.0005,0.0005,20,100,8,4,5,0.1,True,0.0,0.0,-0.005,0.02,0.05,0.01,0.0025,0.25,1,50,5,3,0.18,0.2,True
v7,fs020_vox03_v1000_be002_pf1_mp50_ga0,0.1899,0.393,0.873,0.668,1.478,451,0.936,5.034,1,1,0.1,0.1,0.0005,0.0005,30,1000,8,4,5,0.1,True,0.0,0.0,-0.005,0.02,0.02,0.01,0.0025,0.3,1,50,5,1,0.2,0.2,False
v7,fs015_vox05_v1000_be005_pf1_mp100_ga1,0.1905,0.4087,1.288,0.544,1.471,458,0.95,5.035,1,1,0.1,0.1,0.0005,0.0005,30,1000,8,4,5,0.1,True,0.0,0.0,-0.005,0.02,0.05,0.01,0.0025,0.5,1,100,5,1,0.15,0.2,True
v7,fs015_vox03_v100_be005_pf1_mp50_ga0,0.1907,0.5885,0.842,0.541,1.333,459,0.934,5.038,1,1,0.1,0.1,0.0005,0.0005,30,100,8,4,5,0.1,True,0.0,0.0,-0.005,0.02,0.05,0.01,0.0025,0.3,1,50,5,1,0.15,0.2,False
v5,mid_v100_blo_l010_d03,0.1916,0.5515,1.897,0.957,2.069,458,0.934,5.035,1,1,0.5,0.3,0.0005,0.0005,30,100,8,4,5,0.1,True,0.0,0.0,-0.01,0.02,0.05,0.03,0.0025,0.5,2,50,5,1,0.1,0.2,True
v7,fs015_vox03_v1000_be005_pf1_mp100_ga1,0.1921,0.3495,1.222,0.672,1.431,457,0.947,5.044,1,1,0.1,0.1,0.0005,0.0005,30,1000,8,4,5,0.1,True,0.0,0.0,-0.005,0.02,0.05,0.01,0.0025,0.3,1,100,5,1,0.15,0.2,True
v7,fs020_vox03_v1000_be010_pf1_mp100_ga0,0.1922,0.4455,1.127,1.033,1.056,457,0.936,5.037,1,1,0.1,0.1,0.0005,0.0005,30,1000,8,4,5,0.1,True,0.0,0.0,-0.005,0.02,0.1,0.01,0.0025,0.3,1,100,5,1,0.2,0.2,False
v7,fs020_vox03_v100_be005_pf1_mp100_ga1,0.1924,0.452,1.379,1.575,4.593,458,0.95,5.042,1,1,0.1,0.1,0.0005,0.0005,30,100,8,4,5,0.1,True,0.0,0.0,-0.005,0.02,0.05,0.01,0.0025,0.3,1,100,5,1,0.2,0.2,True
v8,fs018_vox030_mp50_ps4_pl4_if20,0.193,0.5781,1.198,0.518,1.674,458,0.937,5.033,1,1,0.1,0.1,0.0005,0.0005,20,100,4,4,5,0.1,True,0.0,0.0,-0.005,0.02,0.05,0.01,0.0025,0.3,1,50,5,3,0.18,0.2,True
v5,hi_v1000_bhi_l000_d02,0.1931,0.5167,1.964,2.13,2.164,457,0.935,5.042,1,1,1.5,1.0,0.005,0.005,30,1000,8,4,5,0.1,True,0.0,0.0,0.0,0.02,0.05,0.02,0.0025,0.5,2,50,5,1,0.1,0.2,True
v6,imlo_v1000_l010_d01_vox05_fs005_ml3,0.1943,0.4085,1.398,1.292,5.29,459,0.938,5.043,1,1,0.1,0.1,0.0005,0.0005,30,1000,8,4,5,0.1,True,0.0,0.0,-0.01,0.02,0.05,0.01,0.0025,0.5,3,50,5,1,0.05,0.2,True
v6,imlo_v1000_l005_d00_vox03_fs020_ml3,0.1949,0.4395,1.38,0.692,4.548,459,0.937,5.035,1,1,0.1,0.1,0.0005,0.0005,30,1000,8,4,5,0.1,True,0.0,0.0,-0.005,0.02,0.05,0.0,0.0025,0.3,3,50,5,1,0.2,0.2,True
v7,fs015_vox05_v1000_be002_pf3_mp100_ga1,0.1953,0.4095,1.412,0.742,1.565,452,0.937,5.033,1,1,0.1,0.1,0.0005,0.0005,30,1000,8,4,5,0.1,True,0.0,0.0,-0.005,0.02,0.02,0.01,0.0025,0.5,1,100,5,3,0.15,0.2,True
v7,fs025_vox05_v100_be005_pf3_mp100_ga0,0.1953,0.5191,1.236,0.563,1.113,457,0.935,5.034,1,1,0.1,0.1,0.0005,0.0005,30,100,8,4,5,0.1,True,0.0,0.0,-0.005,0.02,0.05,0.01,0.0025,0.5,1,100,5,3,0.25,0.2,False
v7,fs020_vox03_v1000_be005_pf3_mp50_ga1,0.1955,0.5388,0.596,0.619,1.328,458,0.936,5.04,1,1,0.1,0.1,0.0005,0.0005,30,1000,8,4,5,0.1,True,0.0,0.0,-0.005,0.02,0.05,0.01,0.0025,0.3,1,50,5,3,0.2,0.2,True
v7,fs020_vox05_v1000_be010_pf3_mp50_ga0,0.1956,0.3707,0.623,0.565,1.455,450,0.921,5.035,1,1,0.1,0.1,0.0005,0.0005,30,1000,8,4,5,0.1,True,0.0,0.0,-0.005,0.02,0.1,0.01,0.0025,0.5,1,50,5,3,0.2,0.2,False
v8,fs015_vox040_mp50_ps4_pl4_if50,0.1981,0.4458,1.195,0.682,1.304,450,0.921,5.036,1,1,0.1,0.1,0.0005,0.0005,50,100,4,4,5,0.1,True,0.0,0.0,-0.005,0.02,0.05,0.01,0.0025,0.4,1,50,5,3,0.15,0.2,True
v6,imlo_v1000_l010_d00_vox05_fs020_ml1,0.1988,0.3751,1.342,0.566,2.858,452,0.938,5.04,1,1,0.1,0.1,0.0005,0.0005,30,1000,8,4,5,0.1,True,0.0,0.0,-0.01,0.02,0.05,0.0,0.0025,0.5,1,50,5,1,0.2,0.2,True
v6,imlo_v100_l005_d01_vox03_fs020_ml1,0.1991,0.5301,1.731,2.254,19.151,461,0.937,5.031,1,1,0.1,0.1,0.0005,0.0005,30,100,8,4,5,0.1,True,0.0,0.0,-0.005,0.02,0.05,0.01,0.0025,0.3,1,50,5,1,0.2,0.2,True
v6,imlo_v100_l010_d00_vox08_fs020_ml3,0.1992,0.4643,0.902,1.11,3.568,450,0.92,5.04,1,1,0.1,0.1,0.0005,0.0005,30,100,8,4,5,0.1,True,0.0,0.0,-0.01,0.02,0.05,0.0,0.0025,0.8,3,50,5,1,0.2,0.2,True
v6,imlo_v1000_l010_d01_vox03_fs020_ml1,0.1996,0.5179,1.329,0.712,4.397,457,0.934,5.035,1,1,0.1,0.1,0.0005,0.0005,30,1000,8,4,5,0.1,True,0.0,0.0,-0.01,0.02,0.05,0.01,0.0025,0.3,1,50,5,1,0.2,0.2,True
v7,fs015_vox03_v100_be010_pf1_mp50_ga0,0.1998,0.6869,1.416,1.308,13.246,459,0.936,5.046,1,1,0.1,0.1,0.0005,0.0005,30,100,8,4,5,0.1,True,0.0,0.0,-0.005,0.02,0.1,0.01,0.0025,0.3,1,50,5,1,0.15,0.2,False
v5,hi_v1000_blo_l005_d01,0.2002,0.4249,1.88,0.91,1.874,457,0.935,5.035,1,1,1.5,1.0,0.0005,0.0005,30,1000,8,4,5,0.1,True,0.0,0.0,-0.005,0.02,0.05,0.01,0.0025,0.5,2,50,5,1,0.1,0.2,True
v5,hi_v1000_bmid_l005_d01,0.2012,0.4268,1.891,0.924,1.819,452,0.936,5.033,1,1,1.5,1.0,0.001,0.001,30,1000,8,4,5,0.1,True,0.0,0.0,-0.005,0.02,0.05,0.01,0.0025,0.5,2,50,5,1,0.1,0.2,True
v7,fs025_vox03_v100_be005_pf3_mp50_ga0,0.2015,0.4766,1.047,0.531,1.627,457,0.935,5.034,1,1,0.1,0.1,0.0005,0.0005,30,100,8,4,5,0.1,True,0.0,0.0,-0.005,0.02,0.05,0.01,0.0025,0.3,1,50,5,3,0.25,0.2,False
v7,fs020_vox03_v1000_be010_pf3_mp50_ga0,0.2021,0.3951,1.139,0.522,1.418,457,0.935,5.044,1,1,0.1,0.1,0.0005,0.0005,30,1000,8,4,5,0.1,True,0.0,0.0,-0.005,0.02,0.1,0.01,0.0025,0.3,1,50,5,3,0.2,0.2,False
v5,mid_v100_blo_l010_d01,0.2028,0.4831,1.826,0.842,1.657,460,0.933,5.034,1,1,0.5,0.3,0.0005,0.0005,30,100,8,4,5,0.1,True,0.0,0.0,-0.01,0.02,0.05,0.01,0.0025,0.5,2,50,5,1,0.1,0.2,True
v7,fs025_vox05_v100_be002_pf1_mp50_ga0,0.2028,0.5027,1.072,0.952,1.619,459,0.947,5.037,1,1,0.1,0.1,0.0005,0.0005,30,100,8,4,5,0.1,True,0.0,0.0,-0.005,0.02,0.02,0.01,0.0025,0.5,1,50,5,1,0.25,0.2,False
v5,hi_v1000_bhi_l005_d01,0.203,0.4273,1.88,0.906,1.932,458,0.948,5.034,1,1,1.5,1.0,0.005,0.005,30,1000,8,4,5,0.1,True,0.0,0.0,-0.005,0.02,0.05,0.01,0.0025,0.5,2,50,5,1,0.1,0.2,True
v5,hi_v1000_blo_l000_d02,0.2035,0.4162,2.072,1.676,1.673,452,0.939,5.038,1,1,1.5,1.0,0.0005,0.0005,30,1000,8,4,5,0.1,True,0.0,0.0,0.0,0.02,0.05,0.02,0.0025,0.5,2,50,5,1,0.1,0.2,True
v7,fs025_vox03_v1000_be010_pf1_mp50_ga0,0.2042,0.4774,0.991,0.56,1.692,457,0.935,5.036,1,1,0.1,0.1,0.0005,0.0005,30,1000,8,4,5,0.1,True,0.0,0.0,-0.005,0.02,0.1,0.01,0.0025,0.3,1,50,5,1,0.25,0.2,False
v7,fs020_vox05_v1000_be005_pf3_mp50_ga1,0.2047,0.4536,1.359,0.734,1.52,451,0.936,5.042,1,1,0.1,0.1,0.0005,0.0005,30,1000,8,4,5,0.1,True,0.0,0.0,-0.005,0.02,0.05,0.01,0.0025,0.5,1,50,5,3,0.2,0.2,True
v6,imlo_v1000_l005_d01_vox05_fs020_ml3,0.205,0.4262,1.226,0.572,2.012,457,0.935,5.033,1,1,0.1,0.1,0.0005,0.0005,30,1000,8,4,5,0.1,True,0.0,0.0,-0.005,0.02,0.05,0.01,0.0025,0.5,3,50,5,1,0.2,0.2,True
v8,fs015_vox025_mp50_ps8_pl4_if20,0.2052,0.5474,1.379,1.574,2.971,457,0.935,5.037,1,1,0.1,0.1,0.0005,0.0005,20,100,8,4,5,0.1,True,0.0,0.0,-0.005,0.02,0.05,0.01,0.0025,0.25,1,50,5,3,0.15,0.2,True
v7,fs015_vox03_v1000_be005_pf3_mp100_ga0,0.2068,0.4491,1.307,0.763,2.377,459,0.935,5.037,1,1,0.1,0.1,0.0005,0.0005,30,1000,8,4,5,0.1,True,0.0,0.0,-0.005,0.02,0.05,0.01,0.0025,0.3,1,100,5,3,0.15,0.2,False
v5,hi_v1000_bmid_l005_d02,0.2069,0.4525,1.564,0.882,2.344,452,0.934,5.036,1,1,1.5,1.0,0.001,0.001,30,1000,8,4,5,0.1,True,0.0,0.0,-0.005,0.02,0.05,0.02,0.0025,0.5,2,50,5,1,0.1,0.2,True
v7,fs025_vox03_v1000_be010_pf3_mp100_ga0,0.2089,0.3984,0.781,0.526,1.581,451,0.933,5.034,1,1,0.1,0.1,0.0005,0.0005,30,1000,8,4,5,0.1,True,0.0,0.0,-0.005,0.02,0.1,0.01,0.0025,0.3,1,100,5,3,0.25,0.2,False
v8,fs015_vox030_mp100_ps4_pl4_if50,0.2089,0.5761,1.047,0.516,1.643,457,0.935,5.034,1,1,0.1,0.1,0.0005,0.0005,50,100,4,4,5,0.1,True,0.0,0.0,-0.005,0.02,0.05,0.01,0.0025,0.3,1,100,5,3,0.15,0.2,True
v6,imlo_v100_l010_d00_vox08_fs020_ml2,0.2093,0.5091,1.074,0.954,1.982,458,0.936,5.04,1,1,0.1,0.1,0.0005,0.0005,30,100,8,4,5,0.1,True,0.0,0.0,-0.01,0.02,0.05,0.0,0.0025,0.8,2,50,5,1,0.2,0.2,True
v7,fs015_vox03_v100_be002_pf1_mp100_ga0,0.2098,0.3901,1.075,0.766,1.508,457,0.933,5.041,1,1,0.1,0.1,0.0005,0.0005,30,100,8,4,5,0.1,True,0.0,0.0,-0.005,0.02,0.02,0.01,0.0025,0.3,1,100,5,1,0.15,0.2,False
v5,hi_v1000_bhi_l000_d03,0.2104,0.4709,2.375,2.766,4.203,458,0.937,5.04,1,1,1.5,1.0,0.005,0.005,30,1000,8,4,5,0.1,True,0.0,0.0,0.0,0.02,0.05,0.03,0.0025,0.5,2,50,5,1,0.1,0.2,True
v5,lo_v100_bhi_l010_d01,0.2104,0.567,1.681,0.729,1.429,451,0.934,5.047,1,1,0.1,0.1,0.005,0.005,30,100,8,4,5,0.1,True,0.0,0.0,-0.01,0.02,0.05,0.01,0.0025,0.5,2,50,5,1,0.1,0.2,True
v7,fs020_vox05_v100_be005_pf3_mp100_ga0,0.2108,0.3824,1.078,0.812,1.419,458,0.936,5.038,1,1,0.1,0.1,0.0005,0.0005,30,100,8,4,5,0.1,True,0.0,0.0,-0.005,0.02,0.05,0.01,0.0025,0.5,1,100,5,3,0.2,0.2,False
v7,fs025_vox03_v1000_be002_pf1_mp100_ga0,0.211,0.4119,1.01,0.469,1.401,457,0.935,5.042,1,1,0.1,0.1,0.0005,0.0005,30,1000,8,4,5,0.1,True,0.0,0.0,-0.005,0.02,0.02,0.01,0.0025,0.3,1,100,5,1,0.25,0.2,False
v7,fs015_vox03_v1000_be010_pf1_mp100_ga0,0.2113,0.4476,0.949,0.553,1.571,451,0.923,5.036,1,1,0.1,0.1,0.0005,0.0005,30,1000,8,4,5,0.1,True,0.0,0.0,-0.005,0.02,0.1,0.01,0.0025,0.3,1,100,5,1,0.15,0.2,False
v6,imhi_v1000_l010_d01_vox05_fs020_ml1,0.2115,0.3941,1.555,0.768,2.241,457,0.936,5.035,1,1,1.5,1.0,0.0005,0.0005,30,1000,8,4,5,0.1,True,0.0,0.0,-0.01,0.02,0.05,0.01,0.0025,0.5,1,50,5,1,0.2,0.2,True
v6,imhi_v100_l005_d00_vox03_fs020_ml2,0.2117,0.683,1.604,1.75,9.648,460,0.951,5.039,1,1,1.5,1.0,0.0005,0.0005,30,100,8,4,5,0.1,True,0.0,0.0,-0.005,0.02,0.05,0.0,0.0025,0.3,2,50,5,1,0.2,0.2,True
v5,hi_v100_bhi_l010_d01,0.212,0.5694,2.078,1.14,2.888,457,0.935,5.041,1,1,1.5,1.0,0.005,0.005,30,100,8,4,5,0.1,True,0.0,0.0,-0.01,0.02,0.05,0.01,0.0025,0.5,2,50,5,1,0.1,0.2,True
v7,fs015_vox03_v100_be005_pf1_mp100_ga1,0.2122,0.5928,1.61,2.264,33.146,462,0.95,5.038,1,1,0.1,0.1,0.0005,0.0005,30,100,8,4,5,0.1,True,0.0,0.0,-0.005,0.02,0.05,0.01,0.0025,0.3,1,100,5,1,0.15,0.2,True
v6,imlo_v1000_l010_d01_vox05_fs005_ml1,0.2138,0.5558,1.534,1.297,22.602,451,0.936,5.039,1,1,0.1,0.1,0.0005,0.0005,30,1000,8,4,5,0.1,True,0.0,0.0,-0.01,0.02,0.05,0.01,0.0025,0.5,1,50,5,1,0.05,0.2,True
v8,fs018_vox030_mp100_ps4_pl4_if50,0.2144,0.6269,1.141,0.692,1.73,460,0.936,5.043,1,1,0.1,0.1,0.0005,0.0005,50,100,4,4,5,0.1,True,0.0,0.0,-0.005,0.02,0.05,0.01,0.0025,0.3,1,100,5,3,0.18,0.2,True
v6,imhi_v100_l010_d00_vox05_fs020_ml1,0.2146,0.5464,1.988,1.294,2.147,458,0.937,5.05,1,1,1.5,1.0,0.0005,0.0005,30,100,8,4,5,0.1,True,0.0,0.0,-0.01,0.02,0.05,0.0,0.0025,0.5,1,50,5,1,0.2,0.2,True
v7,fs020_vox05_v1000_be010_pf3_mp100_ga0,0.2147,0.4496,0.886,0.589,1.65,451,0.923,5.039,1,1,0.1,0.1,0.0005,0.0005,30,1000,8,4,5,0.1,True,0.0,0.0,-0.005,0.02,0.1,0.01,0.0025,0.5,1,100,5,3,0.2,0.2,False
v5,lo_v1000_bhi_l005_d03,0.2151,0.4525,1.373,1.792,10.158,459,0.949,5.029,1,1,0.1,0.1,0.005,0.005,30,1000,8,4,5,0.1,True,0.0,0.0,-0.005,0.02,0.05,0.03,0.0025,0.5,2,50,5,1,0.1,0.2,True
v8,fs015_vox040_mp100_ps4_pl4_if30,0.2156,0.6183,1.143,0.917,1.545,460,0.936,5.036,1,1,0.1,0.1,0.0005,0.0005,30,100,4,4,5,0.1,True,0.0,0.0,-0.005,0.02,0.05,0.01,0.0025,0.4,1,100,5,3,0.15,0.2,True
v7,fs020_vox05_v1000_be005_pf3_mp100_ga0,0.2158,0.4227,0.845,0.624,2.941,451,0.923,5.043,1,1,0.1,0.1,0.0005,0.0005,30,1000,8,4,5,0.1,True,0.0,0.0,-0.005,0.02,0.05,0.01,0.0025,0.5,1,100,5,3,0.2,0.2,False
v7,fs015_vox05_v1000_be010_pf3_mp100_ga0,0.2169,0.6541,1.327,0.853,2.682,457,0.935,5.047,1,1,0.1,0.1,0.0005,0.0005,30,1000,8,4,5,0.1,True,0.0,0.0,-0.005,0.02,0.1,0.01,0.0025,0.5,1,100,5,3,0.15,0.2,False
v5,hi_v100_bhi_l010_d02,0.2172,0.5854,2.147,1.112,2.414,457,0.936,5.037,1,1,1.5,1.0,0.005,0.005,30,100,8,4,5,0.1,True,0.0,0.0,-0.01,0.02,0.05,0.02,0.0025,0.5,2,50,5,1,0.1,0.2,True
v5,hi_v100_bhi_l005_d03,0.2182,0.7514,2.199,1.086,2.454,457,0.934,5.031,1,1,1.5,1.0,0.005,0.005,30,100,8,4,5,0.1,True,0.0,0.0,-0.005,0.02,0.05,0.03,0.0025,0.5,2,50,5,1,0.1,0.2,True
v5,hi_v100_bhi_l010_d03,0.2183,0.5852,2.763,1.003,1.405,451,0.923,5.039,1,1,1.5,1.0,0.005,0.005,30,100,8,4,5,0.1,True,0.0,0.0,-0.01,0.02,0.05,0.03,0.0025,0.5,2,50,5,1,0.1,0.2,True
v5,hi_v1000_bmid_l010_d01,0.2185,0.4633,2.516,1.039,1.699,457,0.946,5.043,1,1,1.5,1.0,0.001,0.001,30,1000,8,4,5,0.1,True,0.0,0.0,-0.01,0.02,0.05,0.01,0.0025,0.5,2,50,5,1,0.1,0.2,True
v7,fs015_vox05_v1000_be002_pf1_mp100_ga1,0.2185,0.4868,1.361,0.545,1.264,457,0.935,5.038,1,1,0.1,0.1,0.0005,0.0005,30,1000,8,4,5,0.1,True,0.0,0.0,-0.005,0.02,0.02,0.01,0.0025,0.5,1,100,5,1,0.15,0.2,True
v5,mid_v1000_bhi_l005_d02,0.2186,0.4823,1.563,0.584,2.029,451,0.923,5.036,1,1,0.5,0.3,0.005,0.005,30,1000,8,4,5,0.1,True,0.0,0.0,-0.005,0.02,0.05,0.02,0.0025,0.5,2,50,5,1,0.1,0.2,True
v5,hi_v1000_bhi_l010_d01,0.2187,0.4633,2.513,1.031,1.781,457,0.935,5.033,1,1,1.5,1.0,0.005,0.005,30,1000,8,4,5,0.1,True,0.0,0.0,-0.01,0.02,0.05,0.01,0.0025,0.5,2,50,5,1,0.1,0.2,True
v7,fs025_vox03_v100_be005_pf3_mp100_ga0,0.2191,0.6782,1.338,0.935,1.303,457,0.936,5.03,1,1,0.1,0.1,0.0005,0.0005,30,100,8,4,5,0.1,True,0.0,0.0,-0.005,0.02,0.05,0.01,0.0025,0.3,1,100,5,3,0.25,0.2,False
v6,imlo_v1000_l005_d00_vox05_fs020_ml3,0.2199,0.409,1.241,0.519,1.501,451,0.935,5.04,1,1,0.1,0.1,0.0005,0.0005,30,1000,8,4,5,0.1,True,0.0,0.0,-0.005,0.02,0.05,0.0,0.0025,0.5,3,50,5,1,0.2,0.2,True
v5,hi_v1000_blo_l010_d01,0.22,0.4627,2.527,1.05,1.685,451,0.922,5.038,1,1,1.5,1.0,0.0005,0.0005,30,1000,8,4,5,0.1,True,0.0,0.0,-0.01,0.02,0.05,0.01,0.0025,0.5,2,50,5,1,0.1,0.2,True
v6,imlo_v1000_l005_d00_vox05_fs005_ml3,0.2203,0.4783,1.664,0.845,2.106,459,0.937,5.033,1,1,0.1,0.1,0.0005,0.0005,30,1000,8,4,5,0.1,True,0.0,0.0,-0.005,0.02,0.05,0.0,0.0025,0.5,3,50,5,1,0.05,0.2,True
v7,fs015_vox05_v1000_be005_pf3_mp50_ga0,0.2209,0.4212,0.894,0.862,1.84,457,0.935,5.039,1,1,0.1,0.1,0.0005,0.0005,30,1000,8,4,5,0.1,True,0.0,0.0,-0.005,0.02,0.05,0.01,0.0025,0.5,1,50,5,3,0.15,0.2,False
v6,imlo_v1000_l005_d01_vox05_fs020_ml2,0.221,0.4582,1.059,0.534,1.495,457,0.936,5.041,1,1,0.1,0.1,0.0005,0.0005,30,1000,8,4,5,0.1,True,0.0,0.0,-0.005,0.02,0.05,0.01,0.0025,0.5,2,50,5,1,0.2,0.2,True
v7,fs020_vox05_v1000_be002_pf1_mp100_ga0,0.2226,0.5358,1.063,0.627,1.254,451,0.923,5.04,1,1,0.1,0.1,0.0005,0.0005,30,1000,8,4,5,0.1,True,0.0,0.0,-0.005,0.02,0.02,0.01,0.0025,0.5,1,100,5,1,0.2,0.2,False
v7,fs015_vox03_v1000_be005_pf1_mp50_ga1,0.2228,0.4551,1.382,0.481,1.286,459,0.948,5.037,1,1,0.1,0.1,0.0005,0.0005,30,1000,8,4,5,0.1,True,0.0,0.0,-0.005,0.02,0.05,0.01,0.0025,0.3,1,50,5,1,0.15,0.2,True
v7,fs025_vox03_v1000_be005_pf1_mp100_ga0,0.2229,0.4315,0.743,0.474,1.374,457,0.935,5.042,1,1,0.1,0.1,0.0005,0.0005,30,1000,8,4,5,0.1,True,0.0,0.0,-0.005,0.02,0.05,0.01,0.0025,0.3,1,100,5,1,0.25,0.2,False
v6,imhi_v100_l010_d01_vox03_fs020_ml1,0.2232,0.533,1.78,1.97,13.281,452,0.924,5.035,1,1,1.5,1.0,0.0005,0.0005,30,100,8,4,5,0.1,True,0.0,0.0,-0.01,0.02,0.05,0.01,0.0025,0.3,1,50,5,1,0.2,0.2,True
v6,imhi_v100_l010_d01_vox03_fs020_ml2,0.2234,0.8328,1.895,2.213,21.206,464,0.935,5.034,1,1,1.5,1.0,0.0005,0.0005,30,100,8,4,5,0.1,True,0.0,0.0,-0.01,0.02,0.05,0.01,0.0025,0.3,2,50,5,1,0.2,0.2,True
v5,mid_v100_bmid_l005_d02,0.224,0.5872,2.036,1.02,1.495,458,0.936,5.037,1,1,0.5,0.3,0.001,0.001,30,100,8,4,5,0.1,True,0.0,0.0,-0.005,0.02,0.05,0.02,0.0025,0.5,2,50,5,1,0.1,0.2,True
v5,mid_v100_bhi_l005_d01,0.2243,0.4977,2.508,2.01,7.89,453,0.923,5.037,1,1,0.5,0.3,0.005,0.005,30,100,8,4,5,0.1,True,0.0,0.0,-0.005,0.02,0.05,0.01,0.0025,0.5,2,50,5,1,0.1,0.2,True
v5,mid_v1000_bhi_l010_d01,0.2245,0.4376,1.791,0.682,2.27,451,0.923,5.032,1,1,0.5,0.3,0.005,0.005,30,1000,8,4,5,0.1,True,0.0,0.0,-0.01,0.02,0.05,0.01,0.0025,0.5,2,50,5,1,0.1,0.2,True
v5,mid_v1000_bmid_l010_d03,0.2248,0.4722,1.529,0.844,2.389,451,0.935,5.037,1,1,0.5,0.3,0.001,0.001,30,1000,8,4,5,0.1,True,0.0,0.0,-0.01,0.02,0.05,0.03,0.0025,0.5,2,50,5,1,0.1,0.2,True
v7,fs020_vox05_v1000_be002_pf1_mp50_ga1,0.2248,0.4869,1.224,0.559,1.307,457,0.935,5.038,1,1,0.1,0.1,0.0005,0.0005,30,1000,8,4,5,0.1,True,0.0,0.0,-0.005,0.02,0.02,0.01,0.0025,0.5,1,50,5,1,0.2,0.2,True
v7,fs015_vox05_v100_be010_pf1_mp50_ga0,0.2251,0.4023,1.214,0.722,1.486,457,0.947,5.034,1,1,0.1,0.1,0.0005,0.0005,30,100,8,4,5,0.1,True,0.0,0.0,-0.005,0.02,0.1,0.01,0.0025,0.5,1,50,5,1,0.15,0.2,False
v6,imlo_v1000_l010_d00_vox05_fs020_ml3,0.2253,0.4617,1.304,0.686,2.025,451,0.923,5.036,1,1,0.1,0.1,0.0005,0.0005,30,1000,8,4,5,0.1,True,0.0,0.0,-0.01,0.02,0.05,0.0,0.0025,0.5,3,50,5,1,0.2,0.2,True
v6,imlo_v1000_l005_d00_vox03_fs020_ml2,0.2256,0.558,1.175,1.039,11.269,451,0.923,5.034,1,1,0.1,0.1,0.0005,0.0005,30,1000,8,4,5,0.1,True,0.0,0.0,-0.005,0.02,0.05,0.0,0.0025,0.3,2,50,5,1,0.2,0.2,True
v5,lo_v1000_bmid_l010_d01,0.2263,0.4404,1.506,0.612,1.85,460,0.933,5.033,1,1,0.1,0.1,0.001,0.001,30,1000,8,4,5,0.1,True,0.0,0.0,-0.01,0.02,0.05,0.01,0.0025,0.5,2,50,5,1,0.1,0.2,True
v7,fs025_vox03_v100_be005_pf1_mp100_ga0,0.2269,0.7058,1.173,0.595,1.325,457,0.949,5.039,1,1,0.1,0.1,0.0005,0.0005,30,100,8,4,5,0.1,True,0.0,0.0,-0.005,0.02,0.05,0.01,0.0025,0.3,1,100,5,1,0.25,0.2,False
v5,hi_v100_bmid_l010_d01,0.2276,0.5535,2.063,1.978,20.592,457,0.936,5.044,1,1,1.5,1.0,0.001,0.001,30,100,8,4,5,0.1,True,0.0,0.0,-0.01,0.02,0.05,0.01,0.0025,0.5,2,50,5,1,0.1,0.2,True
v5,hi_v1000_bmid_l000_d02,0.2278,0.7795,2.316,2.068,1.715,453,0.926,5.044,1,1,1.5,1.0,0.001,0.001,30,1000,8,4,5,0.1,True,0.0,0.0,0.0,0.02,0.05,0.02,0.0025,0.5,2,50,5,1,0.1,0.2,True
v6,imhi_v100_l005_d00_vox05_fs020_ml1,0.2278,0.6666,2.474,1.495,2.105,458,0.937,5.039,1,1,1.5,1.0,0.0005,0.0005,30,100,8,4,5,0.1,True,0.0,0.0,-0.005,0.02,0.05,0.0,0.0025,0.5,1,50,5,1,0.2,0.2,True
v6,imhi_v1000_l010_d01_vox03_fs020_ml3,0.2282,0.4684,1.608,0.776,4.688,450,0.921,5.043,1,1,1.5,1.0,0.0005,0.0005,30,1000,8,4,5,0.1,True,0.0,0.0,-0.01,0.02,0.05,0.01,0.0025,0.3,3,50,5,1,0.2,0.2,True
v5,lo_v1000_bhi_l005_d01,0.2283,0.489,1.337,0.435,2.264,460,0.936,5.035,1,1,0.1,0.1,0.005,0.005,30,1000,8,4,5,0.1,True,0.0,0.0,-0.005,0.02,0.05,0.01,0.0025,0.5,2,50,5,1,0.1,0.2,True
v6,imhi_v100_l005_d01_vox08_fs020_ml1,0.2283,0.554,1.115,1.09,7.619,459,0.936,5.034,1,1,1.5,1.0,0.0005,0.0005,30,100,8,4,5,0.1,True,0.0,0.0,-0.005,0.02,0.05,0.01,0.0025,0.8,1,50,5,1,0.2,0.2,True
v5,mid_v1000_blo_l005_d02,0.229,0.4714,1.604,1.25,8.482,458,0.949,5.043,1,1,0.5,0.3,0.0005,0.0005,30,1000,8,4,5,0.1,True,0.0,0.0,-0.005,0.02,0.05,0.02,0.0025,0.5,2,50,5,1,0.1,0.2,True
v6,imhi_v100_l005_d01_vox03_fs005_ml3,0.2292,0.4874,1.869,0.547,2.089,453,0.935,5.033,1,1,1.5,1.0,0.0005,0.0005,30,100,8,4,5,0.1,True,0.0,0.0,-0.005,0.02,0.05,0.01,0.0025,0.3,3,50,5,1,0.05,0.2,True
v6,imhi_v1000_l010_d01_vox05_fs020_ml3,0.2304,0.4682,1.934,0.759,1.287,457,0.948,5.038,1,1,1.5,1.0,0.0005,0.0005,30,1000,8,4,5,0.1,True,0.0,0.0,-0.01,0.02,0.05,0.01,0.0025,0.5,3,50,5,1,0.2,0.2,True
v6,imhi_v1000_l010_d01_vox05_fs020_ml2,0.2305,0.4681,1.924,0.745,1.338,457,0.935,5.038,1,1,1.5,1.0,0.0005,0.0005,30,1000,8,4,5,0.1,True,0.0,0.0,-0.01,0.02,0.05,0.01,0.0025,0.5,2,50,5,1,0.2,0.2,True
v5,mid_v100_bmid_l005_d01,0.2307,0.81,2.34,0.646,1.708,460,0.937,5.036,1,1,0.5,0.3,0.001,0.001,30,100,8,4,5,0.1,True,0.0,0.0,-0.005,0.02,0.05,0.01,0.0025,0.5,2,50,5,1,0.1,0.2,True
v8,fs020_vox040_mp50_ps4_pl4_if20,0.2314,0.5584,0.817,0.632,1.781,457,0.935,5.034,1,1,0.1,0.1,0.0005,0.0005,20,100,4,4,5,0.1,True,0.0,0.0,-0.005,0.02,0.05,0.01,0.0025,0.4,1,50,5,3,0.2,0.2,True
v7,fs015_vox03_v1000_be002_pf3_mp100_ga1,0.2316,0.5836,0.773,0.776,1.553,451,0.923,5.035,1,1,0.1,0.1,0.0005,0.0005,30,1000,8,4,5,0.1,True,0.0,0.0,-0.005,0.02,0.02,0.01,0.0025,0.3,1,100,5,3,0.15,0.2,True
v7,fs020_vox03_v1000_be002_pf1_mp100_ga0,0.2321,0.5548,1.107,0.644,1.42,457,0.935,5.036,1,1,0.1,0.1,0.0005,0.0005,30,1000,8,4,5,0.1,True,0.0,0.0,-0.005,0.02,0.02,0.01,0.0025,0.3,1,100,5,1,0.2,0.2,False
v5,mid_v100_bmid_l010_d01,0.2327,0.8077,1.594,0.703,1.544,458,0.937,5.035,1,1,0.5,0.3,0.001,0.001,30,100,8,4,5,0.1,True,0.0,0.0,-0.01,0.02,0.05,0.01,0.0025,0.5,2,50,5,1,0.1,0.2,True
v5,mid_v1000_bhi_l005_d01,0.233,0.4995,1.639,0.626,2.223,457,0.935,5.04,1,1,0.5,0.3,0.005,0.005,30,1000,8,4,5,0.1,True,0.0,0.0,-0.005,0.02,0.05,0.01,0.0025,0.5,2,50,5,1,0.1,0.2,True
v6,imlo_v1000_l010_d01_vox05_fs020_ml2,0.2334,0.5778,1.168,0.531,1.644,457,0.935,5.033,1,1,0.1,0.1,0.0005,0.0005,30,1000,8,4,5,0.1,True,0.0,0.0,-0.01,0.02,0.05,0.01,0.0025,0.5,2,50,5,1,0.2,0.2,True
v7,fs015_vox05_v1000_be005_pf3_mp100_ga0,0.2336,0.4927,0.754,0.73,2.141,458,0.935,5.036,1,1,0.1,0.1,0.0005,0.0005,30,1000,8,4,5,0.1,True,0.0,0.0,-0.005,0.02,0.05,0.01,0.0025,0.5,1,100,5,3,0.15,0.2,False
v7,fs025_vox05_v1000_be010_pf3_mp50_ga0,0.2336,0.5816,0.736,0.645,2.562,450,0.922,5.033,1,1,0.1,0.1,0.0005,0.0005,30,1000,8,4,5,0.1,True,0.0,0.0,-0.005,0.02,0.1,0.01,0.0025,0.5,1,50,5,3,0.25,0.2,False
v7,fs020_vox03_v100_be005_pf1_mp50_ga1,0.234,0.8169,1.242,1.435,6.635,457,0.936,5.041,1,1,0.1,0.1,0.0005,0.0005,30,100,8,4,5,0.1,True,0.0,0.0,-0.005,0.02,0.05,0.01,0.0025,0.3,1,50,5,1,0.2,0.2,True
v7,fs015_vox05_v100_be005_pf1_mp100_ga1,0.2342,0.7846,1.469,1.011,2.635,450,0.921,5.042,1,1,0.1,0.1,0.0005,0.0005,30,100,8,4,5,0.1,True,0.0,0.0,-0.005,0.02,0.05,0.01,0.0025,0.5,1,100,5,1,0.15,0.2,True
v6,imlo_v1000_l010_d01_vox05_fs020_ml3,0.2347,0.6117,1.325,0.585,2.182,452,0.924,5.035,1,1,0.1,0.1,0.0005,0.0005,30,1000,8,4,5,0.1,True,0.0,0.0,-0.01,0.02,0.05,0.01,0.0025,0.5,3,50,5,1,0.2,0.2,True
v6,imhi_v1000_l005_d01_vox03_fs005_ml1,0.2353,0.4636,2.337,0.796,1.355,457,0.936,5.039,1,1,1.5,1.0,0.0005,0.0005,30,1000,8,4,5,0.1,True,0.0,0.0,-0.005,0.02,0.05,0.01,0.0025,0.3,1,50,5,1,0.05,0.2,True
v6,imhi_v100_l010_d01_vox05_fs020_ml1,0.2359,0.6067,2.735,1.228,1.877,450,0.918,5.036,1,1,1.5,1.0,0.0005,0.0005,30,100,8,4,5,0.1,True,0.0,0.0,-0.01,0.02,0.05,0.01,0.0025,0.5,1,50,5,1,0.2,0.2,True
v7,fs025_vox05_v1000_be010_pf1_mp100_ga1,0.2359,0.4724,0.792,0.507,2.105,457,0.935,5.036,1,1,0.1,0.1,0.0005,0.0005,30,1000,8,4,5,0.1,True,0.0,0.0,-0.005,0.02,0.1,0.01,0.0025,0.5,1,100,5,1,0.25,0.2,True
v5,mid_v1000_bmid_l010_d02,0.2361,0.5237,1.608,0.732,2.843,457,0.949,5.037,1,1,0.5,0.3,0.001,0.001,30,1000,8,4,5,0.1,True,0.0,0.0,-0.01,0.02,0.05,0.02,0.0025,0.5,2,50,5,1,0.1,0.2,True
v7,fs025_vox03_v1000_be002_pf3_mp100_ga0,0.2361,0.5208,0.993,0.59,2.384,457,0.935,5.035,1,1,0.1,0.1,0.0005,0.0005,30,1000,8,4,5,0.1,True,0.0,0.0,-0.005,0.02,0.02,0.01,0.0025,0.3,1,100,5,3,0.25,0.2,False
v7,fs025_vox03_v1000_be010_pf3_mp50_ga0,0.2362,0.4518,0.763,0.622,1.858,451,0.937,5.036,1,1,0.1,0.1,0.0005,0.0005,30,1000,8,4,5,0.1,True,0.0,0.0,-0.005,0.02,0.1,0.01,0.0025,0.3,1,50,5,3,0.25,0.2,False
v5,hi_v1000_bhi_l010_d02,0.2363,0.5617,2.902,1.084,1.408,457,0.935,5.038,1,1,1.5,1.0,0.005,0.005,30,1000,8,4,5,0.1,True,0.0,0.0,-0.01,0.02,0.05,0.02,0.0025,0.5,2,50,5,1,0.1,0.2,True
v5,mid_v1000_bhi_l010_d02,0.2364,0.5257,1.611,0.672,2.365,458,0.936,5.03,1,1,0.5,0.3,0.005,0.005,30,1000,8,4,5,0.1,True,0.0,0.0,-0.01,0.02,0.05,0.02,0.0025,0.5,2,50,5,1,0.1,0.2,True
v7,fs015_vox03_v100_be005_pf1_mp100_ga0,0.2366,0.5753,1.159,2.411,37.395,460,0.936,5.033,1,1,0.1,0.1,0.0005,0.0005,30,100,8,4,5,0.1,True,0.0,0.0,-0.005,0.02,0.05,0.01,0.0025,0.3,1,100,5,1,0.15,0.2,False
v8,fs020_vox040_mp50_ps8_pl4_if30,0.2368,0.6492,1.48,1.788,23.463,457,0.935,5.032,1,1,0.1,0.1,0.0005,0.0005,30,100,8,4,5,0.1,True,0.0,0.0,-0.005,0.02,0.05,0.01,0.0025,0.4,1,50,5,3,0.2,0.2,True
v6,imhi_v1000_l005_d01_vox03_fs005_ml2,0.2373,0.4634,2.343,0.822,1.192,451,0.922,5.036,1,1,1.5,1.0,0.0005,0.0005,30,1000,8,4,5,0.1,True,0.0,0.0,-0.005,0.02,0.05,0.01,0.0025,0.3,2,50,5,1,0.05,0.2,True
v7,fs015_vox05_v1000_be002_pf1_mp50_ga1,0.2374,0.4159,1.017,0.517,1.951,451,0.935,5.048,1,1,0.1,0.1,0.0005,0.0005,30,1000,8,4,5,0.1,True,0.0,0.0,-0.005,0.02,0.02,0.01,0.0025,0.5,1,50,5,1,0.15,0.2,True
v6,imhi_v1000_l005_d01_vox03_fs005_ml3,0.2375,0.4634,2.336,0.8,1.269,451,0.934,5.032,1,1,1.5,1.0,0.0005,0.0005,30,1000,8,4,5,0.1,True,0.0,0.0,-0.005,0.02,0.05,0.01,0.0025,0.3,3,50,5,1,0.05,0.2,True
v7,fs015_vox03_v1000_be005_pf1_mp50_ga0,0.2384,0.4473,1.183,0.559,1.728,457,0.934,5.034,1,1,0.1,0.1,0.0005,0.0005,30,1000,8,4,5,0.1,True,0.0,0.0,-0.005,0.02,0.05,0.01,0.0025,0.3,1,50,5,1,0.15,0.2,False
v5,lo_v1000_bhi_l010_d01,0.2385,0.4299,1.495,0.949,6.171,451,0.935,5.037,1,1,0.1,0.1,0.005,0.005,30,1000,8,4,5,0.1,True,0.0,0.0,-0.01,0.02,0.05,0.01,0.0025,0.5,2,50,5,1,0.1,0.2,True
v6,imhi_v1000_l010_d00_vox05_fs005_ml1,0.2388,0.7076,2.298,3.159,2.142,453,0.934,5.038,1,1,1.5,1.0,0.0005,0.0005,30,1000,8,4,5,0.1,True,0.0,0.0,-0.01,0.02,0.05,0.0,0.0025,0.5,1,50,5,1,0.05,0.2,True
v5,mid_v1000_blo_l005_d01,0.2391,0.4961,1.638,0.674,3.342,457,0.935,5.042,1,1,0.5,0.3,0.0005,0.0005,30,1000,8,4,5,0.1,True,0.0,0.0,-0.005,0.02,0.05,0.01,0.0025,0.5,2,50,5,1,0.1,0.2,True
v6,imhi_v100_l005_d01_vox03_fs020_ml3,0.2395,0.7753,2.355,1.128,1.201,450,0.921,5.029,1,1,1.5,1.0,0.0005,0.0005,30,100,8,4,5,0.1,True,0.0,0.0,-0.005,0.02,0.05,0.01,0.0025,0.3,3,50,5,1,0.2,0.2,True
v5,mid_v1000_blo_l010_d01,0.2396,0.4663,1.798,0.902,13.382,457,0.936,5.035,1,1,0.5,0.3,0.0005,0.0005,30,1000,8,4,5,0.1,True,0.0,0.0,-0.01,0.02,0.05,0.01,0.0025,0.5,2,50,5,1,0.1,0.2,True
v5,mid_v1000_blo_l010_d02,0.2398,0.5173,1.616,0.835,3.806,459,0.948,5.046,1,1,0.5,0.3,0.0005,0.0005,30,1000,8,4,5,0.1,True,0.0,0.0,-0.01,0.02,0.05,0.02,0.0025,0.5,2,50,5,1,0.1,0.2,True
v7,fs020_vox05_v1000_be002_pf1_mp100_ga1,0.2398,0.5112,1.261,0.662,1.655,451,0.923,5.038,1,1,0.1,0.1,0.0005,0.0005,30,1000,8,4,5,0.1,True,0.0,0.0,-0.005,0.02,0.02,0.01,0.0025,0.5,1,100,5,1,0.2,0.2,True
v6,imhi_v100_l005_d00_vox03_fs020_ml1,0.2402,0.5157,1.933,2.088,5.605,459,0.938,5.04,1,1,1.5,1.0,0.0005,0.0005,30,100,8,4,5,0.1,True,0.0,0.0,-0.005,0.02,0.05,0.0,0.0025,0.3,1,50,5,1,0.2,0.2,True
v7,fs015_vox03_v1000_be010_pf1_mp50_ga1,0.2416,0.537,1.397,0.554,1.196,457,0.947,5.038,1,1,0.1,0.1,0.0005,0.0005,30,1000,8,4,5,0.1,True,0.0,0.0,-0.005,0.02,0.1,0.01,0.0025,0.3,1,50,5,1,0.15,0.2,True
v7,fs020_vox05_v1000_be002_pf3_mp100_ga0,0.2418,0.4726,0.691,0.58,1.841,457,0.935,5.038,1,1,0.1,0.1,0.0005,0.0005,30,1000,8,4,5,0.1,True,0.0,0.0,-0.005,0.02,0.02,0.01,0.0025,0.5,1,100,5,3,0.2,0.2,False
v5,lo_v1000_blo_l010_d01,0.2436,0.4948,1.51,0.998,9.695,457,0.936,5.046,1,1,0.1,0.1,0.0005,0.0005,30,1000,8,4,5,0.1,True,0.0,0.0,-0.01,0.02,0.05,0.01,0.0025,0.5,2,50,5,1,0.1,0.2,True
v5,hi_v100_blo_l010_d02,0.2439,0.5828,1.928,1.276,4.482,458,0.936,5.041,1,1,1.5,1.0,0.0005,0.0005,30,100,8,4,5,0.1,True,0.0,0.0,-0.01,0.02,0.05,0.02,0.0025,0.5,2,50,5,1,0.1,0.2,True
v6,imhi_v100_l010_d00_vox05_fs020_ml3,0.2441,0.5647,2.285,1.504,1.823,460,0.951,5.046,1,1,1.5,1.0,0.0005,0.0005,30,100,8,4,5,0.1,True,0.0,0.0,-0.01,0.02,0.05,0.0,0.0025,0.5,3,50,5,1,0.2,0.2,True
v7,fs025_vox03_v100_be005_pf1_mp50_ga0,0.2444,0.5276,1.281,0.921,1.248,457,0.935,5.038,1,1,0.1,0.1,0.0005,0.0005,30,100,8,4,5,0.1,True,0.0,0.0,-0.005,0.02,0.05,0.01,0.0025,0.3,1,50,5,1,0.25,0.2,False
v5,lo_v100_bhi_l005_d03,0.2455,0.6761,1.411,0.906,1.872,458,0.95,5.035,1,1,0.1,0.1,0.005,0.005,30,100,8,4,5,0.1,True,0.0,0.0,-0.005,0.02,0.05,0.03,0.0025,0.5,2,50,5,1,0.1,0.2,True
v6,imlo_v1000_l005_d00_vox05_fs005_ml2,0.2461,0.5805,1.368,1.616,22.575,457,0.936,5.036,1,1,0.1,0.1,0.0005,0.0005,30,1000,8,4,5,0.1,True,0.0,0.0,-0.005,0.02,0.05,0.0,0.0025,0.5,2,50,5,1,0.05,0.2,True
v7,fs025_vox03_v1000_be002_pf1_mp100_ga1,0.2463,0.4121,1.063,0.54,1.432,457,0.935,5.036,1,1,0.1,0.1,0.0005,0.0005,30,1000,8,4,5,0.1,True,0.0,0.0,-0.005,0.02,0.02,0.01,0.0025,0.3,1,100,5,1,0.25,0.2,True
v5,hi_v100_bhi_l005_d02,0.2467,0.9484,1.776,1.107,1.833,457,0.948,5.034,1,1,1.5,1.0,0.005,0.005,30,100,8,4,5,0.1,True,0.0,0.0,-0.005,0.02,0.05,0.02,0.0025,0.5,2,50,5,1,0.1,0.2,True
v5,mid_v1000_bhi_l005_d03,0.2472,0.5297,1.86,0.698,2.171,458,0.937,5.033,1,1,0.5,0.3,0.005,0.005,30,1000,8,4,5,0.1,True,0.0,0.0,-0.005,0.02,0.05,0.03,0.0025,0.5,2,50,5,1,0.1,0.2,True
v5,hi_v1000_blo_l010_d02,0.2473,0.5047,2.668,1.19,2.452,452,0.926,5.032,1,1,1.5,1.0,0.0005,0.0005,30,1000,8,4,5,0.1,True,0.0,0.0,-0.01,0.02,0.05,0.02,0.0025,0.5,2,50,5,1,0.1,0.2,True
v6,imhi_v1000_l010_d01_vox03_fs020_ml1,0.2478,0.5211,1.726,0.653,7.294,457,0.947,5.032,1,1,1.5,1.0,0.0005,0.0005,30,1000,8,4,5,0.1,True,0.0,0.0,-0.01,0.02,0.05,0.01,0.0025,0.3,1,50,5,1,0.2,0.2,True
v5,mid_v1000_bmid_l005_d01,0.248,0.4941,1.877,1.602,6.451,451,0.923,5.041,1,1,0.5,0.3,0.001,0.001,30,1000,8,4,5,0.1,True,0.0,0.0,-0.005,0.02,0.05,0.01,0.0025,0.5,2,50,5,1,0.1,0.2,True
v6,imlo_v1000_l010_d00_vox05_fs020_ml2,0.248,0.558,0.953,0.724,4.443,452,0.923,5.039,1,1,0.1,0.1,0.0005,0.0005,30,1000,8,4,5,0.1,True,0.0,0.0,-0.01,0.02,0.05,0.0,0.0025,0.5,2,50,5,1,0.2,0.2,True
v5,hi_v100_blo_l005_d02,0.2481,0.9466,1.778,1.14,3.824,457,0.935,5.034,1,1,1.5,1.0,0.0005,0.0005,30,100,8,4,5,0.1,True,0.0,0.0,-0.005,0.02,0.05,0.02,0.0025,0.5,2,50,5,1,0.1,0.2,True
v7,fs020_vox05_v1000_be005_pf1_mp100_ga0,0.2483,0.4815,1.142,0.417,1.899,451,0.936,5.038,1,1,0.1,0.1,0.0005,0.0005,30,1000,8,4,5,0.1,True,0.0,0.0,-0.005,0.02,0.05,0.01,0.0025,0.5,1,100,5,1,0.2,0.2,False
v5,hi_v100_bmid_l005_d02,0.2484,0.9516,1.716,1.587,11.333,452,0.923,5.042,1,1,1.5,1.0,0.001,0.001,30,100,8,4,5,0.1,True,0.0,0.0,-0.005,0.02,0.05,0.02,0.0025,0.5,2,50,5,1,0.1,0.2,True
v5,mid_v1000_blo_l005_d03,0.2484,0.5171,1.767,0.979,10.461,458,0.937,5.034,1,1,0.5,0.3,0.0005,0.0005,30,1000,8,4,5,0.1,True,0.0,0.0,-0.005,0.02,0.05,0.03,0.0025,0.5,2,50,5,1,0.1,0.2,True
v5,lo_v1000_bmid_l010_d02,0.2497,0.5481,1.365,0.548,2.546,452,0.938,5.033,1,1,0.1,0.1,0.001,0.001,30,1000,8,4,5,0.1,True,0.0,0.0,-0.01,0.02,0.05,0.02,0.0025,0.5,2,50,5,1,0.1,0.2,True
v7,fs015_vox05_v1000_be010_pf1_mp100_ga1,0.2504,0.5754,0.724,0.867,1.919,451,0.923,5.039,1,1,0.1,0.1,0.0005,0.0005,30,1000,8,4,5,0.1,True,0.0,0.0,-0.005,0.02,0.1,0.01,0.0025,0.5,1,100,5,1,0.15,0.2,True
v5,mid_v1000_bmid_l005_d03,0.2506,0.5304,1.864,0.915,3.105,457,0.935,5.037,1,1,0.5,0.3,0.001,0.001,30,1000,8,4,5,0.1,True,0.0,0.0,-0.005,0.02,0.05,0.03,0.0025,0.5,2,50,5,1,0.1,0.2,True
v5,mid_v1000_bmid_l010_d01,0.2508,0.4964,1.844,1.258,7.773,451,0.936,5.041,1,1,0.5,0.3,0.001,0.001,30,1000,8,4,5,0.1,True,0.0,0.0,-0.01,0.02,0.05,0.01,0.0025,0.5,2,50,5,1,0.1,0.2,True
v5,hi_v1000_bhi_l010_d03,0.2517,0.5537,2.993,0.845,2.019,457,0.935,5.037,1,1,1.5,1.0,0.005,0.005,30,1000,8,4,5,0.1,True,0.0,0.0,-0.01,0.02,0.05,0.03,0.0025,0.5,2,50,5,1,0.1,0.2,True
v6,imlo_v1000_l010_d00_vox03_fs020_ml1,0.2517,0.8678,0.913,0.752,4.224,452,0.922,5.039,1,1,0.1,0.1,0.0005,0.0005,30,1000,8,4,5,0.1,True,0.0,0.0,-0.01,0.02,0.05,0.0,0.0025,0.3,1,50,5,1,0.2,0.2,True
v6,imhi_v1000_l005_d00_vox05_fs005_ml2,0.2519,0.6614,2.67,3.01,1.457,457,0.946,5.033,1,1,1.5,1.0,0.0005,0.0005,30,1000,8,4,5,0.1,True,0.0,0.0,-0.005,0.02,0.05,0.0,0.0025,0.5,2,50,5,1,0.05,0.2,True
v7,fs025_vox05_v1000_be005_pf1_mp100_ga1,0.2525,0.5788,1.066,0.59,1.499,457,0.948,5.033,1,1,0.1,0.1,0.0005,0.0005,30,1000,8,4,5,0.1,True,0.0,0.0,-0.005,0.02,0.05,0.01,0.0025,0.5,1,100,5,1,0.25,0.2,True
v6,imhi_v1000_l005_d00_vox05_fs005_ml3,0.2535,0.6642,2.686,2.991,1.517,458,0.937,5.034,1,1,1.5,1.0,0.0005,0.0005,30,1000,8,4,5,0.1,True,0.0,0.0,-0.005,0.02,0.05,0.0,0.0025,0.5,3,50,5,1,0.05,0.2,True
v7,fs015_vox05_v100_be010_pf1_mp100_ga0,0.2535,0.5005,0.794,0.843,1.76,450,0.921,5.037,1,1,0.1,0.1,0.0005,0.0005,30,100,8,4,5,0.1,True,0.0,0.0,-0.005,0.02,0.1,0.01,0.0025,0.5,1,100,5,1,0.15,0.2,False
v7,fs020_vox03_v1000_be010_pf3_mp100_ga1,0.2536,0.6101,0.615,0.606,3.146,452,0.926,5.038,1,1,0.1,0.1,0.0005,0.0005,30,1000,8,4,5,0.1,True,0.0,0.0,-0.005,0.02,0.1,0.01,0.0025,0.3,1,100,5,3,0.2,0.2,True
v6,imhi_v1000_l005_d01_vox05_fs020_ml1,0.2548,0.5165,2.059,0.929,2.176,458,0.935,5.034,1,1,1.5,1.0,0.0005,0.0005,30,1000,8,4,5,0.1,True,0.0,0.0,-0.005,0.02,0.05,0.01,0.0025,0.5,1,50,5,1,0.2,0.2,True
v6,imhi_v1000_l010_d00_vox03_fs005_ml2,0.2548,0.5761,2.333,0.833,1.569,458,0.935,5.036,1,1,1.5,1.0,0.0005,0.0005,30,1000,8,4,5,0.1,True,0.0,0.0,-0.01,0.02,0.05,0.0,0.0025,0.3,2,50,5,1,0.05,0.2,True
v5,mid_v1000_bmid_l005_d02,0.2554,0.5241,1.502,0.784,2.957,451,0.923,5.034,1,1,0.5,0.3,0.001,0.001,30,1000,8,4,5,0.1,True,0.0,0.0,-0.005,0.02,0.05,0.02,0.0025,0.5,2,50,5,1,0.1,0.2,True
v5,mid_v100_bhi_l005_d02,0.2555,0.586,2.119,2.317,27.634,457,0.935,5.03,1,1,0.5,0.3,0.005,0.005,30,100,8,4,5,0.1,True,0.0,0.0,-0.005,0.02,0.05,0.02,0.0025,0.5,2,50,5,1,0.1,0.2,True
v5,lo_v1000_blo_l005_d02,0.2557,0.7125,1.243,1.559,22.474,459,0.938,5.03,1,1,0.1,0.1,0.0005,0.0005,30,1000,8,4,5,0.1,True,0.0,0.0,-0.005,0.02,0.05,0.02,0.0025,0.5,2,50,5,1,0.1,0.2,True
v6,imhi_v1000_l010_d00_vox03_fs005_ml3,0.256,0.5794,2.341,0.864,1.626,451,0.923,5.034,1,1,1.5,1.0,0.0005,0.0005,30,1000,8,4,5,0.1,True,0.0,0.0,-0.01,0.02,0.05,0.0,0.0025,0.3,3,50,5,1,0.05,0.2,True
v6,imhi_v1000_l010_d00_vox03_fs005_ml1,0.259,0.5826,2.336,0.839,1.461,461,0.936,5.038,1,1,1.5,1.0,0.0005,0.0005,30,1000,8,4,5,0.1,True,0.0,0.0,-0.01,0.02,0.05,0.0,0.0025,0.3,1,50,5,1,0.05,0.2,True
v5,mid_v1000_bhi_l010_d03,0.2598,0.6633,1.703,0.614,1.898,458,0.937,5.032,1,1,0.5,0.3,0.005,0.005,30,1000,8,4,5,0.1,True,0.0,0.0,-0.01,0.02,0.05,0.03,0.0025,0.5,2,50,5,1,0.1,0.2,True
v5,lo_v1000_blo_l005_d01,0.2619,0.5629,1.418,1.569,14.21,459,0.937,5.028,1,1,0.1,0.1,0.0005,0.0005,30,1000,8,4,5,0.1,True,0.0,0.0,-0.005,0.02,0.05,0.01,0.0025,0.5,2,50,5,1,0.1,0.2,True
v5,hi_v1000_bmid_l000_d03,0.2621,0.9708,2.503,2.873,2.577,459,0.937,5.039,1,1,1.5,1.0,0.001,0.001,30,1000,8,4,5,0.1,True,0.0,0.0,0.0,0.02,0.05,0.03,0.0025,0.5,2,50,5,1,0.1,0.2,True
v5,lo_v1000_blo_l010_d02,0.2629,0.5467,1.447,0.935,4.255,451,0.923,5.034,1,1,0.1,0.1,0.0005,0.0005,30,1000,8,4,5,0.1,True,0.0,0.0,-0.01,0.02,0.05,0.02,0.0025,0.5,2,50,5,1,0.1,0.2,True
v7,fs015_vox05_v1000_be002_pf3_mp50_ga0,0.263,0.569,1.114,0.507,1.718,454,0.922,5.035,1,1,0.1,0.1,0.0005,0.0005,30,1000,8,4,5,0.1,True,0.0,0.0,-0.005,0.02,0.02,0.01,0.0025,0.5,1,50,5,3,0.15,0.2,False
v6,imlo_v100_l010_d00_vox03_fs005_ml2,0.2631,0.7377,1.396,2.34,64.791,444,0.936,5.027,1,1,0.1,0.1,0.0005,0.0005,30,100,8,4,5,0.1,True,0.0,0.0,-0.01,0.02,0.05,0.0,0.0025,0.3,2,50,5,1,0.05,0.2,True
v6,imlo_v1000_l005_d01_vox05_fs020_ml1,0.2637,0.4986,1.349,0.659,1.589,457,0.936,5.041,1,1,0.1,0.1,0.0005,0.0005,30,1000,8,4,5,0.1,True,0.0,0.0,-0.005,0.02,0.05,0.01,0.0025,0.5,1,50,5,1,0.2,0.2,True
v7,fs020_vox05_v1000_be005_pf1_mp50_ga1,0.2644,0.4975,1.327,0.583,1.564,457,0.947,5.038,1,1,0.1,0.1,0.0005,0.0005,30,1000,8,4,5,0.1,True,0.0,0.0,-0.005,0.02,0.05,0.01,0.0025,0.5,1,50,5,1,0.2,0.2,True
v6,imhi_v100_l005_d01_vox05_fs020_ml3,0.2645,1.087,1.744,1.329,2.418,460,0.936,5.04,1,1,1.5,1.0,0.0005,0.0005,30,100,8,4,5,0.1,True,0.0,0.0,-0.005,0.02,0.05,0.01,0.0025,0.5,3,50,5,1,0.2,0.2,True
v5,hi_v100_blo_l000_d01,0.2646,0.6455,2.16,1.127,2.178,458,0.935,5.035,1,1,1.5,1.0,0.0005,0.0005,30,100,8,4,5,0.1,True,0.0,0.0,0.0,0.02,0.05,0.01,0.0025,0.5,2,50,5,1,0.1,0.2,True
v6,imhi_v100_l010_d00_vox05_fs020_ml2,0.2657,0.9725,1.833,1.751,2.458,450,0.934,5.047,1,1,1.5,1.0,0.0005,0.0005,30,100,8,4,5,0.1,True,0.0,0.0,-0.01,0.02,0.05,0.0,0.0025,0.5,2,50,5,1,0.2,0.2,True
v8,fs018_vox030_mp50_ps8_pl4_if20,0.2658,0.6252,1.301,1.063,1.097,457,0.935,5.035,1,1,0.1,0.1,0.0005,0.0005,20,100,8,4,5,0.1,True,0.0,0.0,-0.005,0.02,0.05,0.01,0.0025,0.3,1,50,5,3,0.18,0.2,True
v5,lo_v1000_blo_l005_d03,0.2661,0.6,1.69,1.505,12.459,460,0.937,5.029,1,1,0.1,0.1,0.0005,0.0005,30,1000,8,4,5,0.1,True,0.0,0.0,-0.005,0.02,0.05,0.03,0.0025,0.5,2,50,5,1,0.1,0.2,True
v6,imlo_v1000_l005_d00_vox08_fs020_ml3,0.2665,0.5237,1.013,0.562,1.725,457,0.935,5.036,1,1,0.1,0.1,0.0005,0.0005,30,1000,8,4,5,0.1,True,0.0,0.0,-0.005,0.02,0.05,0.0,0.0025,0.8,3,50,5,1,0.2,0.2,True
v5,lo_v1000_bmid_l005_d01,0.2668,0.6146,1.392,1.446,18.037,457,0.936,5.038,1,1,0.1,0.1,0.001,0.001,30,1000,8,4,5,0.1,True,0.0,0.0,-0.005,0.02,0.05,0.01,0.0025,0.5,2,50,5,1,0.1,0.2,True
v6,imhi_v1000_l010_d00_vox03_fs020_ml3,0.2668,0.5538,1.677,0.708,1.58,451,0.933,5.03,1,1,1.5,1.0,0.0005,0.0005,30,1000,8,4,5,0.1,True,0.0,0.0,-0.01,0.02,0.05,0.0,0.0025,0.3,3,50,5,1,0.2,0.2,True
v6,imhi_v1000_l010_d00_vox05_fs020_ml3,0.2674,0.4878,2.281,0.763,1.602,457,0.935,5.035,1,1,1.5,1.0,0.0005,0.0005,30,1000,8,4,5,0.1,True,0.0,0.0,-0.01,0.02,0.05,0.0,0.0025,0.5,3,50,5,1,0.2,0.2,True
v5,hi_v100_blo_l005_d01,0.2685,0.6288,2.087,1.244,3.982,458,0.938,5.036,1,1,1.5,1.0,0.0005,0.0005,30,100,8,4,5,0.1,True,0.0,0.0,-0.005,0.02,0.05,0.01,0.0025,0.5,2,50,5,1,0.1,0.2,True
v5,hi_v100_blo_l010_d01,0.2688,0.622,1.735,1.133,5.335,452,0.934,5.034,1,1,1.5,1.0,0.0005,0.0005,30,100,8,4,5,0.1,True,0.0,0.0,-0.01,0.02,0.05,0.01,0.0025,0.5,2,50,5,1,0.1,0.2,True
v5,mid_v1000_blo_l000_d02,0.2688,0.5932,1.82,1.393,4.428,452,0.923,5.038,1,1,0.5,0.3,0.0005,0.0005,30,1000,8,4,5,0.1,True,0.0,0.0,0.0,0.02,0.05,0.02,0.0025,0.5,2,50,5,1,0.1,0.2,True
v6,imlo_v100_l010_d00_vox03_fs005_ml1,0.2691,0.7366,1.485,2.07,71.622,454,0.936,5.029,1,1,0.1,0.1,0.0005,0.0005,30,100,8,4,5,0.1,True,0.0,0.0,-0.01,0.02,0.05,0.0,0.0025,0.3,1,50,5,1,0.05,0.2,True
v8,fs015_vox040_mp100_ps4_pl4_if20,0.271,1.1458,1.387,1.256,1.758,451,0.923,5.039,1,1,0.1,0.1,0.0005,0.0005,20,100,4,4,5,0.1,True,0.0,0.0,-0.005,0.02,0.05,0.01,0.0025,0.4,1,100,5,3,0.15,0.2,True
v6,imlo_v1000_l005_d00_vox03_fs020_ml1,0.2715,0.733,0.966,1.006,2.167,461,0.951,5.034,1,1,0.1,0.1,0.0005,0.0005,30,1000,8,4,5,0.1,True,0.0,0.0,-0.005,0.02,0.05,0.0,0.0025,0.3,1,50,5,1,0.2,0.2,True
v6,imhi_v1000_l010_d00_vox05_fs020_ml2,0.2724,0.5278,2.487,0.682,1.53,457,0.935,5.032,1,1,1.5,1.0,0.0005,0.0005,30,1000,8,4,5,0.1,True,0.0,0.0,-0.01,0.02,0.05,0.0,0.0025,0.5,2,50,5,1,0.2,0.2,True
v6,imhi_v100_l005_d01_vox03_fs005_ml2,0.273,0.7415,2.388,0.705,2.107,459,0.936,5.037,1,1,1.5,1.0,0.0005,0.0005,30,100,8,4,5,0.1,True,0.0,0.0,-0.005,0.02,0.05,0.01,0.0025,0.3,2,50,5,1,0.05,0.2,True
v6,imhi_v100_l005_d01_vox03_fs005_ml1,0.2735,0.7419,2.391,0.704,2.052,461,0.948,5.036,1,1,1.5,1.0,0.0005,0.0005,30,100,8,4,5,0.1,True,0.0,0.0,-0.005,0.02,0.05,0.01,0.0025,0.3,1,50,5,1,0.05,0.2,True
v6,imlo_v1000_l005_d01_vox03_fs020_ml3,0.2737,0.651,0.946,0.678,4.078,460,0.937,5.034,1,1,0.1,0.1,0.0005,0.0005,30,1000,8,4,5,0.1,True,0.0,0.0,-0.005,0.02,0.05,0.01,0.0025,0.3,3,50,5,1,0.2,0.2,True
v5,lo_v100_bmid_l005_d03,0.2748,0.7061,1.827,2.609,24.974,440,0.937,5.032,1,1,0.1,0.1,0.001,0.001,30,100,8,4,5,0.1,True,0.0,0.0,-0.005,0.02,0.05,0.03,0.0025,0.5,2,50,5,1,0.1,0.2,True
v5,lo_v100_bmid_l010_d02,0.2754,0.7521,1.768,2.762,52.484,438,0.924,5.03,1,1,0.1,0.1,0.001,0.001,30,100,8,4,5,0.1,True,0.0,0.0,-0.01,0.02,0.05,0.02,0.0025,0.5,2,50,5,1,0.1,0.2,True
v6,imhi_v1000_l005_d01_vox03_fs020_ml1,0.2754,0.5594,1.489,0.553,1.958,451,0.936,5.04,1,1,1.5,1.0,0.0005,0.0005,30,1000,8,4,5,0.1,True,0.0,0.0,-0.005,0.02,0.05,0.01,0.0025,0.3,1,50,5,1,0.2,0.2,True
v6,imhi_v100_l005_d01_vox05_fs005_ml2,0.2764,0.7323,2.913,1.615,4.413,460,0.933,5.034,1,1,1.5,1.0,0.0005,0.0005,30,100,8,4,5,0.1,True,0.0,0.0,-0.005,0.02,0.05,0.01,0.0025,0.5,2,50,5,1,0.05,0.2,True
v7,fs015_vox03_v100_be010_pf3_mp100_ga1,0.2772,0.8137,1.609,2.246,59.353,405,0.936,5.043,1,1,0.1,0.1,0.0005,0.0005,30,100,8,4,5,0.1,True,0.0,0.0,-0.005,0.02,0.1,0.01,0.0025,0.3,1,100,5,3,0.15,0.2,True
v6,imhi_v1000_l010_d01_vox03_fs020_ml2,0.2776,0.6407,1.995,0.795,1.852,450,0.921,5.036,1,1,1.5,1.0,0.0005,0.0005,30,1000,8,4,5,0.1,True,0.0,0.0,-0.01,0.02,0.05,0.01,0.0025,0.3,2,50,5,1,0.2,0.2,True
v7,fs025_vox05_v1000_be005_pf1_mp50_ga1,0.2779,0.5953,0.645,0.57,1.99,457,0.935,5.038,1,1,0.1,0.1,0.0005,0.0005,30,1000,8,4,5,0.1,True,0.0,0.0,-0.005,0.02,0.05,0.01,0.0025,0.5,1,50,5,1,0.25,0.2,True
v7,fs025_vox05_v1000_be002_pf1_mp100_ga0,0.2785,0.53,1.156,0.55,1.795,457,0.949,5.035,1,1,0.1,0.1,0.0005,0.0005,30,1000,8,4,5,0.1,True,0.0,0.0,-0.005,0.02,0.02,0.01,0.0025,0.5,1,100,5,1,0.25,0.2,False
v5,mid_v1000_blo_l010_d03,0.2792,0.6757,1.609,1.201,15.133,450,0.921,5.041,1,1,0.5,0.3,0.0005,0.0005,30,1000,8,4,5,0.1,True,0.0,0.0,-0.01,0.02,0.05,0.03,0.0025,0.5,2,50,5,1,0.1,0.2,True
v6,imhi_v1000_l010_d00_vox03_fs020_ml1,0.2794,0.5043,1.876,0.636,1.92,458,0.937,5.041,1,1,1.5,1.0,0.0005,0.0005,30,1000,8,4,5,0.1,True,0.0,0.0,-0.01,0.02,0.05,0.0,0.0025,0.3,1,50,5,1,0.2,0.2,True
v5,hi_v100_bmid_l000_d01,0.2801,0.6531,2.17,1.304,4.797,457,0.949,5.028,1,1,1.5,1.0,0.001,0.001,30,100,8,4,5,0.1,True,0.0,0.0,0.0,0.02,0.05,0.01,0.0025,0.5,2,50,5,1,0.1,0.2,True
v5,hi_v100_bmid_l000_d02,0.2806,0.7176,1.628,1.323,6.703,459,0.95,5.037,1,1,1.5,1.0,0.001,0.001,30,100,8,4,5,0.1,True,0.0,0.0,0.0,0.02,0.05,0.02,0.0025,0.5,2,50,5,1,0.1,0.2,True
v8,fs015_vox030_mp100_ps4_pl4_if30,0.2811,0.8358,0.83,0.968,2.902,451,0.923,5.035,1,1,0.1,0.1,0.0005,0.0005,30,100,4,4,5,0.1,True,0.0,0.0,-0.005,0.02,0.05,0.01,0.0025,0.3,1,100,5,3,0.15,0.2,True
v5,lo_v100_bmid_l005_d02,0.2815,0.8824,1.789,2.524,25.328,457,0.935,5.038,1,1,0.1,0.1,0.001,0.001,30,100,8,4,5,0.1,True,0.0,0.0,-0.005,0.02,0.05,0.02,0.0025,0.5,2,50,5,1,0.1,0.2,True
v6,imhi_v1000_l005_d00_vox03_fs020_ml3,0.2821,0.5074,1.925,0.634,1.699,452,0.937,5.035,1,1,1.5,1.0,0.0005,0.0005,30,1000,8,4,5,0.1,True,0.0,0.0,-0.005,0.02,0.05,0.0,0.0025,0.3,3,50,5,1,0.2,0.2,True
v5,lo_v1000_bhi_l010_d02,0.2823,0.534,1.474,1.535,15.557,459,0.949,5.033,1,1,0.1,0.1,0.005,0.005,30,1000,8,4,5,0.1,True,0.0,0.0,-0.01,0.02,0.05,0.02,0.0025,0.5,2,50,5,1,0.1,0.2,True
v7,fs025_vox03_v1000_be005_pf3_mp100_ga0,0.2827,0.6595,0.593,0.717,5.494,457,0.947,5.038,1,1,0.1,0.1,0.0005,0.0005,30,1000,8,4,5,0.1,True,0.0,0.0,-0.005,0.02,0.05,0.01,0.0025,0.3,1,100,5,3,0.25,0.2,False
v7,fs015_vox03_v1000_be010_pf1_mp50_ga0,0.2843,0.8069,1.209,0.98,2.807,450,0.921,5.039,1,1,0.1,0.1,0.0005,0.0005,30,1000,8,4,5,0.1,True,0.0,0.0,-0.005,0.02,0.1,0.01,0.0025,0.3,1,50,5,1,0.15,0.2,False
v6,imlo_v1000_l010_d01_vox03_fs020_ml3,0.2845,0.8356,0.699,0.896,3.385,451,0.935,5.031,1,1,0.1,0.1,0.0005,0.0005,30,1000,8,4,5,0.1,True,0.0,0.0,-0.01,0.02,0.05,0.01,0.0025,0.3,3,50,5,1,0.2,0.2,True
v6,imlo_v100_l010_d00_vox03_fs005_ml3,0.285,0.7394,1.547,2.249,72.755,430,0.937,5.016,1,1,0.1,0.1,0.0005,0.0005,30,100,8,4,5,0.1,True,0.0,0.0,-0.01,0.02,0.05,0.0,0.0025,0.3,3,50,5,1,0.05,0.2,True
v6,imlo_v100_l010_d01_vox03_fs005_ml1,0.285,0.8039,1.452,2.391,42.997,451,0.921,5.03,1,1,0.1,0.1,0.0005,0.0005,30,100,8,4,5,0.1,True,0.0,0.0,-0.01,0.02,0.05,0.01,0.0025,0.3,1,50,5,1,0.05,0.2,True
v7,fs025_vox03_v1000_be005_pf1_mp50_ga1,0.2852,0.8064,0.806,0.585,1.881,457,0.935,5.034,1,1,0.1,0.1,0.0005,0.0005,30,1000,8,4,5,0.1,True,0.0,0.0,-0.005,0.02,0.05,0.01,0.0025,0.3,1,50,5,1,0.25,0.2,True
v7,fs015_vox03_v100_be002_pf1_mp50_ga0,0.2858,0.6637,1.287,0.741,1.934,460,0.935,5.031,1,1,0.1,0.1,0.0005,0.0005,30,100,8,4,5,0.1,True,0.0,0.0,-0.005,0.02,0.02,0.01,0.0025,0.3,1,50,5,1,0.15,0.2,False
v6,imhi_v1000_l010_d00_vox08_fs020_ml3,0.286,0.6221,1.678,0.833,2.893,450,0.919,5.034,1,1,1.5,1.0,0.0005,0.0005,30,1000,8,4,5,0.1,True,0.0,0.0,-0.01,0.02,0.05,0.0,0.0025,0.8,3,50,5,1,0.2,0.2,True
v5,mid_v1000_bhi_l000_d01,0.2862,0.6344,1.903,1.578,7.361,457,0.935,5.026,1,1,0.5,0.3,0.005,0.005,30,1000,8,4,5,0.1,True,0.0,0.0,0.0,0.02,0.05,0.01,0.0025,0.5,2,50,5,1,0.1,0.2,True
v5,hi_v100_bhi_l005_d01,0.2872,0.6425,2.28,2.218,37.114,457,0.935,5.035,1,1,1.5,1.0,0.005,0.005,30,100,8,4,5,0.1,True,0.0,0.0,-0.005,0.02,0.05,0.01,0.0025,0.5,2,50,5,1,0.1,0.2,True
v5,mid_v100_blo_l005_d02,0.2874,0.6085,2.09,2.908,38.004,461,0.936,5.038,1,1,0.5,0.3,0.0005,0.0005,30,100,8,4,5,0.1,True,0.0,0.0,-0.005,0.02,0.05,0.02,0.0025,0.5,2,50,5,1,0.1,0.2,True
v6,imhi_v1000_l005_d00_vox08_fs020_ml1,0.2876,0.639,2.09,1.328,3.33,459,0.937,5.034,1,1,1.5,1.0,0.0005,0.0005,30,1000,8,4,5,0.1,True,0.0,0.0,-0.005,0.02,0.05,0.0,0.0025,0.8,1,50,5,1,0.2,0.2,True
v5,mid_v1000_blo_l000_d01,0.2885,0.5994,1.784,1.08,7.15,450,0.935,5.041,1,1,0.5,0.3,0.0005,0.0005,30,1000,8,4,5,0.1,True,0.0,0.0,0.0,0.02,0.05,0.01,0.0025,0.5,2,50,5,1,0.1,0.2,True
v7,fs015_vox03_v100_be010_pf3_mp50_ga1,0.2893,0.7663,1.259,2.0,59.285,397,0.936,5.038,1,1,0.1,0.1,0.0005,0.0005,30,100,8,4,5,0.1,True,0.0,0.0,-0.005,0.02,0.1,0.01,0.0025,0.3,1,50,5,3,0.15,0.2,True
v6,imhi_v1000_l010_d00_vox03_fs020_ml2,0.2898,0.5975,2.037,0.648,1.598,457,0.935,5.038,1,1,1.5,1.0,0.0005,0.0005,30,1000,8,4,5,0.1,True,0.0,0.0,-0.01,0.02,0.05,0.0,0.0025,0.3,2,50,5,1,0.2,0.2,True
v5,lo_v100_blo_l010_d02,0.2899,0.8675,1.646,2.043,60.811,433,0.951,5.028,1,1,0.1,0.1,0.0005,0.0005,30,100,8,4,5,0.1,True,0.0,0.0,-0.01,0.02,0.05,0.02,0.0025,0.5,2,50,5,1,0.1,0.2,True
v6,imhi_v100_l010_d00_vox03_fs020_ml2,0.2902,0.9481,1.754,2.531,5.296,458,0.949,5.039,1,1,1.5,1.0,0.0005,0.0005,30,100,8,4,5,0.1,True,0.0,0.0,-0.01,0.02,0.05,0.0,0.0025,0.3,2,50,5,1,0.2,0.2,True
v6,imhi_v100_l005_d00_vox08_fs020_ml1,0.2904,0.6809,2.218,1.866,3.251,456,0.937,5.033,1,1,1.5,1.0,0.0005,0.0005,30,100,8,4,5,0.1,True,0.0,0.0,-0.005,0.02,0.05,0.0,0.0025,0.8,1,50,5,1,0.2,0.2,True
v6,imhi_v1000_l010_d01_vox05_fs005_ml3,0.2907,0.9252,3.816,2.241,33.24,457,0.948,5.035,1,1,1.5,1.0,0.0005,0.0005,30,1000,8,4,5,0.1,True,0.0,0.0,-0.01,0.02,0.05,0.01,0.0025,0.5,3,50,5,1,0.05,0.2,True
v6,imhi_v1000_l010_d00_vox05_fs020_ml1,0.2914,0.5783,2.757,0.857,1.333,452,0.926,5.038,1,1,1.5,1.0,0.0005,0.0005,30,1000,8,4,5,0.1,True,0.0,0.0,-0.01,0.02,0.05,0.0,0.0025,0.5,1,50,5,1,0.2,0.2,True
v7,fs020_vox05_v1000_be005_pf1_mp50_ga0,0.2916,0.5841,1.485,0.579,1.868,458,0.938,5.032,1,1,0.1,0.1,0.0005,0.0005,30,1000,8,4,5,0.1,True,0.0,0.0,-0.005,0.02,0.05,0.01,0.0025,0.5,1,50,5,1,0.2,0.2,False
v5,lo_v1000_bmid_l010_d03,0.292,0.8377,1.761,0.893,1.838,457,0.935,5.037,1,1,0.1,0.1,0.001,0.001,30,1000,8,4,5,0.1,True,0.0,0.0,-0.01,0.02,0.05,0.03,0.0025,0.5,2,50,5,1,0.1,0.2,True
v6,imhi_v1000_l005_d01_vox03_fs020_ml3,0.292,0.5848,1.932,0.489,2.201,451,0.935,5.033,1,1,1.5,1.0,0.0005,0.0005,30,1000,8,4,5,0.1,True,0.0,0.0,-0.005,0.02,0.05,0.01,0.0025,0.3,3,50,5,1,0.2,0.2,True
v5,lo_v1000_bmid_l005_d03,0.2923,0.8808,1.562,0.944,2.031,457,0.947,5.034,1,1,0.1,0.1,0.001,0.001,30,1000,8,4,5,0.1,True,0.0,0.0,-0.005,0.02,0.05,0.03,0.0025,0.5,2,50,5,1,0.1,0.2,True
v5,hi_v1000_bmid_l010_d02,0.2924,0.7397,3.038,1.154,1.903,452,0.925,5.036,1,1,1.5,1.0,0.001,0.001,30,1000,8,4,5,0.1,True,0.0,0.0,-0.01,0.02,0.05,0.02,0.0025,0.5,2,50,5,1,0.1,0.2,True
v7,fs015_vox05_v1000_be002_pf3_mp100_ga0,0.2924,0.5898,1.227,0.597,1.926,454,0.922,5.034,1,1,0.1,0.1,0.0005,0.0005,30,1000,8,4,5,0.1,True,0.0,0.0,-0.005,0.02,0.02,0.01,0.0025,0.5,1,100,5,3,0.15,0.2,False
v8,fs018_vox040_mp50_ps4_pl4_if50,0.2926,1.262,1.12,0.88,2.529,458,0.934,5.036,1,1,0.1,0.1,0.0005,0.0005,50,100,4,4,5,0.1,True,0.0,0.0,-0.005,0.02,0.05,0.01,0.0025,0.4,1,50,5,3,0.18,0.2,True
v7,fs025_vox05_v100_be010_pf3_mp100_ga0,0.2927,0.9513,1.807,1.715,2.099,458,0.949,5.034,1,1,0.1,0.1,0.0005,0.0005,30,100,8,4,5,0.1,True,0.0,0.0,-0.005,0.02,0.1,0.01,0.0025,0.5,1,100,5,3,0.25,0.2,False
v7,fs020_vox05_v1000_be010_pf1_mp100_ga1,0.2929,0.7394,1.198,0.73,3.288,451,0.935,5.035,1,1,0.1,0.1,0.0005,0.0005,30,1000,8,4,5,0.1,True,0.0,0.0,-0.005,0.02,0.1,0.01,0.0025,0.5,1,100,5,1,0.2,0.2,True
v7,fs025_vox05_v1000_be010_pf1_mp50_ga0,0.2933,0.7929,1.222,0.85,2.428,457,0.935,5.034,1,1,0.1,0.1,0.0005,0.0005,30,1000,8,4,5,0.1,True,0.0,0.0,-0.005,0.02,0.1,0.01,0.0025,0.5,1,50,5,1,0.25,0.2,False
v5,lo_v100_blo_l010_d03,0.294,0.8041,1.365,2.397,61.522,433,0.937,5.035,1,1,0.1,0.1,0.0005,0.0005,30,100,8,4,5,0.1,True,0.0,0.0,-0.01,0.02,0.05,0.03,0.0025,0.5,2,50,5,1,0.1,0.2,True
v6,imhi_v1000_l010_d00_vox08_fs020_ml2,0.2942,0.6281,1.749,1.027,2.964,459,0.935,5.036,1,1,1.5,1.0,0.0005,0.0005,30,1000,8,4,5,0.1,True,0.0,0.0,-0.01,0.02,0.05,0.0,0.0025,0.8,2,50,5,1,0.2,0.2,True
v6,imhi_v1000_l010_d01_vox08_fs020_ml3,0.2942,0.6243,2.278,0.629,2.228,457,0.935,5.037,1,1,1.5,1.0,0.0005,0.0005,30,1000,8,4,5,0.1,True,0.0,0.0,-0.01,0.02,0.05,0.01,0.0025,0.8,3,50,5,1,0.2,0.2,True
v5,mid_v1000_bmid_l000_d02,0.2955,0.5506,1.703,1.818,4.774,458,0.935,5.047,1,1,0.5,0.3,0.001,0.001,30,1000,8,4,5,0.1,True,0.0,0.0,0.0,0.02,0.05,0.02,0.0025,0.5,2,50,5,1,0.1,0.2,True
v5,hi_v100_bmid_l005_d01,0.2956,0.6425,2.308,1.817,27.591,457,0.948,5.043,1,1,1.5,1.0,0.001,0.001,30,100,8,4,5,0.1,True,0.0,0.0,-0.005,0.02,0.05,0.01,0.0025,0.5,2,50,5,1,0.1,0.2,True
v6,imhi_v100_l010_d01_vox08_fs020_ml3,0.2963,0.6933,1.81,2.05,5.832,458,0.936,5.03,1,1,1.5,1.0,0.0005,0.0005,30,100,8,4,5,0.1,True,0.0,0.0,-0.01,0.02,0.05,0.01,0.0025,0.8,3,50,5,1,0.2,0.2,True
v6,imlo_v1000_l010_d00_vox03_fs020_ml2,0.2963,0.7311,0.874,0.731,2.692,458,0.937,5.036,1,1,0.1,0.1,0.0005,0.0005,30,1000,8,4,5,0.1,True,0.0,0.0,-0.01,0.02,0.05,0.0,0.0025,0.3,2,50,5,1,0.2,0.2,True
v7,fs015_vox03_v100_be010_pf3_mp100_ga0,0.2968,0.8622,1.165,2.08,60.896,407,0.938,5.032,1,1,0.1,0.1,0.0005,0.0005,30,100,8,4,5,0.1,True,0.0,0.0,-0.005,0.02,0.1,0.01,0.0025,0.3,1,100,5,3,0.15,0.2,False
v6,imhi_v1000_l005_d01_vox03_fs020_ml2,0.2975,0.7392,1.938,0.647,1.749,458,0.937,5.029,1,1,1.5,1.0,0.0005,0.0005,30,1000,8,4,5,0.1,True,0.0,0.0,-0.005,0.02,0.05,0.01,0.0025,0.3,2,50,5,1,0.2,0.2,True
v7,fs025_vox03_v1000_be002_pf3_mp100_ga1,0.2975,0.7042,0.633,0.624,2.362,457,0.935,5.04,1,1,0.1,0.1,0.0005,0.0005,30,1000,8,4,5,0.1,True,0.0,0.0,-0.005,0.02,0.02,0.01,0.0025,0.3,1,100,5,3,0.25,0.2,True
v6,imhi_v1000_l010_d01_vox05_fs005_ml2,0.2979,0.9386,3.833,2.374,30.958,452,0.923,5.048,1,1,1.5,1.0,0.0005,0.0005,30,1000,8,4,5,0.1,True,0.0,0.0,-0.01,0.02,0.05,0.01,0.0025,0.5,2,50,5,1,0.05,0.2,True
v8,fs015_vox030_mp50_ps4_pl4_if20,0.298,0.6401,1.688,0.811,1.481,457,0.935,5.037,1,1,0.1,0.1,0.0005,0.0005,20,100,4,4,5,0.1,True,0.0,0.0,-0.005,0.02,0.05,0.01,0.0025,0.3,1,50,5,3,0.15,0.2,True
v6,imlo_v1000_l010_d00_vox08_fs020_ml1,0.2982,0.7281,0.875,1.053,2.731,451,0.923,5.037,1,1,0.1,0.1,0.0005,0.0005,30,1000,8,4,5,0.1,True,0.0,0.0,-0.01,0.02,0.05,0.0,0.0025,0.8,1,50,5,1,0.2,0.2,True
v5,mid_v1000_bhi_l000_d02,0.2984,0.6206,1.744,1.001,3.865,457,0.935,5.042,1,1,0.5,0.3,0.005,0.005,30,1000,8,4,5,0.1,True,0.0,0.0,0.0,0.02,0.05,0.02,0.0025,0.5,2,50,5,1,0.1,0.2,True
v6,imhi_v100_l010_d00_vox08_fs020_ml2,0.2997,0.8479,2.515,1.878,3.059,459,0.949,5.04,1,1,1.5,1.0,0.0005,0.0005,30,100,8,4,5,0.1,True,0.0,0.0,-0.01,0.02,0.05,0.0,0.0025,0.8,2,50,5,1,0.2,0.2,True
v6,imlo_v100_l005_d00_vox03_fs005_ml1,0.2997,0.6938,1.923,2.056,67.307,423,0.936,5.03,1,1,0.1,0.1,0.0005,0.0005,30,100,8,4,5,0.1,True,0.0,0.0,-0.005,0.02,0.05,0.0,0.0025,0.3,1,50,5,1,0.05,0.2,True
v5,lo_v100_bmid_l010_d03,0.3002,0.8195,1.368,2.297,65.337,435,0.938,5.032,1,1,0.1,0.1,0.001,0.001,30,100,8,4,5,0.1,True,0.0,0.0,-0.01,0.02,0.05,0.03,0.0025,0.5,2,50,5,1,0.1,0.2,True
v7,fs015_vox03_v1000_be005_pf3_mp100_ga1,0.3013,0.9807,0.808,0.681,2.056,457,0.935,5.029,1,1,0.1,0.1,0.0005,0.0005,30,1000,8,4,5,0.1,True,0.0,0.0,-0.005,0.02,0.05,0.01,0.0025,0.3,1,100,5,3,0.15,0.2,True
v6,imlo_v100_l010_d01_vox03_fs005_ml3,0.3015,0.8982,1.514,2.502,51.963,454,0.936,5.03,1,1,0.1,0.1,0.0005,0.0005,30,100,8,4,5,0.1,True,0.0,0.0,-0.01,0.02,0.05,0.01,0.0025,0.3,3,50,5,1,0.05,0.2,True
v7,fs020_vox05_v1000_be010_pf1_mp50_ga1,0.3015,0.6746,1.386,0.526,1.742,451,0.936,5.036,1,1,0.1,0.1,0.0005,0.0005,30,1000,8,4,5,0.1,True,0.0,0.0,-0.005,0.02,0.1,0.01,0.0025,0.5,1,50,5,1,0.2,0.2,True
v7,fs015_vox05_v1000_be002_pf1_mp100_ga0,0.3018,0.5776,1.258,0.546,2.101,457,0.935,5.032,1,1,0.1,0.1,0.0005,0.0005,30,1000,8,4,5,0.1,True,0.0,0.0,-0.005,0.02,0.02,0.01,0.0025,0.5,1,100,5,1,0.15,0.2,False
v6,imhi_v1000_l005_d01_vox08_fs020_ml1,0.302,0.5869,2.443,2.076,11.413,457,0.936,5.041,1,1,1.5,1.0,0.0005,0.0005,30,1000,8,4,5,0.1,True,0.0,0.0,-0.005,0.02,0.05,0.01,0.0025,0.8,1,50,5,1,0.2,0.2,True
v6,imhi_v100_l005_d01_vox05_fs020_ml1,0.302,0.8239,2.531,1.455,1.874,452,0.936,5.031,1,1,1.5,1.0,0.0005,0.0005,30,100,8,4,5,0.1,True,0.0,0.0,-0.005,0.02,0.05,0.01,0.0025,0.5,1,50,5,1,0.2,0.2,True
v7,fs020_vox03_v100_be010_pf1_mp50_ga1,0.3021,1.0444,1.142,1.101,1.382,459,0.935,5.048,1,1,0.1,0.1,0.0005,0.0005,30,100,8,4,5,0.1,True,0.0,0.0,-0.005,0.02,0.1,0.01,0.0025,0.3,1,50,5,1,0.2,0.2,True
v6,imlo_v1000_l010_d00_vox05_fs005_ml1,0.3041,0.7152,1.872,1.279,4.17,459,0.937,5.041,1,1,0.1,0.1,0.0005,0.0005,30,1000,8,4,5,0.1,True,0.0,0.0,-0.01,0.02,0.05,0.0,0.0025,0.5,1,50,5,1,0.05,0.2,True
v6,imhi_v1000_l005_d00_vox03_fs020_ml2,0.305,0.6545,2.008,0.608,1.744,458,0.936,5.046,1,1,1.5,1.0,0.0005,0.0005,30,1000,8,4,5,0.1,True,0.0,0.0,-0.005,0.02,0.05,0.0,0.0025,0.3,2,50,5,1,0.2,0.2,True
v6,imhi_v100_l005_d00_vox05_fs020_ml2,0.305,0.7597,2.142,1.453,2.088,462,0.937,5.035,1,1,1.5,1.0,0.0005,0.0005,30,100,8,4,5,0.1,True,0.0,0.0,-0.005,0.02,0.05,0.0,0.0025,0.5,2,50,5,1,0.2,0.2,True
v6,imlo_v1000_l005_d00_vox05_fs005_ml1,0.3054,1.0646,1.311,1.769,27.88,459,0.936,5.034,1,1,0.1,0.1,0.0005,0.0005,30,1000,8,4,5,0.1,True,0.0,0.0,-0.005,0.02,0.05,0.0,0.0025,0.5,1,50,5,1,0.05,0.2,True
v7,fs020_vox05_v1000_be005_pf3_mp50_ga0,0.3055,1.065,0.944,0.811,2.919,457,0.935,5.039,1,1,0.1,0.1,0.0005,0.0005,30,1000,8,4,5,0.1,True,0.0,0.0,-0.005,0.02,0.05,0.01,0.0025,0.5,1,50,5,3,0.2,0.2,False
v8,fs020_vox025_mp50_ps4_pl4_if20,0.3055,0.8002,1.119,0.914,1.394,451,0.923,5.037,1,1,0.1,0.1,0.0005,0.0005,20,100,4,4,5,0.1,True,0.0,0.0,-0.005,0.02,0.05,0.01,0.0025,0.25,1,50,5,3,0.2,0.2,True
v6,imhi_v1000_l005_d00_vox03_fs020_ml1,0.3058,0.5626,1.778,0.796,4.011,458,0.937,5.038,1,1,1.5,1.0,0.0005,0.0005,30,1000,8,4,5,0.1,True,0.0,0.0,-0.005,0.02,0.05,0.0,0.0025,0.3,1,50,5,1,0.2,0.2,True
v7,fs025_vox05_v1000_be010_pf1_mp50_ga1,0.3059,0.6545,0.545,0.635,2.234,457,0.949,5.035,1,1,0.1,0.1,0.0005,0.0005,30,1000,8,4,5,0.1,True,0.0,0.0,-0.005,0.02,0.1,0.01,0.0025,0.5,1,50,5,1,0.25,0.2,True
v6,imhi_v100_l005_d00_vox05_fs020_ml3,0.3068,0.8161,2.403,1.318,3.639,459,0.937,5.023,1,1,1.5,1.0,0.0005,0.0005,30,100,8,4,5,0.1,True,0.0,0.0,-0.005,0.02,0.05,0.0,0.0025,0.5,3,50,5,1,0.2,0.2,True
v6,imhi_v1000_l010_d01_vox08_fs020_ml1,0.3073,0.6273,2.062,0.898,3.155,457,0.935,5.038,1,1,1.5,1.0,0.0005,0.0005,30,1000,8,4,5,0.1,True,0.0,0.0,-0.01,0.02,0.05,0.01,0.0025,0.8,1,50,5,1,0.2,0.2,True
v5,hi_v100_bmid_l010_d02,0.3077,0.8127,2.674,2.161,10.943,450,0.921,5.036,1,1,1.5,1.0,0.001,0.001,30,100,8,4,5,0.1,True,0.0,0.0,-0.01,0.02,0.05,0.02,0.0025,0.5,2,50,5,1,0.1,0.2,True
v5,hi_v1000_bmid_l010_d03,0.3083,0.6859,3.155,1.063,2.756,457,0.948,5.04,1,1,1.5,1.0,0.001,0.001,30,1000,8,4,5,0.1,True,0.0,0.0,-0.01,0.02,0.05,0.03,0.0025,0.5,2,50,5,1,0.1,0.2,True
v6,imlo_v100_l005_d00_vox03_fs005_ml2,0.3084,0.6938,1.781,2.247,65.539,419,0.951,5.03,1,1,0.1,0.1,0.0005,0.0005,30,100,8,4,5,0.1,True,0.0,0.0,-0.005,0.02,0.05,0.0,0.0025,0.3,2,50,5,1,0.05,0.2,True
v5,hi_v1000_blo_l010_d03,0.3094,0.6832,3.155,1.063,2.791,452,0.925,5.034,1,1,1.5,1.0,0.0005,0.0005,30,1000,8,4,5,0.1,True,0.0,0.0,-0.01,0.02,0.05,0.03,0.0025,0.5,2,50,5,1,0.1,0.2,True
v7,fs015_vox05_v100_be010_pf1_mp100_ga1,0.3094,0.8767,0.941,1.49,3.447,458,0.949,5.036,1,1,0.1,0.1,0.0005,0.0005,30,100,8,4,5,0.1,True,0.0,0.0,-0.005,0.02,0.1,0.01,0.0025,0.5,1,100,5,1,0.15,0.2,True
v6,imlo_v100_l005_d00_vox03_fs005_ml3,0.3098,0.6941,1.869,2.115,64.141,420,0.944,5.029,1,1,0.1,0.1,0.0005,0.0005,30,100,8,4,5,0.1,True,0.0,0.0,-0.005,0.02,0.05,0.0,0.0025,0.3,3,50,5,1,0.05,0.2,True
v5,hi_v100_bhi_l000_d01,0.3109,0.8057,2.089,2.234,31.387,451,0.923,5.046,1,1,1.5,1.0,0.005,0.005,30,100,8,4,5,0.1,True,0.0,0.0,0.0,0.02,0.05,0.01,0.0025,0.5,2,50,5,1,0.1,0.2,True
v6,imhi_v100_l010_d01_vox05_fs020_ml3,0.3111,0.7911,1.699,1.292,2.794,457,0.935,5.036,1,1,1.5,1.0,0.0005,0.0005,30,100,8,4,5,0.1,True,0.0,0.0,-0.01,0.02,0.05,0.01,0.0025,0.5,3,50,5,1,0.2,0.2,True
v7,fs015_vox05_v1000_be010_pf1_mp100_ga0,0.3116,0.5621,1.204,0.596,2.119,457,0.935,5.036,1,1,0.1,0.1,0.0005,0.0005,30,1000,8,4,5,0.1,True,0.0,0.0,-0.005,0.02,0.1,0.01,0.0025,0.5,1,100,5,1,0.15,0.2,False
v6,imhi_v1000_l005_d00_vox08_fs020_ml3,0.3126,0.6253,2.148,1.26,3.066,458,0.935,5.039,1,1,1.5,1.0,0.0005,0.0005,30,1000,8,4,5,0.1,True,0.0,0.0,-0.005,0.02,0.05,0.0,0.0025,0.8,3,50,5,1,0.2,0.2,True
v5,mid_v100_blo_l005_d03,0.3133,0.761,2.051,2.599,52.116,451,0.924,5.044,1,1,0.5,0.3,0.0005,0.0005,30,100,8,4,5,0.1,True,0.0,0.0,-0.005,0.02,0.05,0.03,0.0025,0.5,2,50,5,1,0.1,0.2,True
v6,imhi_v1000_l005_d00_vox05_fs020_ml3,0.3136,0.6613,3.271,1.462,1.826,462,0.934,5.035,1,1,1.5,1.0,0.0005,0.0005,30,1000,8,4,5,0.1,True,0.0,0.0,-0.005,0.02,0.05,0.0,0.0025,0.5,3,50,5,1,0.2,0.2,True
v5,hi_v100_blo_l010_d03,0.3138,0.8985,2.592,1.382,3.21,458,0.949,5.033,1,1,1.5,1.0,0.0005,0.0005,30,100,8,4,5,0.1,True,0.0,0.0,-0.01,0.02,0.05,0.03,0.0025,0.5,2,50,5,1,0.1,0.2,True
v6,imhi_v1000_l005_d01_vox05_fs020_ml3,0.3146,1.0364,2.559,1.055,2.856,458,0.936,5.03,1,1,1.5,1.0,0.0005,0.0005,30,1000,8,4,5,0.1,True,0.0,0.0,-0.005,0.02,0.05,0.01,0.0025,0.5,3,50,5,1,0.2,0.2,True
v7,fs020_vox05_v100_be005_pf3_mp50_ga1,0.3147,0.9656,1.362,1.609,4.459,452,0.925,5.037,1,1,0.1,0.1,0.0005,0.0005,30,100,8,4,5,0.1,True,0.0,0.0,-0.005,0.02,0.05,0.01,0.0025,0.5,1,50,5,3,0.2,0.2,True
v7,fs025_vox05_v100_be005_pf3_mp100_ga1,0.3149,0.8685,1.015,1.11,3.975,457,0.935,5.035,1,1,0.1,0.1,0.0005,0.0005,30,100,8,4,5,0.1,True,0.0,0.0,-0.005,0.02,0.05,0.01,0.0025,0.5,1,100,5,3,0.25,0.2,True
v7,fs015_vox03_v100_be005_pf1_mp50_ga1,0.3164,0.8163,1.975,0.919,1.976,458,0.936,5.035,1,1,0.1,0.1,0.0005,0.0005,30,100,8,4,5,0.1,True,0.0,0.0,-0.005,0.02,0.05,0.01,0.0025,0.3,1,50,5,1,0.15,0.2,True
v5,hi_v100_blo_l005_d03,0.3172,0.7322,3.435,1.219,3.368,451,0.92,5.035,1,1,1.5,1.0,0.0005,0.0005,30,100,8,4,5,0.1,True,0.0,0.0,-0.005,0.02,0.05,0.03,0.0025,0.5,2,50,5,1,0.1,0.2,True
v7,fs020_vox03_v100_be005_pf3_mp50_ga1,0.3176,1.0602,1.664,1.086,3.165,452,0.938,5.039,1,1,0.1,0.1,0.0005,0.0005,30,100,8,4,5,0.1,True,0.0,0.0,-0.005,0.02,0.05,0.01,0.0025,0.3,1,50,5,3,0.2,0.2,True
v6,imhi_v1000_l005_d01_vox05_fs020_ml2,0.3183,1.0389,2.564,1.062,2.1,451,0.923,5.041,1,1,1.5,1.0,0.0005,0.0005,30,1000,8,4,5,0.1,True,0.0,0.0,-0.005,0.02,0.05,0.01,0.0025,0.5,2,50,5,1,0.2,0.2,True
v6,imlo_v1000_l010_d00_vox03_fs020_ml3,0.3185,0.6829,0.803,1.056,3.383,450,0.922,5.041,1,1,0.1,0.1,0.0005,0.0005,30,1000,8,4,5,0.1,True,0.0,0.0,-0.01,0.02,0.05,0.0,0.0025,0.3,3,50,5,1,0.2,0.2,True
v6,imlo_v100_l010_d01_vox03_fs005_ml2,0.3193,0.9019,1.58,2.523,60.697,460,0.95,5.04,1,1,0.1,0.1,0.0005,0.0005,30,100,8,4,5,0.1,True,0.0,0.0,-0.01,0.02,0.05,0.01,0.0025,0.3,2,50,5,1,0.05,0.2,True
v6,imlo_v100_l010_d01_vox05_fs005_ml1,0.3208,0.923,2.031,2.216,72.408,452,0.95,5.037,1,1,0.1,0.1,0.0005,0.0005,30,100,8,4,5,0.1,True,0.0,0.0,-0.01,0.02,0.05,0.01,0.0025,0.5,1,50,5,1,0.05,0.2,True
v6,imhi_v1000_l005_d00_vox05_fs020_ml2,0.3215,0.6664,3.348,1.478,1.799,459,0.936,5.044,1,1,1.5,1.0,0.0005,0.0005,30,1000,8,4,5,0.1,True,0.0,0.0,-0.005,0.02,0.05,0.0,0.0025,0.5,2,50,5,1,0.2,0.2,True
v7,fs015_vox05_v100_be002_pf1_mp50_ga0,0.3216,0.7934,1.677,1.431,2.089,450,0.921,5.038,1,1,0.1,0.1,0.0005,0.0005,30,100,8,4,5,0.1,True,0.0,0.0,-0.005,0.02,0.02,0.01,0.0025,0.5,1,50,5,1,0.15,0.2,False
v6,imlo_v1000_l005_d01_vox05_fs005_ml2,0.3221,0.9039,1.855,2.409,48.681,459,0.937,5.027,1,1,0.1,0.1,0.0005,0.0005,30,1000,8,4,5,0.1,True,0.0,0.0,-0.005,0.02,0.05,0.01,0.0025,0.5,2,50,5,1,0.05,0.2,True
v6,imlo_v1000_l010_d01_vox08_fs020_ml2,0.3223,0.6685,0.786,0.61,2.919,457,0.935,5.042,1,1,0.1,0.1,0.0005,0.0005,30,1000,8,4,5,0.1,True,0.0,0.0,-0.01,0.02,0.05,0.01,0.0025,0.8,2,50,5,1,0.2,0.2,True
v6,imhi_v100_l010_d01_vox05_fs020_ml2,0.323,0.8145,3.301,1.737,3.857,453,0.936,5.039,1,1,1.5,1.0,0.0005,0.0005,30,100,8,4,5,0.1,True,0.0,0.0,-0.01,0.02,0.05,0.01,0.0025,0.5,2,50,5,1,0.2,0.2,True
v7,fs015_vox03_v1000_be002_pf3_mp50_ga1,0.3243,0.8938,1.022,2.011,59.348,392,0.95,5.022,1,1,0.1,0.1,0.0005,0.0005,30,1000,8,4,5,0.1,True,0.0,0.0,-0.005,0.02,0.02,0.01,0.0025,0.3,1,50,5,3,0.15,0.2,True
v6,imhi_v100_l005_d01_vox08_fs020_ml3,0.3245,1.0251,2.217,1.396,5.941,460,0.938,5.032,1,1,1.5,1.0,0.0005,0.0005,30,100,8,4,5,0.1,True,0.0,0.0,-0.005,0.02,0.05,0.01,0.0025,0.8,3,50,5,1,0.2,0.2,True
v6,imhi_v100_l010_d01_vox08_fs020_ml2,0.3263,0.6904,2.15,2.809,20.272,459,0.949,5.046,1,1,1.5,1.0,0.0005,0.0005,30,100,8,4,5,0.1,True,0.0,0.0,-0.01,0.02,0.05,0.01,0.0025,0.8,2,50,5,1,0.2,0.2,True
v7,fs015_vox03_v100_be010_pf3_mp50_ga0,0.3263,0.9657,1.109,1.803,67.727,416,0.936,5.018,1,1,0.1,0.1,0.0005,0.0005,30,100,8,4,5,0.1,True,0.0,0.0,-0.005,0.02,0.1,0.01,0.0025,0.3,1,50,5,3,0.15,0.2,False
v8,fs018_vox025_mp50_ps4_pl4_if50,0.3267,1.2207,1.116,0.927,2.869,457,0.935,5.038,1,1,0.1,0.1,0.0005,0.0005,50,100,4,4,5,0.1,True,0.0,0.0,-0.005,0.02,0.05,0.01,0.0025,0.25,1,50,5,3,0.18,0.2,True
v6,imhi_v100_l010_d00_vox08_fs020_ml1,0.327,0.8854,2.75,2.604,7.377,460,0.937,5.037,1,1,1.5,1.0,0.0005,0.0005,30,100,8,4,5,0.1,True,0.0,0.0,-0.01,0.02,0.05,0.0,0.0025,0.8,1,50,5,1,0.2,0.2,True
v7,fs015_vox05_v1000_be005_pf1_mp100_ga0,0.3275,0.7431,1.184,0.868,2.026,457,0.935,5.033,1,1,0.1,0.1,0.0005,0.0005,30,1000,8,4,5,0.1,True,0.0,0.0,-0.005,0.02,0.05,0.01,0.0025,0.5,1,100,5,1,0.15,0.2,False
v5,lo_v100_bhi_l005_d01,0.3279,0.7926,1.348,1.741,2.511,451,0.921,5.034,1,1,0.1,0.1,0.005,0.005,30,100,8,4,5,0.1,True,0.0,0.0,-0.005,0.02,0.05,0.01,0.0025,0.5,2,50,5,1,0.1,0.2,True
v6,imhi_v1000_l010_d00_vox08_fs020_ml1,0.3284,0.803,2.027,1.144,3.714,459,0.935,5.038,1,1,1.5,1.0,0.0005,0.0005,30,1000,8,4,5,0.1,True,0.0,0.0,-0.01,0.02,0.05,0.0,0.0025,0.8,1,50,5,1,0.2,0.2,True
v5,hi_v100_blo_l000_d02,0.3322,0.9898,1.483,1.006,5.081,457,0.935,5.031,1,1,1.5,1.0,0.0005,0.0005,30,100,8,4,5,0.1,True,0.0,0.0,0.0,0.02,0.05,0.02,0.0025,0.5,2,50,5,1,0.1,0.2,True
v7,fs015_vox03_v1000_be002_pf3_mp50_ga0,0.3326,0.9419,1.11,2.097,59.501,414,0.937,5.033,1,1,0.1,0.1,0.0005,0.0005,30,1000,8,4,5,0.1,True,0.0,0.0,-0.005,0.02,0.02,0.01,0.0025,0.3,1,50,5,3,0.15,0.2,False
v5,hi_v1000_blo_l000_d03,0.3336,1.4652,2.658,2.365,2.832,458,0.946,5.037,1,1,1.5,1.0,0.0005,0.0005,30,1000,8,4,5,0.1,True,0.0,0.0,0.0,0.02,0.05,0.03,0.0025,0.5,2,50,5,1,0.1,0.2,True
v6,imlo_v1000_l010_d01_vox08_fs020_ml3,0.3339,0.6652,1.161,0.663,3.058,459,0.937,5.042,1,1,0.1,0.1,0.0005,0.0005,30,1000,8,4,5,0.1,True,0.0,0.0,-0.01,0.02,0.05,0.01,0.0025,0.8,3,50,5,1,0.2,0.2,True
v7,fs015_vox05_v1000_be010_pf1_mp50_ga0,0.3342,0.7541,1.475,1.791,1.927,458,0.937,5.036,1,1,0.1,0.1,0.0005,0.0005,30,1000,8,4,5,0.1,True,0.0,0.0,-0.005,0.02,0.1,0.01,0.0025,0.5,1,50,5,1,0.15,0.2,False
v5,mid_v1000_bmid_l000_d01,0.3349,0.6813,1.551,2.11,19.476,457,0.947,5.038,1,1,0.5,0.3,0.001,0.001,30,1000,8,4,5,0.1,True,0.0,0.0,0.0,0.02,0.05,0.01,0.0025,0.5,2,50,5,1,0.1,0.2,True
v5,hi_v100_bmid_l010_d03,0.3356,0.9159,2.542,1.633,14.676,458,0.936,5.033,1,1,1.5,1.0,0.001,0.001,30,100,8,4,5,0.1,True,0.0,0.0,-0.01,0.02,0.05,0.03,0.0025,0.5,2,50,5,1,0.1,0.2,True
v6,imhi_v1000_l005_d01_vox08_fs020_ml2,0.336,0.7595,1.605,0.879,3.91,451,0.922,5.045,1,1,1.5,1.0,0.0005,0.0005,30,1000,8,4,5,0.1,True,0.0,0.0,-0.005,0.02,0.05,0.01,0.0025,0.8,2,50,5,1,0.2,0.2,True
v7,fs015_vox05_v1000_be005_pf1_mp50_ga0,0.3361,0.5747,1.476,0.861,1.841,457,0.935,5.033,1,1,0.1,0.1,0.0005,0.0005,30,1000,8,4,5,0.1,True,0.0,0.0,-0.005,0.02,0.05,0.01,0.0025,0.5,1,50,5,1,0.15,0.2,False
v5,mid_v100_blo_l010_d02,0.3373,0.9389,2.693,1.8,1.694,457,0.935,5.03,1,1,0.5,0.3,0.0005,0.0005,30,100,8,4,5,0.1,True,0.0,0.0,-0.01,0.02,0.05,0.02,0.0025,0.5,2,50,5,1,0.1,0.2,True
v7,fs015_vox03_v1000_be002_pf1_mp50_ga1,0.3375,1.0055,0.929,1.913,62.643,390,0.936,5.04,1,1,0.1,0.1,0.0005,0.0005,30,1000,8,4,5,0.1,True,0.0,0.0,-0.005,0.02,0.02,0.01,0.0025,0.3,1,50,5,1,0.15,0.2,True
v7,fs015_vox03_v1000_be005_pf3_mp50_ga0,0.3376,1.0314,0.765,0.772,3.539,460,0.936,5.047,1,1,0.1,0.1,0.0005,0.0005,30,1000,8,4,5,0.1,True,0.0,0.0,-0.005,0.02,0.05,0.01,0.0025,0.3,1,50,5,3,0.15,0.2,False
v6,imlo_v1000_l010_d01_vox03_fs005_ml2,0.3383,0.8847,1.774,2.294,49.939,452,0.937,5.025,1,1,0.1,0.1,0.0005,0.0005,30,1000,8,4,5,0.1,True,0.0,0.0,-0.01,0.02,0.05,0.01,0.0025,0.3,2,50,5,1,0.05,0.2,True
v6,imhi_v100_l005_d00_vox03_fs020_ml3,0.339,0.868,1.74,1.194,6.104,459,0.933,5.042,1,1,1.5,1.0,0.0005,0.0005,30,100,8,4,5,0.1,True,0.0,0.0,-0.005,0.02,0.05,0.0,0.0025,0.3,3,50,5,1,0.2,0.2,True
v6,imlo_v1000_l005_d01_vox05_fs005_ml3,0.3391,0.9733,1.907,2.529,51.746,459,0.949,5.033,1,1,0.1,0.1,0.0005,0.0005,30,1000,8,4,5,0.1,True,0.0,0.0,-0.005,0.02,0.05,0.01,0.0025,0.5,3,50,5,1,0.05,0.2,True
v6,imhi_v100_l010_d00_vox08_fs020_ml3,0.3412,0.7679,2.036,2.58,17.274,460,0.935,5.038,1,1,1.5,1.0,0.0005,0.0005,30,100,8,4,5,0.1,True,0.0,0.0,-0.01,0.02,0.05,0.0,0.0025,0.8,3,50,5,1,0.2,0.2,True
v5,lo_v1000_bhi_l000_d02,0.3415,0.8277,1.368,0.863,3.038,459,0.936,5.033,1,1,0.1,0.1,0.005,0.005,30,1000,8,4,5,0.1,True,0.0,0.0,0.0,0.02,0.05,0.02,0.0025,0.5,2,50,5,1,0.1,0.2,True
v6,imlo_v1000_l010_d01_vox03_fs005_ml1,0.3421,0.9675,1.711,2.251,48.576,451,0.923,5.038,1,1,0.1,0.1,0.0005,0.0005,30,1000,8,4,5,0.1,True,0.0,0.0,-0.01,0.02,0.05,0.01,0.0025,0.3,1,50,5,1,0.05,0.2,True
v6,imhi_v1000_l010_d01_vox03_fs005_ml1,0.3425,0.9745,2.314,1.823,54.793,457,0.935,5.048,1,1,1.5,1.0,0.0005,0.0005,30,1000,8,4,5,0.1,True,0.0,0.0,-0.01,0.02,0.05,0.01,0.0025,0.3,1,50,5,1,0.05,0.2,True
v5,lo_v100_blo_l005_d03,0.3426,0.9975,1.484,2.604,63.253,427,0.936,5.03,1,1,0.1,0.1,0.0005,0.0005,30,100,8,4,5,0.1,True,0.0,0.0,-0.005,0.02,0.05,0.03,0.0025,0.5,2,50,5,1,0.1,0.2,True
v6,imhi_v1000_l010_d01_vox03_fs005_ml2,0.3431,0.9826,2.317,1.84,51.378,451,0.923,5.028,1,1,1.5,1.0,0.0005,0.0005,30,1000,8,4,5,0.1,True,0.0,0.0,-0.01,0.02,0.05,0.01,0.0025,0.3,2,50,5,1,0.05,0.2,True
v6,imlo_v1000_l010_d00_vox03_fs005_ml3,0.3455,0.9079,2.636,1.433,2.484,451,0.923,5.044,1,1,0.1,0.1,0.0005,0.0005,30,1000,8,4,5,0.1,True,0.0,0.0,-0.01,0.02,0.05,0.0,0.0025,0.3,3,50,5,1,0.05,0.2,True
v6,imhi_v1000_l005_d00_vox05_fs020_ml1,0.3467,0.6949,3.562,1.122,1.805,458,0.936,5.034,1,1,1.5,1.0,0.0005,0.0005,30,1000,8,4,5,0.1,True,0.0,0.0,-0.005,0.02,0.05,0.0,0.0025,0.5,1,50,5,1,0.2,0.2,True
v7,fs015_vox05_v1000_be002_pf1_mp50_ga0,0.347,0.7143,1.557,0.634,1.869,454,0.934,5.029,1,1,0.1,0.1,0.0005,0.0005,30,1000,8,4,5,0.1,True,0.0,0.0,-0.005,0.02,0.02,0.01,0.0025,0.5,1,50,5,1,0.15,0.2,False
v5,mid_v100_blo_l005_d01,0.3478,0.8526,1.807,2.081,67.318,439,0.925,5.026,1,1,0.5,0.3,0.0005,0.0005,30,100,8,4,5,0.1,True,0.0,0.0,-0.005,0.02,0.05,0.01,0.0025,0.5,2,50,5,1,0.1,0.2,True
v6,imlo_v1000_l005_d00_vox03_fs005_ml3,0.3479,0.9286,1.824,1.552,33.694,460,0.936,5.033,1,1,0.1,0.1,0.0005,0.0005,30,1000,8,4,5,0.1,True,0.0,0.0,-0.005,0.02,0.05,0.0,0.0025,0.3,3,50,5,1,0.05,0.2,True
v5,hi_v1000_blo_l005_d03,0.348,0.7382,3.569,1.045,2.816,451,0.934,5.039,1,1,1.5,1.0,0.0005,0.0005,30,1000,8,4,5,0.1,True,0.0,0.0,-0.005,0.02,0.05,0.03,0.0025,0.5,2,50,5,1,0.1,0.2,True
v7,fs025_vox05_v1000_be005_pf1_mp50_ga0,0.3504,1.0816,1.038,0.793,1.983,457,0.948,5.035,1,1,0.1,0.1,0.0005,0.0005,30,1000,8,4,5,0.1,True,0.0,0.0,-0.005,0.02,0.05,0.01,0.0025,0.5,1,50,5,1,0.25,0.2,False
v7,fs020_vox05_v1000_be002_pf1_mp50_ga0,0.3507,0.7635,0.954,0.853,4.175,457,0.934,5.038,1,1,0.1,0.1,0.0005,0.0005,30,1000,8,4,5,0.1,True,0.0,0.0,-0.005,0.02,0.02,0.01,0.0025,0.5,1,50,5,1,0.2,0.2,False
v6,imhi_v1000_l010_d01_vox03_fs005_ml3,0.3517,1.036,2.333,1.929,52.582,457,0.936,5.037,1,1,1.5,1.0,0.0005,0.0005,30,1000,8,4,5,0.1,True,0.0,0.0,-0.01,0.02,0.05,0.01,0.0025,0.3,3,50,5,1,0.05,0.2,True
v5,hi_v100_bmid_l005_d03,0.3544,0.847,2.547,2.344,22.318,451,0.936,5.043,1,1,1.5,1.0,0.001,0.001,30,100,8,4,5,0.1,True,0.0,0.0,-0.005,0.02,0.05,0.03,0.0025,0.5,2,50,5,1,0.1,0.2,True
v7,fs020_vox05_v100_be002_pf1_mp100_ga0,0.3544,0.8933,1.729,1.79,4.248,461,0.937,5.036,1,1,0.1,0.1,0.0005,0.0005,30,100,8,4,5,0.1,True,0.0,0.0,-0.005,0.02,0.02,0.01,0.0025,0.5,1,100,5,1,0.2,0.2,False
v6,imlo_v100_l005_d01_vox03_fs005_ml1,0.3549,0.9545,1.634,2.036,74.866,447,0.926,5.032,1,1,0.1,0.1,0.0005,0.0005,30,100,8,4,5,0.1,True,0.0,0.0,-0.005,0.02,0.05,0.01,0.0025,0.3,1,50,5,1,0.05,0.2,True
v5,hi_v1000_bmid_l005_d03,0.3576,0.9168,3.507,1.042,2.649,461,0.949,5.032,1,1,1.5,1.0,0.001,0.001,30,1000,8,4,5,0.1,True,0.0,0.0,-0.005,0.02,0.05,0.03,0.0025,0.5,2,50,5,1,0.1,0.2,True
v6,imhi_v1000_l005_d00_vox05_fs005_ml1,0.3583,1.0075,3.112,5.156,1.582,452,0.923,5.039,1,1,1.5,1.0,0.0005,0.0005,30,1000,8,4,5,0.1,True,0.0,0.0,-0.005,0.02,0.05,0.0,0.0025,0.5,1,50,5,1,0.05,0.2,True
v6,imlo_v1000_l010_d01_vox03_fs005_ml3,0.3586,1.0315,1.754,2.322,51.956,454,0.948,5.031,1,1,0.1,0.1,0.0005,0.0005,30,1000,8,4,5,0.1,True,0.0,0.0,-0.01,0.02,0.05,0.01,0.0025,0.3,3,50,5,1,0.05,0.2,True
v7,fs020_vox03_v100_be010_pf3_mp100_ga1,0.3597,1.015,1.217,1.529,4.344,457,0.935,5.036,1,1,0.1,0.1,0.0005,0.0005,30,100,8,4,5,0.1,True,0.0,0.0,-0.005,0.02,0.1,0.01,0.0025,0.3,1,100,5,3,0.2,0.2,True
v6,imhi_v1000_l005_d01_vox08_fs020_ml3,0.3612,0.8094,2.123,0.849,3.113,451,0.936,5.033,1,1,1.5,1.0,0.0005,0.0005,30,1000,8,4,5,0.1,True,0.0,0.0,-0.005,0.02,0.05,0.01,0.0025,0.8,3,50,5,1,0.2,0.2,True
v6,imhi_v100_l010_d01_vox08_fs020_ml1,0.3624,0.8167,2.553,2.187,3.534,453,0.924,5.031,1,1,1.5,1.0,0.0005,0.0005,30,100,8,4,5,0.1,True,0.0,0.0,-0.01,0.02,0.05,0.01,0.0025,0.8,1,50,5,1,0.2,0.2,True
v6,imlo_v1000_l010_d00_vox08_fs020_ml2,0.363,0.8148,1.21,0.962,4.484,457,0.935,5.039,1,1,0.1,0.1,0.0005,0.0005,30,1000,8,4,5,0.1,True,0.0,0.0,-0.01,0.02,0.05,0.0,0.0025,0.8,2,50,5,1,0.2,0.2,True
v6,imhi_v1000_l010_d01_vox08_fs020_ml2,0.3642,0.839,2.684,0.726,2.077,451,0.923,5.038,1,1,1.5,1.0,0.0005,0.0005,30,1000,8,4,5,0.1,True,0.0,0.0,-0.01,0.02,0.05,0.01,0.0025,0.8,2,50,5,1,0.2,0.2,True
v6,imhi_v1000_l010_d00_vox05_fs005_ml2,0.3644,1.7506,2.307,4.472,2.906,457,0.934,5.039,1,1,1.5,1.0,0.0005,0.0005,30,1000,8,4,5,0.1,True,0.0,0.0,-0.01,0.02,0.05,0.0,0.0025,0.5,2,50,5,1,0.05,0.2,True
v6,imhi_v1000_l010_d00_vox05_fs005_ml3,0.3649,1.7505,2.292,4.471,2.724,457,0.935,5.046,1,1,1.5,1.0,0.0005,0.0005,30,1000,8,4,5,0.1,True,0.0,0.0,-0.01,0.02,0.05,0.0,0.0025,0.5,3,50,5,1,0.05,0.2,True
v6,imlo_v100_l005_d01_vox03_fs005_ml2,0.3654,0.9546,1.646,2.118,66.657,429,0.946,5.036,1,1,0.1,0.1,0.0005,0.0005,30,100,8,4,5,0.1,True,0.0,0.0,-0.005,0.02,0.05,0.01,0.0025,0.3,2,50,5,1,0.05,0.2,True
v5,lo_v100_bhi_l005_d02,0.3655,0.9425,1.542,1.545,2.52,459,0.936,5.034,1,1,0.1,0.1,0.005,0.005,30,100,8,4,5,0.1,True,0.0,0.0,-0.005,0.02,0.05,0.02,0.0025,0.5,2,50,5,1,0.1,0.2,True
v5,lo_v1000_bmid_l005_d02,0.3665,1.1285,1.583,1.328,3.317,459,0.936,5.03,1,1,0.1,0.1,0.001,0.001,30,1000,8,4,5,0.1,True,0.0,0.0,-0.005,0.02,0.05,0.02,0.0025,0.5,2,50,5,1,0.1,0.2,True
v6,imlo_v100_l010_d01_vox05_fs005_ml2,0.3667,0.9325,1.927,2.412,71.829,430,0.923,5.035,1,1,0.1,0.1,0.0005,0.0005,30,100,8,4,5,0.1,True,0.0,0.0,-0.01,0.02,0.05,0.01,0.0025,0.5,2,50,5,1,0.05,0.2,True
v5,hi_v1000_bhi_l005_d03,0.3684,0.9014,3.771,1.07,2.505,458,0.936,5.033,1,1,1.5,1.0,0.005,0.005,30,1000,8,4,5,0.1,True,0.0,0.0,-0.005,0.02,0.05,0.03,0.0025,0.5,2,50,5,1,0.1,0.2,True
v5,lo_v1000_blo_l000_d01,0.3693,0.7486,1.436,0.863,4.192,458,0.948,5.034,1,1,0.1,0.1,0.0005,0.0005,30,1000,8,4,5,0.1,True,0.0,0.0,0.0,0.02,0.05,0.01,0.0025,0.5,2,50,5,1,0.1,0.2,True
v5,lo_v1000_bhi_l000_d01,0.3698,0.7502,1.398,0.852,4.2,459,0.937,5.037,1,1,0.1,0.1,0.005,0.005,30,1000,8,4,5,0.1,True,0.0,0.0,0.0,0.02,0.05,0.01,0.0025,0.5,2,50,5,1,0.1,0.2,True
v6,imlo_v100_l005_d01_vox03_fs005_ml3,0.37,0.9563,1.827,2.081,63.515,460,0.936,5.037,1,1,0.1,0.1,0.0005,0.0005,30,100,8,4,5,0.1,True,0.0,0.0,-0.005,0.02,0.05,0.01,0.0025,0.3,3,50,5,1,0.05,0.2,True
v6,imlo_v1000_l010_d01_vox08_fs005_ml1,0.3703,0.9894,1.702,1.423,3.601,450,0.92,5.029,1,1,0.1,0.1,0.0005,0.0005,30,1000,8,4,5,0.1,True,0.0,0.0,-0.01,0.02,0.05,0.01,0.0025,0.8,1,50,5,1,0.05,0.2,True
v6,imlo_v1000_l005_d00_vox03_fs005_ml2,0.3715,1.0639,1.801,1.769,49.398,457,0.935,5.03,1,1,0.1,0.1,0.0005,0.0005,30,1000,8,4,5,0.1,True,0.0,0.0,-0.005,0.02,0.05,0.0,0.0025,0.3,2,50,5,1,0.05,0.2,True
v6,imhi_v1000_l005_d01_vox05_fs005_ml3,0.3716,1.299,3.016,3.842,71.933,458,0.936,5.031,1,1,1.5,1.0,0.0005,0.0005,30,1000,8,4,5,0.1,True,0.0,0.0,-0.005,0.02,0.05,0.01,0.0025,0.5,3,50,5,1,0.05,0.2,True
v8,fs018_vox025_mp100_ps4_pl4_if20,0.3721,1.4625,0.833,1.89,3.34,457,0.948,5.036,1,1,0.1,0.1,0.0005,0.0005,20,100,4,4,5,0.1,True,0.0,0.0,-0.005,0.02,0.05,0.01,0.0025,0.25,1,100,5,3,0.18,0.2,True
v7,fs015_vox03_v1000_be002_pf1_mp100_ga1,0.3756,0.9803,1.244,2.541,58.774,400,0.949,5.037,1,1,0.1,0.1,0.0005,0.0005,30,1000,8,4,5,0.1,True,0.0,0.0,-0.005,0.02,0.02,0.01,0.0025,0.3,1,100,5,1,0.15,0.2,True
v6,imlo_v100_l010_d01_vox08_fs020_ml2,0.3775,1.6338,1.608,1.102,4.282,457,0.935,5.028,1,1,0.1,0.1,0.0005,0.0005,30,100,8,4,5,0.1,True,0.0,0.0,-0.01,0.02,0.05,0.01,0.0025,0.8,2,50,5,1,0.2,0.2,True
v7,fs020_vox05_v100_be010_pf3_mp100_ga0,0.3778,0.8256,1.514,1.695,3.465,459,0.936,5.034,1,1,0.1,0.1,0.0005,0.0005,30,100,8,4,5,0.1,True,0.0,0.0,-0.005,0.02,0.1,0.01,0.0025,0.5,1,100,5,3,0.2,0.2,False
v6,imlo_v1000_l005_d00_vox03_fs005_ml1,0.3784,1.2814,1.879,1.998,45.634,451,0.936,5.033,1,1,0.1,0.1,0.0005,0.0005,30,1000,8,4,5,0.1,True,0.0,0.0,-0.005,0.02,0.05,0.0,0.0025,0.3,1,50,5,1,0.05,0.2,True
v6,imlo_v100_l005_d00_vox05_fs005_ml1,0.3791,1.112,2.37,3.035,54.685,455,0.937,5.025,1,1,0.1,0.1,0.0005,0.0005,30,100,8,4,5,0.1,True,0.0,0.0,-0.005,0.02,0.05,0.0,0.0025,0.5,1,50,5,1,0.05,0.2,True
v7,fs015_vox03_v1000_be002_pf1_mp100_ga0,0.3802,0.9703,1.301,2.408,63.932,390,0.936,5.041,1,1,0.1,0.1,0.0005,0.0005,30,1000,8,4,5,0.1,True,0.0,0.0,-0.005,0.02,0.02,0.01,0.0025,0.3,1,100,5,1,0.15,0.2,False
v7,fs025_vox03_v1000_be010_pf1_mp50_ga1,0.3839,0.8989,0.757,0.544,3.859,458,0.95,5.045,1,1,0.1,0.1,0.0005,0.0005,30,1000,8,4,5,0.1,True,0.0,0.0,-0.005,0.02,0.1,0.01,0.0025,0.3,1,50,5,1,0.25,0.2,True
v6,imhi_v100_l010_d01_vox05_fs005_ml2,0.3859,1.1118,2.891,3.101,68.043,453,0.922,5.042,1,1,1.5,1.0,0.0005,0.0005,30,100,8,4,5,0.1,True,0.0,0.0,-0.01,0.02,0.05,0.01,0.0025,0.5,2,50,5,1,0.05,0.2,True
v6,imhi_v100_l005_d00_vox03_fs005_ml1,0.3866,1.1203,2.147,1.832,72.175,459,0.935,5.035,1,1,1.5,1.0,0.0005,0.0005,30,100,8,4,5,0.1,True,0.0,0.0,-0.005,0.02,0.05,0.0,0.0025,0.3,1,50,5,1,0.05,0.2,True
v6,imlo_v100_l010_d01_vox05_fs020_ml2,0.3874,1.0311,1.459,0.941,4.23,458,0.946,5.037,1,1,0.1,0.1,0.0005,0.0005,30,100,8,4,5,0.1,True,0.0,0.0,-0.01,0.02,0.05,0.01,0.0025,0.5,2,50,5,1,0.2,0.2,True
v6,imhi_v1000_l005_d01_vox05_fs005_ml2,0.3882,0.9422,3.626,3.52,46.768,459,0.935,5.027,1,1,1.5,1.0,0.0005,0.0005,30,1000,8,4,5,0.1,True,0.0,0.0,-0.005,0.02,0.05,0.01,0.0025,0.5,2,50,5,1,0.05,0.2,True
v5,mid_v100_bhi_l010_d02,0.3894,0.9883,3.057,2.644,30.14,459,0.937,5.05,1,1,0.5,0.3,0.005,0.005,30,100,8,4,5,0.1,True,0.0,0.0,-0.01,0.02,0.05,0.02,0.0025,0.5,2,50,5,1,0.1,0.2,True
v5,lo_v100_bmid_l010_d01,0.3898,0.8215,2.159,3.068,37.395,458,0.937,5.032,1,1,0.1,0.1,0.001,0.001,30,100,8,4,5,0.1,True,0.0,0.0,-0.01,0.02,0.05,0.01,0.0025,0.5,2,50,5,1,0.1,0.2,True
v8,fs018_vox040_mp100_ps4_pl4_if20,0.3909,1.4631,1.319,1.959,4.625,460,0.936,5.041,1,1,0.1,0.1,0.0005,0.0005,20,100,4,4,5,0.1,True,0.0,0.0,-0.005,0.02,0.05,0.01,0.0025,0.4,1,100,5,3,0.18,0.2,True
v6,imlo_v100_l010_d01_vox05_fs005_ml3,0.3913,0.9523,1.925,2.431,69.049,455,0.947,5.025,1,1,0.1,0.1,0.0005,0.0005,30,100,8,4,5,0.1,True,0.0,0.0,-0.01,0.02,0.05,0.01,0.0025,0.5,3,50,5,1,0.05,0.2,True
v6,imhi_v100_l010_d00_vox05_fs005_ml1,0.3934,1.4403,4.092,3.911,69.438,452,0.95,5.035,1,1,1.5,1.0,0.0005,0.0005,30,100,8,4,5,0.1,True,0.0,0.0,-0.01,0.02,0.05,0.0,0.0025,0.5,1,50,5,1,0.05,0.2,True
v6,imlo_v1000_l005_d01_vox05_fs005_ml1,0.3936,1.0846,2.036,2.412,64.71,453,0.935,5.026,1,1,0.1,0.1,0.0005,0.0005,30,1000,8,4,5,0.1,True,0.0,0.0,-0.005,0.02,0.05,0.01,0.0025,0.5,1,50,5,1,0.05,0.2,True
v6,imhi_v100_l005_d00_vox03_fs005_ml2,0.3942,1.1278,2.18,1.817,71.98,462,0.936,5.024,1,1,1.5,1.0,0.0005,0.0005,30,100,8,4,5,0.1,True,0.0,0.0,-0.005,0.02,0.05,0.0,0.0025,0.3,2,50,5,1,0.05,0.2,True
v6,imlo_v100_l005_d01_vox05_fs005_ml2,0.3945,1.0375,1.856,2.754,71.085,459,0.935,5.039,1,1,0.1,0.1,0.0005,0.0005,30,100,8,4,5,0.1,True,0.0,0.0,-0.005,0.02,0.05,0.01,0.0025,0.5,2,50,5,1,0.05,0.2,True
v6,imlo_v100_l005_d01_vox05_fs005_ml3,0.3953,1.1046,1.728,2.824,66.673,458,0.936,5.022,1,1,0.1,0.1,0.0005,0.0005,30,100,8,4,5,0.1,True,0.0,0.0,-0.005,0.02,0.05,0.01,0.0025,0.5,3,50,5,1,0.05,0.2,True
v5,mid_v100_bmid_l010_d02,0.3954,0.9892,2.932,2.673,23.884,458,0.949,5.044,1,1,0.5,0.3,0.001,0.001,30,100,8,4,5,0.1,True,0.0,0.0,-0.01,0.02,0.05,0.02,0.0025,0.5,2,50,5,1,0.1,0.2,True
v8,fs018_vox040_mp50_ps4_pl4_if20,0.4008,1.058,1.585,1.498,3.413,457,0.948,5.043,1,1,0.1,0.1,0.0005,0.0005,20,100,4,4,5,0.1,True,0.0,0.0,-0.005,0.02,0.05,0.01,0.0025,0.4,1,50,5,3,0.18,0.2,True
v5,lo_v1000_blo_l000_d02,0.4025,1.1255,1.91,0.944,3.626,460,0.936,5.034,1,1,0.1,0.1,0.0005,0.0005,30,1000,8,4,5,0.1,True,0.0,0.0,0.0,0.02,0.05,0.02,0.0025,0.5,2,50,5,1,0.1,0.2,True
v7,fs020_vox05_v1000_be002_pf3_mp50_ga0,0.4026,1.3333,0.868,0.923,2.687,457,0.935,5.035,1,1,0.1,0.1,0.0005,0.0005,30,1000,8,4,5,0.1,True,0.0,0.0,-0.005,0.02,0.02,0.01,0.0025,0.5,1,50,5,3,0.2,0.2,False
v5,lo_v1000_bhi_l005_d02,0.4039,1.1283,1.373,2.082,3.709,457,0.947,5.04,1,1,0.1,0.1,0.005,0.005,30,1000,8,4,5,0.1,True,0.0,0.0,-0.005,0.02,0.05,0.02,0.0025,0.5,2,50,5,1,0.1,0.2,True
v6,imlo_v100_l010_d00_vox05_fs005_ml1,0.4042,1.0645,1.431,2.652,50.88,453,0.922,5.029,1,1,0.1,0.1,0.0005,0.0005,30,100,8,4,5,0.1,True,0.0,0.0,-0.01,0.02,0.05,0.0,0.0025,0.5,1,50,5,1,0.05,0.2,True
v6,imlo_v1000_l005_d01_vox03_fs005_ml3,0.4056,1.0907,1.852,2.091,68.366,442,0.936,5.032,1,1,0.1,0.1,0.0005,0.0005,30,1000,8,4,5,0.1,True,0.0,0.0,-0.005,0.02,0.05,0.01,0.0025,0.3,3,50,5,1,0.05,0.2,True
v7,fs020_vox03_v100_be002_pf3_mp100_ga0,0.4065,0.9502,1.904,1.879,5.58,451,0.935,5.038,1,1,0.1,0.1,0.0005,0.0005,30,100,8,4,5,0.1,True,0.0,0.0,-0.005,0.02,0.02,0.01,0.0025,0.3,1,100,5,3,0.2,0.2,False
v6,imhi_v100_l010_d01_vox05_fs005_ml3,0.4075,1.096,2.778,3.29,62.292,460,0.938,5.025,1,1,1.5,1.0,0.0005,0.0005,30,100,8,4,5,0.1,True,0.0,0.0,-0.01,0.02,0.05,0.01,0.0025,0.5,3,50,5,1,0.05,0.2,True
v5,lo_v1000_bmid_l000_d01,0.408,1.054,2.037,1.054,13.189,457,0.949,5.029,1,1,0.1,0.1,0.001,0.001,30,1000,8,4,5,0.1,True,0.0,0.0,0.0,0.02,0.05,0.01,0.0025,0.5,2,50,5,1,0.1,0.2,True
v6,imhi_v1000_l005_d00_vox03_fs005_ml3,0.408,1.1168,1.914,2.184,70.381,416,0.938,5.029,1,1,1.5,1.0,0.0005,0.0005,30,1000,8,4,5,0.1,True,0.0,0.0,-0.005,0.02,0.05,0.0,0.0025,0.3,3,50,5,1,0.05,0.2,True
v6,imlo_v100_l010_d00_vox08_fs005_ml3,0.4088,1.0572,1.774,2.587,48.848,453,0.922,5.036,1,1,0.1,0.1,0.0005,0.0005,30,100,8,4,5,0.1,True,0.0,0.0,-0.01,0.02,0.05,0.0,0.0025,0.8,3,50,5,1,0.05,0.2,True
v5,lo_v100_blo_l010_d01,0.4126,1.1034,1.865,2.471,71.985,422,0.936,5.044,1,1,0.1,0.1,0.0005,0.0005,30,100,8,4,5,0.1,True,0.0,0.0,-0.01,0.02,0.05,0.01,0.0025,0.5,2,50,5,1,0.1,0.2,True
v5,lo_v1000_bmid_l000_d02,0.4135,1.0098,1.466,1.256,33.2,460,0.936,5.02,1,1,0.1,0.1,0.001,0.001,30,1000,8,4,5,0.1,True,0.0,0.0,0.0,0.02,0.05,0.02,0.0025,0.5,2,50,5,1,0.1,0.2,True
v6,imhi_v100_l005_d00_vox03_fs005_ml3,0.4141,1.1275,2.231,1.959,65.954,462,0.948,5.026,1,1,1.5,1.0,0.0005,0.0005,30,100,8,4,5,0.1,True,0.0,0.0,-0.005,0.02,0.05,0.0,0.0025,0.3,3,50,5,1,0.05,0.2,True
v6,imlo_v1000_l005_d01_vox08_fs020_ml1,0.4152,1.4875,1.448,1.574,5.695,451,0.923,5.039,1,1,0.1,0.1,0.0005,0.0005,30,1000,8,4,5,0.1,True,0.0,0.0,-0.005,0.02,0.05,0.01,0.0025,0.8,1,50,5,1,0.2,0.2,True
v6,imhi_v1000_l005_d00_vox03_fs005_ml2,0.4161,1.1119,2.005,2.127,67.368,426,0.937,5.02,1,1,1.5,1.0,0.0005,0.0005,30,1000,8,4,5,0.1,True,0.0,0.0,-0.005,0.02,0.05,0.0,0.0025,0.3,2,50,5,1,0.05,0.2,True
v7,fs025_vox03_v100_be010_pf1_mp100_ga1,0.4166,1.0861,1.568,1.301,2.599,457,0.948,5.035,1,1,0.1,0.1,0.0005,0.0005,30,100,8,4,5,0.1,True,0.0,0.0,-0.005,0.02,0.1,0.01,0.0025,0.3,1,100,5,1,0.25,0.2,True
v6,imlo_v1000_l005_d01_vox03_fs005_ml1,0.4187,1.0974,1.789,2.23,66.987,439,0.937,5.033,1,1,0.1,0.1,0.0005,0.0005,30,1000,8,4,5,0.1,True,0.0,0.0,-0.005,0.02,0.05,0.01,0.0025,0.3,1,50,5,1,0.05,0.2,True
v7,fs025_vox03_v1000_be005_pf3_mp50_ga1,0.4209,0.926,0.585,0.813,6.914,457,0.935,5.035,1,1,0.1,0.1,0.0005,0.0005,30,1000,8,4,5,0.1,True,0.0,0.0,-0.005,0.02,0.05,0.01,0.0025,0.3,1,50,5,3,0.25,0.2,True
v6,imlo_v1000_l005_d00_vox08_fs020_ml1,0.4224,0.8126,0.706,0.79,3.431,452,0.922,5.035,1,1,0.1,0.1,0.0005,0.0005,30,1000,8,4,5,0.1,True,0.0,0.0,-0.005,0.02,0.05,0.0,0.0025,0.8,1,50,5,1,0.2,0.2,True
v6,imhi_v100_l010_d01_vox03_fs005_ml2,0.4229,0.9366,1.694,2.148,65.285,386,0.935,5.022,1,1,1.5,1.0,0.0005,0.0005,30,100,8,4,5,0.1,True,0.0,0.0,-0.01,0.02,0.05,0.01,0.0025,0.3,2,50,5,1,0.05,0.2,True
v5,lo_v100_bmid_l005_d01,0.4239,1.0815,1.859,2.832,32.127,453,0.936,5.039,1,1,0.1,0.1,0.001,0.001,30,100,8,4,5,0.1,True,0.0,0.0,-0.005,0.02,0.05,0.01,0.0025,0.5,2,50,5,1,0.1,0.2,True
v6,imlo_v1000_l005_d01_vox03_fs005_ml2,0.4239,1.0999,1.774,2.148,68.947,436,0.936,5.034,1,1,0.1,0.1,0.0005,0.0005,30,1000,8,4,5,0.1,True,0.0,0.0,-0.005,0.02,0.05,0.01,0.0025,0.3,2,50,5,1,0.05,0.2,True
v6,imhi_v100_l010_d01_vox03_fs005_ml3,0.4245,1.1718,2.346,1.998,61.08,459,0.949,5.025,1,1,1.5,1.0,0.0005,0.0005,30,100,8,4,5,0.1,True,0.0,0.0,-0.01,0.02,0.05,0.01,0.0025,0.3,3,50,5,1,0.05,0.2,True
v6,imhi_v1000_l005_d00_vox03_fs005_ml1,0.425,1.1163,2.118,2.139,64.707,422,0.937,5.035,1,1,1.5,1.0,0.0005,0.0005,30,1000,8,4,5,0.1,True,0.0,0.0,-0.005,0.02,0.05,0.0,0.0025,0.3,1,50,5,1,0.05,0.2,True
v7,fs025_vox05_v100_be010_pf1_mp100_ga0,0.4251,1.0619,2.708,0.96,1.722,451,0.935,5.044,1,1,0.1,0.1,0.0005,0.0005,30,100,8,4,5,0.1,True,0.0,0.0,-0.005,0.02,0.1,0.01,0.0025,0.5,1,100,5,1,0.25,0.2,False
v6,imlo_v100_l010_d01_vox03_fs020_ml1,0.427,1.2148,1.727,1.657,10.476,459,0.946,5.048,1,1,0.1,0.1,0.0005,0.0005,30,100,8,4,5,0.1,True,0.0,0.0,-0.01,0.02,0.05,0.01,0.0025,0.3,1,50,5,1,0.2,0.2,True
v7,fs015_vox05_v1000_be005_pf3_mp50_ga1,0.4276,1.2691,0.707,0.746,3.305,457,0.935,5.043,1,1,0.1,0.1,0.0005,0.0005,30,1000,8,4,5,0.1,True,0.0,0.0,-0.005,0.02,0.05,0.01,0.0025,0.5,1,50,5,3,0.15,0.2,True
v6,imhi_v100_l005_d00_vox05_fs005_ml2,0.4309,1.1339,2.573,2.206,67.715,416,0.925,5.032,1,1,1.5,1.0,0.0005,0.0005,30,100,8,4,5,0.1,True,0.0,0.0,-0.005,0.02,0.05,0.0,0.0025,0.5,2,50,5,1,0.05,0.2,True
v7,fs025_vox05_v1000_be002_pf3_mp50_ga1,0.4318,0.9431,0.835,0.816,5.211,450,0.921,5.036,1,1,0.1,0.1,0.0005,0.0005,30,1000,8,4,5,0.1,True,0.0,0.0,-0.005,0.02,0.02,0.01,0.0025,0.5,1,50,5,3,0.25,0.2,True
v8,fs018_vox025_mp100_ps8_pl4_if30,0.4326,1.111,0.826,1.071,4.048,458,0.936,5.033,1,1,0.1,0.1,0.0005,0.0005,30,100,8,4,5,0.1,True,0.0,0.0,-0.005,0.02,0.05,0.01,0.0025,0.25,1,100,5,3,0.18,0.2,True
v8,fs020_vox025_mp100_ps8_pl4_if20,0.4334,2.2646,1.632,1.43,3.548,457,0.947,5.036,1,1,0.1,0.1,0.0005,0.0005,20,100,8,4,5,0.1,True,0.0,0.0,-0.005,0.02,0.05,0.01,0.0025,0.25,1,100,5,3,0.2,0.2,True
v6,imlo_v100_l005_d01_vox05_fs005_ml1,0.4371,1.1124,1.707,2.335,64.906,451,0.92,5.034,1,1,0.1,0.1,0.0005,0.0005,30,100,8,4,5,0.1,True,0.0,0.0,-0.005,0.02,0.05,0.01,0.0025,0.5,1,50,5,1,0.05,0.2,True
v7,fs025_vox03_v1000_be005_pf1_mp50_ga0,0.4415,1.2647,1.04,0.724,5.057,450,0.922,5.04,1,1,0.1,0.1,0.0005,0.0005,30,1000,8,4,5,0.1,True,0.0,0.0,-0.005,0.02,0.05,0.01,0.0025,0.3,1,50,5,1,0.25,0.2,False
v7,fs025_vox03_v100_be002_pf1_mp50_ga0,0.4415,1.0969,1.763,1.098,4.376,450,0.922,5.046,1,1,0.1,0.1,0.0005,0.0005,30,100,8,4,5,0.1,True,0.0,0.0,-0.005,0.02,0.02,0.01,0.0025,0.3,1,50,5,1,0.25,0.2,False
v6,imlo_v1000_l010_d00_vox03_fs005_ml2,0.443,1.3889,2.959,1.866,40.101,439,0.946,5.022,1,1,0.1,0.1,0.0005,0.0005,30,1000,8,4,5,0.1,True,0.0,0.0,-0.01,0.02,0.05,0.0,0.0025,0.3,2,50,5,1,0.05,0.2,True
v6,imlo_v100_l010_d01_vox08_fs005_ml1,0.4455,1.1914,1.86,2.441,68.084,442,0.936,5.039,1,1,0.1,0.1,0.0005,0.0005,30,100,8,4,5,0.1,True,0.0,0.0,-0.01,0.02,0.05,0.01,0.0025,0.8,1,50,5,1,0.05,0.2,True
v7,fs025_vox05_v1000_be010_pf3_mp100_ga1,0.4463,1.0407,0.582,0.849,5.66,457,0.935,5.035,1,1,0.1,0.1,0.0005,0.0005,30,1000,8,4,5,0.1,True,0.0,0.0,-0.005,0.02,0.1,0.01,0.0025,0.5,1,100,5,3,0.25,0.2,True
v5,mid_v1000_blo_l000_d03,0.4468,1.3418,1.764,1.925,10.327,457,0.934,5.046,1,1,0.5,0.3,0.0005,0.0005,30,1000,8,4,5,0.1,True,0.0,0.0,0.0,0.02,0.05,0.03,0.0025,0.5,2,50,5,1,0.1,0.2,True
v6,imhi_v100_l010_d00_vox05_fs005_ml2,0.4508,1.3211,3.724,3.278,70.709,436,0.933,5.026,1,1,1.5,1.0,0.0005,0.0005,30,100,8,4,5,0.1,True,0.0,0.0,-0.01,0.02,0.05,0.0,0.0025,0.5,2,50,5,1,0.05,0.2,True
v6,imlo_v100_l010_d00_vox05_fs005_ml3,0.4508,1.6496,1.838,3.039,51.511,453,0.935,5.031,1,1,0.1,0.1,0.0005,0.0005,30,100,8,4,5,0.1,True,0.0,0.0,-0.01,0.02,0.05,0.0,0.0025,0.5,3,50,5,1,0.05,0.2,True
v5,lo_v1000_bhi_l010_d03,0.4527,0.9784,1.32,1.063,5.295,458,0.938,5.036,1,1,0.1,0.1,0.005,0.005,30,1000,8,4,5,0.1,True,0.0,0.0,-0.01,0.02,0.05,0.03,0.0025,0.5,2,50,5,1,0.1,0.2,True
v5,mid_v1000_bmid_l000_d03,0.4527,1.3385,1.68,2.088,16.644,458,0.949,5.041,1,1,0.5,0.3,0.001,0.001,30,1000,8,4,5,0.1,True,0.0,0.0,0.0,0.02,0.05,0.03,0.0025,0.5,2,50,5,1,0.1,0.2,True
v8,fs018_vox040_mp100_ps4_pl4_if50,0.4564,1.2131,0.827,1.408,3.895,451,0.923,5.035,1,1,0.1,0.1,0.0005,0.0005,50,100,4,4,5,0.1,True,0.0,0.0,-0.005,0.02,0.05,0.01,0.0025,0.4,1,100,5,3,0.18,0.2,True
v7,fs015_vox03_v1000_be002_pf1_mp50_ga0,0.4566,1.242,1.291,2.044,64.884,416,0.921,5.027,1,1,0.1,0.1,0.0005,0.0005,30,1000,8,4,5,0.1,True,0.0,0.0,-0.005,0.02,0.02,0.01,0.0025,0.3,1,50,5,1,0.15,0.2,False
v6,imhi_v100_l005_d01_vox03_fs020_ml2,0.4567,0.9934,1.19,1.462,1.421,451,0.935,5.043,1,1,1.5,1.0,0.0005,0.0005,30,100,8,4,5,0.1,True,0.0,0.0,-0.005,0.02,0.05,0.01,0.0025,0.3,2,50,5,1,0.2,0.2,True
v6,imhi_v100_l010_d01_vox03_fs020_ml3,0.4623,1.0423,1.707,2.477,13.523,452,0.923,5.034,1,1,1.5,1.0,0.0005,0.0005,30,100,8,4,5,0.1,True,0.0,0.0,-0.01,0.02,0.05,0.01,0.0025,0.3,3,50,5,1,0.2,0.2,True
v6,imhi_v100_l010_d01_vox05_fs005_ml1,0.4627,1.9835,3.034,3.424,70.153,459,0.947,5.035,1,1,1.5,1.0,0.0005,0.0005,30,100,8,4,5,0.1,True,0.0,0.0,-0.01,0.02,0.05,0.01,0.0025,0.5,1,50,5,1,0.05,0.2,True
v6,imhi_v100_l010_d00_vox03_fs005_ml2,0.464,1.1146,2.013,2.323,64.025,394,0.927,5.026,1,1,1.5,1.0,0.0005,0.0005,30,100,8,4,5,0.1,True,0.0,0.0,-0.01,0.02,0.05,0.0,0.0025,0.3,2,50,5,1,0.05,0.2,True
v7,fs015_vox05_v1000_be002_pf3_mp50_ga1,0.464,1.8153,0.87,1.439,4.754,457,0.948,5.036,1,1,0.1,0.1,0.0005,0.0005,30,1000,8,4,5,0.1,True,0.0,0.0,-0.005,0.02,0.02,0.01,0.0025,0.5,1,50,5,3,0.15,0.2,True
v8,fs018_vox025_mp50_ps4_pl4_if30,0.4668,1.2279,1.569,0.916,4.099,451,0.923,5.033,1,1,0.1,0.1,0.0005,0.0005,30,100,4,4,5,0.1,True,0.0,0.0,-0.005,0.02,0.05,0.01,0.0025,0.25,1,50,5,3,0.18,0.2,True
v5,lo_v100_blo_l005_d01,0.4682,1.2737,1.812,2.497,72.949,414,0.939,5.03,1,1,0.1,0.1,0.0005,0.0005,30,100,8,4,5,0.1,True,0.0,0.0,-0.005,0.02,0.05,0.01,0.0025,0.5,2,50,5,1,0.1,0.2,True
v6,imlo_v100_l010_d00_vox08_fs005_ml2,0.4716,1.2581,1.578,2.596,69.548,437,0.937,5.021,1,1,0.1,0.1,0.0005,0.0005,30,100,8,4,5,0.1,True,0.0,0.0,-0.01,0.02,0.05,0.0,0.0025,0.8,2,50,5,1,0.05,0.2,True
v8,fs020_vox030_mp50_ps8_pl4_if30,0.4732,1.1164,1.363,2.248,5.927,457,0.948,5.034,1,1,0.1,0.1,0.0005,0.0005,30,100,8,4,5,0.1,True,0.0,0.0,-0.005,0.02,0.05,0.01,0.0025,0.3,1,50,5,3,0.2,0.2,True
v5,lo_v100_bmid_l000_d01,0.4735,1.1455,1.887,2.956,61.083,433,0.937,5.042,1,1,0.1,0.1,0.001,0.001,30,100,8,4,5,0.1,True,0.0,0.0,0.0,0.02,0.05,0.01,0.0025,0.5,2,50,5,1,0.1,0.2,True
v6,imhi_v100_l005_d00_vox05_fs005_ml1,0.4753,1.4454,4.397,3.525,69.139,424,0.936,5.021,1,1,1.5,1.0,0.0005,0.0005,30,100,8,4,5,0.1,True,0.0,0.0,-0.005,0.02,0.05,0.0,0.0025,0.5,1,50,5,1,0.05,0.2,True
v8,fs015_vox040_mp50_ps4_pl4_if20,0.4766,1.4197,1.044,0.828,3.642,458,0.936,5.036,1,1,0.1,0.1,0.0005,0.0005,20,100,4,4,5,0.1,True,0.0,0.0,-0.005,0.02,0.05,0.01,0.0025,0.4,1,50,5,3,0.15,0.2,True
v6,imhi_v100_l010_d01_vox03_fs005_ml1,0.4768,1.172,2.047,2.306,63.835,418,0.921,5.031,1,1,1.5,1.0,0.0005,0.0005,30,100,8,4,5,0.1,True,0.0,0.0,-0.01,0.02,0.05,0.01,0.0025,0.3,1,50,5,1,0.05,0.2,True
v6,imhi_v100_l005_d01_vox05_fs005_ml3,0.4782,1.1887,3.457,2.892,69.106,455,0.935,5.038,1,1,1.5,1.0,0.0005,0.0005,30,100,8,4,5,0.1,True,0.0,0.0,-0.005,0.02,0.05,0.01,0.0025,0.5,3,50,5,1,0.05,0.2,True
v8,fs018_vox040_mp100_ps4_pl4_if30,0.4795,2.536,1.615,0.721,3.786,457,0.935,5.036,1,1,0.1,0.1,0.0005,0.0005,30,100,4,4,5,0.1,True,0.0,0.0,-0.005,0.02,0.05,0.01,0.0025,0.4,1,100,5,3,0.18,0.2,True
v6,imhi_v100_l010_d00_vox03_fs005_ml3,0.4815,1.1122,2.089,2.293,64.134,404,0.947,5.028,1,1,1.5,1.0,0.0005,0.0005,30,100,8,4,5,0.1,True,0.0,0.0,-0.01,0.02,0.05,0.0,0.0025,0.3,3,50,5,1,0.05,0.2,True
v7,fs015_vox05_v1000_be010_pf3_mp50_ga1,0.4817,1.168,0.934,1.096,3.034,459,0.936,5.036,1,1,0.1,0.1,0.0005,0.0005,30,1000,8,4,5,0.1,True,0.0,0.0,-0.005,0.02,0.1,0.01,0.0025,0.5,1,50,5,3,0.15,0.2,True
v5,lo_v100_blo_l005_d02,0.4897,1.3765,2.059,3.001,70.226,408,0.921,5.032,1,1,0.1,0.1,0.0005,0.0005,30,100,8,4,5,0.1,True,0.0,0.0,-0.005,0.02,0.05,0.02,0.0025,0.5,2,50,5,1,0.1,0.2,True
v6,imlo_v100_l005_d00_vox03_fs020_ml2,0.4906,1.5201,2.07,2.289,20.729,461,0.949,5.044,1,1,0.1,0.1,0.0005,0.0005,30,100,8,4,5,0.1,True,0.0,0.0,-0.005,0.02,0.05,0.0,0.0025,0.3,2,50,5,1,0.2,0.2,True
v5,lo_v100_blo_l000_d02,0.4907,1.6846,1.606,2.351,69.357,426,0.937,5.021,1,1,0.1,0.1,0.0005,0.0005,30,100,8,4,5,0.1,True,0.0,0.0,0.0,0.02,0.05,0.02,0.0025,0.5,2,50,5,1,0.1,0.2,True
v6,imhi_v100_l005_d01_vox03_fs020_ml1,0.4913,1.052,2.892,0.977,2.833,458,0.937,5.036,1,1,1.5,1.0,0.0005,0.0005,30,100,8,4,5,0.1,True,0.0,0.0,-0.005,0.02,0.05,0.01,0.0025,0.3,1,50,5,1,0.2,0.2,True
v5,lo_v100_bmid_l000_d02,0.4942,1.0822,1.265,2.069,72.394,432,0.922,5.041,1,1,0.1,0.1,0.001,0.001,30,100,8,4,5,0.1,True,0.0,0.0,0.0,0.02,0.05,0.02,0.0025,0.5,2,50,5,1,0.1,0.2,True
v5,hi_v100_blo_l000_d03,0.4951,1.4938,3.402,1.812,5.976,457,0.935,5.045,1,1,1.5,1.0,0.0005,0.0005,30,100,8,4,5,0.1,True,0.0,0.0,0.0,0.02,0.05,0.03,0.0025,0.5,2,50,5,1,0.1,0.2,True
v6,imhi_v100_l005_d00_vox08_fs020_ml3,0.4961,1.2454,1.897,1.803,3.892,460,0.935,5.029,1,1,1.5,1.0,0.0005,0.0005,30,100,8,4,5,0.1,True,0.0,0.0,-0.005,0.02,0.05,0.0,0.0025,0.8,3,50,5,1,0.2,0.2,True
v6,imlo_v100_l005_d00_vox03_fs020_ml1,0.4971,1.2561,2.812,2.381,16.5,462,0.936,5.041,1,1,0.1,0.1,0.0005,0.0005,30,100,8,4,5,0.1,True,0.0,0.0,-0.005,0.02,0.05,0.0,0.0025,0.3,1,50,5,1,0.2,0.2,True
v6,imlo_v100_l005_d00_vox05_fs005_ml2,0.4995,1.3067,1.939,2.751,63.67,458,0.949,5.04,1,1,0.1,0.1,0.0005,0.0005,30,100,8,4,5,0.1,True,0.0,0.0,-0.005,0.02,0.05,0.0,0.0025,0.5,2,50,5,1,0.05,0.2,True
v6,imlo_v1000_l010_d00_vox03_fs005_ml1,0.4997,1.4791,3.347,2.474,53.698,460,0.936,5.027,1,1,0.1,0.1,0.0005,0.0005,30,1000,8,4,5,0.1,True,0.0,0.0,-0.01,0.02,0.05,0.0,0.0025,0.3,1,50,5,1,0.05,0.2,True
v6,imhi_v100_l010_d00_vox03_fs005_ml1,0.5001,1.1183,2.106,2.322,63.178,408,0.95,5.035,0,0,1.5,1.0,0.0005,0.0005,30,100,8,4,5,0.1,True,0.0,0.0,-0.01,0.02,0.05,0.0,0.0025,0.3,1,50,5,1,0.05,0.2,True
v7,fs025_vox05_v1000_be002_pf3_mp100_ga0,0.5013,1.4217,1.01,1.092,3.717,458,0.937,5.043,0,0,0.1,0.1,0.0005,0.0005,30,1000,8,4,5,0.1,True,0.0,0.0,-0.005,0.02,0.02,0.01,0.0025,0.5,1,100,5,3,0.25,0.2,False
v6,imhi_v100_l005_d00_vox05_fs005_ml3,0.5031,1.9024,2.653,2.796,64.351,431,0.947,5.033,0,0,1.5,1.0,0.0005,0.0005,30,100,8,4,5,0.1,True,0.0,0.0,-0.005,0.02,0.05,0.0,0.0025,0.5,3,50,5,1,0.05,0.2,True
v6,imlo_v100_l005_d00_vox05_fs005_ml3,0.5045,1.3149,2.038,2.779,69.087,454,0.935,5.036,0,0,0.1,0.1,0.0005,0.0005,30,100,8,4,5,0.1,True,0.0,0.0,-0.005,0.02,0.05,0.0,0.0025,0.5,3,50,5,1,0.05,0.2,True
v8,fs018_vox030_mp50_ps4_pl4_if30,0.5054,1.1756,1.363,0.821,2.774,457,0.949,5.04,0,0,0.1,0.1,0.0005,0.0005,30,100,4,4,5,0.1,True,0.0,0.0,-0.005,0.02,0.05,0.01,0.0025,0.3,1,50,5,3,0.18,0.2,True
v5,mid_v100_bmid_l000_d02,0.5056,1.6197,2.15,2.179,5.431,460,0.937,5.035,0,0,0.5,0.3,0.001,0.001,30,100,8,4,5,0.1,True,0.0,0.0,0.0,0.02,0.05,0.02,0.0025,0.5,2,50,5,1,0.1,0.2,True
v7,fs015_vox03_v100_be010_pf1_mp50_ga1,0.5058,1.3424,2.051,2.325,25.384,458,0.938,5.029,0,0,0.1,0.1,0.0005,0.0005,30,100,8,4,5,0.1,True,0.0,0.0,-0.005,0.02,0.1,0.01,0.0025,0.3,1,50,5,1,0.15,0.2,True
v5,mid_v100_blo_l000_d01,0.506,1.1546,1.654,2.482,48.468,458,0.938,5.032,0,0,0.5,0.3,0.0005,0.0005,30,100,8,4,5,0.1,True,0.0,0.0,0.0,0.02,0.05,0.01,0.0025,0.5,2,50,5,1,0.1,0.2,True
v5,mid_v100_bhi_l000_d01,0.5087,1.1969,2.168,2.117,42.142,446,0.946,5.042,0,0,0.5,0.3,0.005,0.005,30,100,8,4,5,0.1,True,0.0,0.0,0.0,0.02,0.05,0.01,0.0025,0.5,2,50,5,1,0.1,0.2,True
v5,mid_v100_bhi_l010_d01,0.5103,1.4086,5.352,2.429,25.461,455,0.936,5.035,0,0,0.5,0.3,0.005,0.005,30,100,8,4,5,0.1,True,0.0,0.0,-0.01,0.02,0.05,0.01,0.0025,0.5,2,50,5,1,0.1,0.2,True
v6,imhi_v100_l005_d01_vox05_fs020_ml2,0.5146,1.1324,3.692,4.176,4.872,458,0.948,5.042,0,0,1.5,1.0,0.0005,0.0005,30,100,8,4,5,0.1,True,0.0,0.0,-0.005,0.02,0.05,0.01,0.0025,0.5,2,50,5,1,0.2,0.2,True
v7,fs025_vox05_v1000_be010_pf3_mp100_ga0,0.5196,1.3639,0.999,1.022,4.246,457,0.934,5.037,0,0,0.1,0.1,0.0005,0.0005,30,1000,8,4,5,0.1,True,0.0,0.0,-0.005,0.02,0.1,0.01,0.0025,0.5,1,100,5,3,0.25,0.2,False
v7,fs020_vox03_v1000_be002_pf3_mp50_ga1,0.5273,1.496,1.078,1.006,2.768,457,0.945,5.036,0,0,0.1,0.1,0.0005,0.0005,30,1000,8,4,5,0.1,True,0.0,0.0,-0.005,0.02,0.02,0.01,0.0025,0.3,1,50,5,3,0.2,0.2,True
v6,imhi_v100_l010_d00_vox05_fs005_ml3,0.5279,1.3097,3.81,3.304,64.487,415,0.935,5.032,0,0,1.5,1.0,0.0005,0.0005,30,100,8,4,5,0.1,True,0.0,0.0,-0.01,0.02,0.05,0.0,0.0025,0.5,3,50,5,1,0.05,0.2,True
v7,fs025_vox03_v100_be005_pf3_mp100_ga1,0.5313,1.5707,1.124,1.895,4.971,451,0.935,5.035,0,0,0.1,0.1,0.0005,0.0005,30,100,8,4,5,0.1,True,0.0,0.0,-0.005,0.02,0.05,0.01,0.0025,0.3,1,100,5,3,0.25,0.2,True
v6,imlo_v1000_l010_d00_vox08_fs005_ml2,0.5317,1.3281,1.788,2.902,49.1,452,0.922,5.031,0,0,0.1,0.1,0.0005,0.0005,30,1000,8,4,5,0.1,True,0.0,0.0,-0.01,0.02,0.05,0.0,0.0025,0.8,2,50,5,1,0.05,0.2,True
v6,imlo_v1000_l010_d01_vox08_fs020_ml1,0.5327,1.5873,0.91,1.45,3.031,454,0.939,5.032,0,0,0.1,0.1,0.0005,0.0005,30,1000,8,4,5,0.1,True,0.0,0.0,-0.01,0.02,0.05,0.01,0.0025,0.8,1,50,5,1,0.2,0.2,True
v7,fs020_vox03_v1000_be005_pf1_mp50_ga1,0.5386,1.8883,1.095,1.338,4.567,451,0.936,5.035,0,0,0.1,0.1,0.0005,0.0005,30,1000,8,4,5,0.1,True,0.0,0.0,-0.005,0.02,0.05,0.01,0.0025,0.3,1,50,5,1,0.2,0.2,True
v5,mid_v100_bhi_l005_d03,0.5389,1.6423,5.115,2.21,7.388,457,0.936,5.047,0,0,0.5,0.3,0.005,0.005,30,100,8,4,5,0.1,True,0.0,0.0,-0.005,0.02,0.05,0.03,0.0025,0.5,2,50,5,1,0.1,0.2,True
v6,imlo_v100_l010_d01_vox08_fs020_ml1,0.5456,3.6483,3.057,2.121,7.801,457,0.949,5.047,0,0,0.1,0.1,0.0005,0.0005,30,100,8,4,5,0.1,True,0.0,0.0,-0.01,0.02,0.05,0.01,0.0025,0.8,1,50,5,1,0.2,0.2,True
v6,imlo_v100_l005_d00_vox05_fs020_ml2,0.5506,1.4737,1.86,1.882,2.381,457,0.949,5.033,0,0,0.1,0.1,0.0005,0.0005,30,100,8,4,5,0.1,True,0.0,0.0,-0.005,0.02,0.05,0.0,0.0025,0.5,2,50,5,1,0.2,0.2,True
v6,imhi_v100_l010_d00_vox03_fs020_ml3,0.5512,1.3215,2.531,2.103,17.831,451,0.92,5.039,0,0,1.5,1.0,0.0005,0.0005,30,100,8,4,5,0.1,True,0.0,0.0,-0.01,0.02,0.05,0.0,0.0025,0.3,3,50,5,1,0.2,0.2,True
v8,fs018_vox040_mp100_ps8_pl4_if20,0.5599,1.5972,0.883,1.361,5.985,457,0.935,5.03,0,0,0.1,0.1,0.0005,0.0005,20,100,8,4,5,0.1,True,0.0,0.0,-0.005,0.02,0.05,0.01,0.0025,0.4,1,100,5,3,0.18,0.2,True
v6,imlo_v1000_l005_d00_vox05_fs020_ml1,0.5602,1.8366,1.175,1.02,3.308,451,0.934,5.036,0,0,0.1,0.1,0.0005,0.0005,30,1000,8,4,5,0.1,True,0.0,0.0,-0.005,0.02,0.05,0.0,0.0025,0.5,1,50,5,1,0.2,0.2,True
v6,imlo_v1000_l005_d00_vox08_fs020_ml2,0.5615,1.1632,1.385,0.643,1.349,460,0.934,5.036,0,0,0.1,0.1,0.0005,0.0005,30,1000,8,4,5,0.1,True,0.0,0.0,-0.005,0.02,0.05,0.0,0.0025,0.8,2,50,5,1,0.2,0.2,True
v8,fs020_vox025_mp100_ps4_pl4_if30,0.5622,1.4592,0.922,1.067,3.327,460,0.937,5.034,0,0,0.1,0.1,0.0005,0.0005,30,100,4,4,5,0.1,True,0.0,0.0,-0.005,0.02,0.05,0.01,0.0025,0.25,1,100,5,3,0.2,0.2,True
v7,fs025_vox03_v1000_be005_pf3_mp100_ga1,0.5628,1.3162,1.039,0.702,3.065,457,0.935,5.034,0,0,0.1,0.1,0.0005,0.0005,30,1000,8,4,5,0.1,True,0.0,0.0,-0.005,0.02,0.05,0.01,0.0025,0.3,1,100,5,3,0.25,0.2,True
v6,imlo_v100_l010_d00_vox05_fs020_ml1,0.5664,2.809,1.548,2.749,3.318,460,0.938,5.043,0,0,0.1,0.1,0.0005,0.0005,30,100,8,4,5,0.1,True,0.0,0.0,-0.01,0.02,0.05,0.0,0.0025,0.5,1,50,5,1,0.2,0.2,True
v5,lo_v100_blo_l000_d01,0.5672,1.2155,1.581,2.36,50.466,437,0.937,5.025,0,0,0.1,0.1,0.0005,0.0005,30,100,8,4,5,0.1,True,0.0,0.0,0.0,0.02,0.05,0.01,0.0025,0.5,2,50,5,1,0.1,0.2,True
v5,mid_v100_bmid_l000_d01,0.5677,1.3037,2.978,1.284,6.338,461,0.937,5.036,0,0,0.5,0.3,0.001,0.001,30,100,8,4,5,0.1,True,0.0,0.0,0.0,0.02,0.05,0.01,0.0025,0.5,2,50,5,1,0.1,0.2,True
v7,fs020_vox03_v1000_be005_pf3_mp100_ga1,0.5685,1.6621,0.902,1.185,4.173,457,0.935,5.035,0,0,0.1,0.1,0.0005,0.0005,30,1000,8,4,5,0.1,True,0.0,0.0,-0.005,0.02,0.05,0.01,0.0025,0.3,1,100,5,3,0.2,0.2,True
v7,fs020_vox03_v1000_be010_pf3_mp50_ga1,0.5695,1.4617,0.442,0.857,3.446,457,0.935,5.036,0,0,0.1,0.1,0.0005,0.0005,30,1000,8,4,5,0.1,True,0.0,0.0,-0.005,0.02,0.1,0.01,0.0025,0.3,1,50,5,3,0.2,0.2,True
v7,fs025_vox03_v1000_be010_pf3_mp100_ga1,0.5712,1.3522,0.599,0.846,4.527,457,0.949,5.035,0,0,0.1,0.1,0.0005,0.0005,30,1000,8,4,5,0.1,True,0.0,0.0,-0.005,0.02,0.1,0.01,0.0025,0.3,1,100,5,3,0.25,0.2,True
v8,fs015_vox040_mp50_ps4_pl4_if30,0.578,1.7223,0.889,1.534,3.747,457,0.947,5.034,0,0,0.1,0.1,0.0005,0.0005,30,100,4,4,5,0.1,True,0.0,0.0,-0.005,0.02,0.05,0.01,0.0025,0.4,1,50,5,3,0.15,0.2,True
v8,fs020_vox030_mp100_ps4_pl4_if30,0.5832,1.8241,1.165,1.208,3.498,458,0.935,5.036,0,0,0.1,0.1,0.0005,0.0005,30,100,4,4,5,0.1,True,0.0,0.0,-0.005,0.02,0.05,0.01,0.0025,0.3,1,100,5,3,0.2,0.2,True
v8,fs020_vox025_mp50_ps4_pl4_if50,0.5842,2.8902,1.501,1.294,2.466,458,0.951,5.033,0,0,0.1,0.1,0.0005,0.0005,50,100,4,4,5,0.1,True,0.0,0.0,-0.005,0.02,0.05,0.01,0.0025,0.25,1,50,5,3,0.2,0.2,True
v6,imlo_v1000_l005_d01_vox08_fs020_ml2,0.5853,1.8249,1.522,1.445,6.005,458,0.937,5.04,0,0,0.1,0.1,0.0005,0.0005,30,1000,8,4,5,0.1,True,0.0,0.0,-0.005,0.02,0.05,0.01,0.0025,0.8,2,50,5,1,0.2,0.2,True
v5,lo_v100_bhi_l000_d02,0.5906,1.5982,1.662,2.389,59.713,435,0.936,5.03,0,0,0.1,0.1,0.005,0.005,30,100,8,4,5,0.1,True,0.0,0.0,0.0,0.02,0.05,0.02,0.0025,0.5,2,50,5,1,0.1,0.2,True
v6,imhi_v100_l005_d00_vox08_fs020_ml2,0.5957,1.6951,4.234,1.589,3.801,458,0.949,5.036,0,0,1.5,1.0,0.0005,0.0005,30,100,8,4,5,0.1,True,0.0,0.0,-0.005,0.02,0.05,0.0,0.0025,0.8,2,50,5,1,0.2,0.2,True
v8,fs018_vox030_mp100_ps4_pl4_if30,0.5984,2.2293,1.252,1.58,3.919,458,0.937,5.031,0,0,0.1,0.1,0.0005,0.0005,30,100,4,4,5,0.1,True,0.0,0.0,-0.005,0.02,0.05,0.01,0.0025,0.3,1,100,5,3,0.18,0.2,True
v7,fs015_vox05_v1000_be010_pf3_mp50_ga0,0.6053,1.8015,1.182,1.108,4.669,451,0.935,5.034,0,0,0.1,0.1,0.0005,0.0005,30,1000,8,4,5,0.1,True,0.0,0.0,-0.005,0.02,0.1,0.01,0.0025,0.5,1,50,5,3,0.15,0.2,False
v8,fs015_vox025_mp50_ps4_pl4_if50,0.607,2.5604,0.862,1.93,4.612,457,0.935,5.033,0,0,0.1,0.1,0.0005,0.0005,50,100,4,4,5,0.1,True,0.0,0.0,-0.005,0.02,0.05,0.01,0.0025,0.25,1,50,5,3,0.15,0.2,True
v7,fs015_vox05_v1000_be010_pf1_mp50_ga1,0.6105,1.5622,1.237,0.688,7.419,451,0.923,5.034,0,0,0.1,0.1,0.0005,0.0005,30,1000,8,4,5,0.1,True,0.0,0.0,-0.005,0.02,0.1,0.01,0.0025,0.5,1,50,5,1,0.15,0.2,True
v7,fs025_vox03_v1000_be002_pf3_mp50_ga1,0.6126,1.6359,0.661,0.931,2.872,457,0.948,5.035,0,0,0.1,0.1,0.0005,0.0005,30,1000,8,4,5,0.1,True,0.0,0.0,-0.005,0.02,0.02,0.01,0.0025,0.3,1,50,5,3,0.25,0.2,True
v7,fs025_vox03_v1000_be002_pf3_mp50_ga0,0.6137,2.2465,1.394,1.351,2.414,458,0.935,5.036,0,0,0.1,0.1,0.0005,0.0005,30,1000,8,4,5,0.1,True,0.0,0.0,-0.005,0.02,0.02,0.01,0.0025,0.3,1,50,5,3,0.25,0.2,False
v8,fs015_vox030_mp50_ps8_pl4_if20,0.6197,2.0688,0.962,1.896,4.961,457,0.935,5.035,0,0,0.1,0.1,0.0005,0.0005,20,100,8,4,5,0.1,True,0.0,0.0,-0.005,0.02,0.05,0.01,0.0025,0.3,1,50,5,3,0.15,0.2,True
v6,imhi_v100_l005_d01_vox05_fs005_ml1,0.6206,1.3361,2.808,2.358,2.949,461,0.934,5.038,0,0,1.5,1.0,0.0005,0.0005,30,100,8,4,5,0.1,True,0.0,0.0,-0.005,0.02,0.05,0.01,0.0025,0.5,1,50,5,1,0.05,0.2,True
v5,hi_v100_bhi_l000_d02,0.6511,1.8507,2.377,2.098,13.804,451,0.936,5.03,0,0,1.5,1.0,0.005,0.005,30,100,8,4,5,0.1,True,0.0,0.0,0.0,0.02,0.05,0.02,0.0025,0.5,2,50,5,1,0.1,0.2,True
v6,imlo_v1000_l005_d00_vox08_fs005_ml2,0.6641,1.667,1.802,1.597,2.653,457,0.935,5.032,0,0,0.1,0.1,0.0005,0.0005,30,1000,8,4,5,0.1,True,0.0,0.0,-0.005,0.02,0.05,0.0,0.0025,0.8,2,50,5,1,0.05,0.2,True
v7,fs025_vox05_v1000_be005_pf1_mp100_ga0,0.6651,1.483,1.282,0.46,4.829,457,0.935,5.033,0,0,0.1,0.1,0.0005,0.0005,30,1000,8,4,5,0.1,True,0.0,0.0,-0.005,0.02,0.05,0.01,0.0025,0.5,1,100,5,1,0.25,0.2,False
v5,lo_v100_bhi_l000_d01,0.6725,1.6919,1.866,2.178,60.953,423,0.922,5.026,0,0,0.1,0.1,0.005,0.005,30,100,8,4,5,0.1,True,0.0,0.0,0.0,0.02,0.05,0.01,0.0025,0.5,2,50,5,1,0.1,0.2,True
v7,fs020_vox05_v1000_be010_pf3_mp50_ga1,0.6777,2.4664,0.945,1.472,7.358,457,0.935,5.036,0,0,0.1,0.1,0.0005,0.0005,30,1000,8,4,5,0.1,True,0.0,0.0,-0.005,0.02,0.1,0.01,0.0025,0.5,1,50,5,3,0.2,0.2,True
v7,fs020_vox05_v1000_be010_pf1_mp50_ga0,0.6782,2.3956,1.371,1.274,6.872,457,0.949,5.033,0,0,0.1,0.1,0.0005,0.0005,30,1000,8,4,5,0.1,True,0.0,0.0,-0.005,0.02,0.1,0.01,0.0025,0.5,1,50,5,1,0.2,0.2,False
v8,fs020_vox030_mp50_ps4_pl4_if50,0.6867,2.0236,1.164,1.205,3.705,459,0.936,5.043,0,0,0.1,0.1,0.0005,0.0005,50,100,4,4,5,0.1,True,0.0,0.0,-0.005,0.02,0.05,0.01,0.0025,0.3,1,50,5,3,0.2,0.2,True
v7,fs025_vox03_v1000_be010_pf1_mp100_ga1,0.6929,2.409,0.591,1.285,7.008,451,0.923,5.037,0,0,0.1,0.1,0.0005,0.0005,30,1000,8,4,5,0.1,True,0.0,0.0,-0.005,0.02,0.1,0.01,0.0025,0.3,1,100,5,1,0.25,0.2,True
v6,imhi_v100_l010_d00_vox03_fs020_ml1,0.7005,1.5047,1.559,3.149,2.954,458,0.937,5.034,0,0,1.5,1.0,0.0005,0.0005,30,100,8,4,5,0.1,True,0.0,0.0,-0.01,0.02,0.05,0.0,0.0025,0.3,1,50,5,1,0.2,0.2,True
v6,imlo_v100_l010_d01_vox08_fs005_ml3,0.7053,1.751,1.878,2.187,64.967,437,0.949,5.034,0,0,0.1,0.1,0.0005,0.0005,30,100,8,4,5,0.1,True,0.0,0.0,-0.01,0.02,0.05,0.01,0.0025,0.8,3,50,5,1,0.05,0.2,True
v8,fs015_vox025_mp100_ps4_pl4_if30,0.707,3.4093,1.047,1.949,6.556,457,0.948,5.034,0,0,0.1,0.1,0.0005,0.0005,30,100,4,4,5,0.1,True,0.0,0.0,-0.005,0.02,0.05,0.01,0.0025,0.25,1,100,5,3,0.15,0.2,True
v6,imlo_v1000_l005_d01_vox08_fs020_ml3,0.709,1.5002,1.249,0.862,2.762,458,0.951,5.034,0,0,0.1,0.1,0.0005,0.0005,30,1000,8,4,5,0.1,True,0.0,0.0,-0.005,0.02,0.05,0.01,0.0025,0.8,3,50,5,1,0.2,0.2,True
v7,fs025_vox05_v1000_be002_pf1_mp100_ga1,0.7284,2.19,1.163,0.923,3.542,452,0.936,5.033,0,0,0.1,0.1,0.0005,0.0005,30,1000,8,4,5,0.1,True,0.0,0.0,-0.005,0.02,0.02,0.01,0.0025,0.5,1,100,5,1,0.25,0.2,True
v5,lo_v1000_blo_l010_d03,0.7332,3.9296,1.533,2.0,20.06,457,0.936,5.027,0,0,0.1,0.1,0.0005,0.0005,30,1000,8,4,5,0.1,True,0.0,0.0,-0.01,0.02,0.05,0.03,0.0025,0.5,2,50,5,1,0.1,0.2,True
v6,imlo_v1000_l010_d00_vox08_fs005_ml3,0.7334,1.6381,2.618,2.265,70.53,457,0.935,5.026,0,0,0.1,0.1,0.0005,0.0005,30,1000,8,4,5,0.1,True,0.0,0.0,-0.01,0.02,0.05,0.0,0.0025,0.8,3,50,5,1,0.05,0.2,True
v6,imlo_v1000_l005_d01_vox08_fs005_ml1,0.7416,1.5971,2.088,2.818,56.649,462,0.937,5.035,0,0,0.1,0.1,0.0005,0.0005,30,1000,8,4,5,0.1,True,0.0,0.0,-0.005,0.02,0.05,0.01,0.0025,0.8,1,50,5,1,0.05,0.2,True
v5,mid_v100_bhi_l000_d02,0.742,1.5905,1.438,2.739,23.497,461,0.937,5.048,0,0,0.5,0.3,0.005,0.005,30,100,8,4,5,0.1,True,0.0,0.0,0.0,0.02,0.05,0.02,0.0025,0.5,2,50,5,1,0.1,0.2,True
v5,lo_v100_blo_l000_d03,0.749,1.9395,1.741,2.386,69.739,413,0.936,5.032,0,0,0.1,0.1,0.0005,0.0005,30,100,8,4,5,0.1,True,0.0,0.0,0.0,0.02,0.05,0.03,0.0025,0.5,2,50,5,1,0.1,0.2,True
v5,lo_v1000_bmid_l000_d03,0.7556,1.6268,1.186,2.214,28.712,452,0.926,5.029,0,0,0.1,0.1,0.001,0.001,30,1000,8,4,5,0.1,True,0.0,0.0,0.0,0.02,0.05,0.03,0.0025,0.5,2,50,5,1,0.1,0.2,True
v8,fs015_vox025_mp100_ps4_pl4_if50,0.7577,2.1026,0.64,1.077,3.779,459,0.937,5.038,0,0,0.1,0.1,0.0005,0.0005,50,100,4,4,5,0.1,True,0.0,0.0,-0.005,0.02,0.05,0.01,0.0025,0.25,1,100,5,3,0.15,0.2,True
v5,mid_v100_bmid_l000_d03,0.7585,1.4962,3.65,1.361,9.884,463,0.936,5.035,0,0,0.5,0.3,0.001,0.001,30,100,8,4,5,0.1,True,0.0,0.0,0.0,0.02,0.05,0.03,0.0025,0.5,2,50,5,1,0.1,0.2,True
v6,imlo_v100_l005_d01_vox08_fs005_ml3,0.7616,1.8343,1.241,2.893,67.625,432,0.924,5.03,0,0,0.1,0.1,0.0005,0.0005,30,100,8,4,5,0.1,True,0.0,0.0,-0.005,0.02,0.05,0.01,0.0025,0.8,3,50,5,1,0.05,0.2,True
v5,mid_v100_bhi_l000_d03,0.7686,1.5042,3.476,2.314,22.494,459,0.938,5.041,0,0,0.5,0.3,0.005,0.005,30,100,8,4,5,0.1,True,0.0,0.0,0.0,0.02,0.05,0.03,0.0025,0.5,2,50,5,1,0.1,0.2,True
v5,mid_v100_blo_l000_d03,0.7921,1.5466,3.338,3.515,40.145,461,0.937,5.037,0,0,0.5,0.3,0.0005,0.0005,30,100,8,4,5,0.1,True,0.0,0.0,0.0,0.02,0.05,0.03,0.0025,0.5,2,50,5,1,0.1,0.2,True
v6,imlo_v1000_l005_d00_vox08_fs005_ml1,0.8013,1.6715,2.158,2.667,3.382,452,0.938,5.033,0,0,0.1,0.1,0.0005,0.0005,30,1000,8,4,5,0.1,True,0.0,0.0,-0.005,0.02,0.05,0.0,0.0025,0.8,1,50,5,1,0.05,0.2,True
v6,imlo_v1000_l010_d00_vox08_fs005_ml1,0.8019,1.7011,1.636,2.358,53.104,460,0.95,5.031,0,0,0.1,0.1,0.0005,0.0005,30,1000,8,4,5,0.1,True,0.0,0.0,-0.01,0.02,0.05,0.0,0.0025,0.8,1,50,5,1,0.05,0.2,True
v7,fs025_vox03_v1000_be010_pf1_mp100_ga0,0.816,2.8163,1.122,1.053,6.339,457,0.935,5.038,0,0,0.1,0.1,0.0005,0.0005,30,1000,8,4,5,0.1,True,0.0,0.0,-0.005,0.02,0.1,0.01,0.0025,0.3,1,100,5,1,0.25,0.2,False
v7,fs025_vox03_v1000_be005_pf1_mp100_ga1,0.8174,4.1863,0.879,2.743,6.202,457,0.934,5.035,0,0,0.1,0.1,0.0005,0.0005,30,1000,8,4,5,0.1,True,0.0,0.0,-0.005,0.02,0.05,0.01,0.0025,0.3,1,100,5,1,0.25,0.2,True
v7,fs015_vox05_v1000_be010_pf3_mp100_ga1,0.8261,3.2855,1.537,1.247,4.852,457,0.935,5.037,0,0,0.1,0.1,0.0005,0.0005,30,1000,8,4,5,0.1,True,0.0,0.0,-0.005,0.02,0.1,0.01,0.0025,0.5,1,100,5,3,0.15,0.2,True
v7,fs025_vox05_v1000_be005_pf3_mp100_ga1,0.8384,3.0577,1.091,1.311,6.618,458,0.936,5.036,0,0,0.1,0.1,0.0005,0.0005,30,1000,8,4,5,0.1,True,0.0,0.0,-0.005,0.02,0.05,0.01,0.0025,0.5,1,100,5,3,0.25,0.2,True
v6,imlo_v100_l005_d01_vox08_fs005_ml1,0.8389,1.9388,2.142,2.803,65.379,440,0.936,5.031,0,0,0.1,0.1,0.0005,0.0005,30,100,8,4,5,0.1,True,0.0,0.0,-0.005,0.02,0.05,0.01,0.0025,0.8,1,50,5,1,0.05,0.2,True
v6,imhi_v1000_l010_d01_vox05_fs005_ml1,0.8461,2.1225,4.219,6.111,34.675,460,0.937,5.04,0,0,1.5,1.0,0.0005,0.0005,30,1000,8,4,5,0.1,True,0.0,0.0,-0.01,0.02,0.05,0.01,0.0025,0.5,1,50,5,1,0.05,0.2,True
v8,fs020_vox030_mp100_ps4_pl4_if50,0.8553,3.1512,1.016,1.209,6.003,457,0.935,5.035,0,0,0.1,0.1,0.0005,0.0005,50,100,4,4,5,0.1,True,0.0,0.0,-0.005,0.02,0.05,0.01,0.0025,0.3,1,100,5,3,0.2,0.2,True
v5,lo_v1000_bhi_l000_d03,0.868,1.9884,1.019,1.376,11.608,457,0.947,5.041,0,0,0.1,0.1,0.005,0.005,30,1000,8,4,5,0.1,True,0.0,0.0,0.0,0.02,0.05,0.03,0.0025,0.5,2,50,5,1,0.1,0.2,True
v7,fs020_vox03_v100_be005_pf1_mp100_ga0,0.8882,3.8423,2.295,2.272,10.89,457,0.934,5.037,0,0,0.1,0.1,0.0005,0.0005,30,100,8,4,5,0.1,True,0.0,0.0,-0.005,0.02,0.05,0.01,0.0025,0.3,1,100,5,1,0.2,0.2,False
v7,fs025_vox05_v1000_be002_pf1_mp50_ga1,0.9008,3.5173,1.394,1.171,3.661,457,0.949,5.036,0,0,0.1,0.1,0.0005,0.0005,30,1000,8,4,5,0.1,True,0.0,0.0,-0.005,0.02,0.02,0.01,0.0025,0.5,1,50,5,1,0.25,0.2,True
v5,lo_v100_bmid_l000_d03,0.9022,1.9426,1.65,2.138,64.789,454,0.936,5.034,0,0,0.1,0.1,0.001,0.001,30,100,8,4,5,0.1,True,0.0,0.0,0.0,0.02,0.05,0.03,0.0025,0.5,2,50,5,1,0.1,0.2,True
v6,imlo_v100_l010_d01_vox08_fs005_ml2,0.9175,4.7492,3.542,2.826,64.688,422,0.936,5.034,0,0,0.1,0.1,0.0005,0.0005,30,100,8,4,5,0.1,True,0.0,0.0,-0.01,0.02,0.05,0.01,0.0025,0.8,2,50,5,1,0.05,0.2,True
v7,fs015_vox05_v1000_be005_pf1_mp50_ga1,0.9176,4.8896,1.328,1.447,5.091,457,0.948,5.035,0,0,0.1,0.1,0.0005,0.0005,30,1000,8,4,5,0.1,True,0.0,0.0,-0.005,0.02,0.05,0.01,0.0025,0.5,1,50,5,1,0.15,0.2,True
v6,imhi_v1000_l005_d00_vox08_fs020_ml2,0.919,2.409,2.844,1.938,11.663,458,0.936,5.044,0,0,1.5,1.0,0.0005,0.0005,30,1000,8,4,5,0.1,True,0.0,0.0,-0.005,0.02,0.05,0.0,0.0025,0.8,2,50,5,1,0.2,0.2,True
v5,hi_v100_bmid_l000_d03,0.9221,1.8893,1.835,2.637,9.75,461,0.948,5.043,0,0,1.5,1.0,0.001,0.001,30,100,8,4,5,0.1,True,0.0,0.0,0.0,0.02,0.05,0.03,0.0025,0.5,2,50,5,1,0.1,0.2,True
v7,fs025_vox05_v1000_be005_pf3_mp100_ga0,0.9257,2.4581,0.702,1.028,3.353,457,0.935,5.041,0,0,0.1,0.1,0.0005,0.0005,30,1000,8,4,5,0.1,True,0.0,0.0,-0.005,0.02,0.05,0.01,0.0025,0.5,1,100,5,3,0.25,0.2,False
v5,lo_v100_bhi_l000_d03,0.9265,1.9616,1.174,0.859,5.905,458,0.935,5.034,0,0,0.1,0.1,0.005,0.005,30,100,8,4,5,0.1,True,0.0,0.0,0.0,0.02,0.05,0.03,0.0025,0.5,2,50,5,1,0.1,0.2,True
v6,imhi_v100_l010_d01_vox08_fs005_ml1,0.934,2.9821,4.859,4.951,63.596,411,0.936,5.033,0,0,1.5,1.0,0.0005,0.0005,30,100,8,4,5,0.1,True,0.0,0.0,-0.01,0.02,0.05,0.01,0.0025,0.8,1,50,5,1,0.05,0.2,True
v7,fs025_vox05_v1000_be010_pf3_mp50_ga1,0.9352,3.6229,1.091,2.921,3.032,457,0.935,5.033,0,0,0.1,0.1,0.0005,0.0005,30,1000,8,4,5,0.1,True,0.0,0.0,-0.005,0.02,0.1,0.01,0.0025,0.5,1,50,5,3,0.25,0.2,True
v5,hi_v100_bhi_l000_d03,0.9493,1.9636,2.09,2.47,36.062,453,0.923,5.032,0,0,1.5,1.0,0.005,0.005,30,100,8,4,5,0.1,True,0.0,0.0,0.0,0.02,0.05,0.03,0.0025,0.5,2,50,5,1,0.1,0.2,True
v7,fs020_vox05_v100_be002_pf3_mp50_ga0,0.966,3.5161,1.278,1.855,4.823,452,0.936,5.034,0,0,0.1,0.1,0.0005,0.0005,30,100,8,4,5,0.1,True,0.0,0.0,-0.005,0.02,0.02,0.01,0.0025,0.5,1,50,5,3,0.2,0.2,False
v8,fs018_vox040_mp50_ps4_pl4_if30,0.9835,3.5923,1.448,3.992,7.85,451,0.93,5.034,0,0,0.1,0.1,0.0005,0.0005,30,100,4,4,5,0.1,True,0.0,0.0,-0.005,0.02,0.05,0.01,0.0025,0.4,1,50,5,3,0.18,0.2,True
v6,imlo_v100_l005_d00_vox08_fs005_ml2,0.9934,2.2107,1.931,2.953,62.569,454,0.95,5.036,0,0,0.1,0.1,0.0005,0.0005,30,100,8,4,5,0.1,True,0.0,0.0,-0.005,0.02,0.05,0.0,0.0025,0.8,2,50,5,1,0.05,0.2,True
v6,imlo_v1000_l010_d01_vox05_fs020_ml1,0.9947,4.4252,1.303,0.736,6.569,457,0.935,5.044,0,0,0.1,0.1,0.0005,0.0005,30,1000,8,4,5,0.1,True,0.0,0.0,-0.01,0.02,0.05,0.01,0.0025,0.5,1,50,5,1,0.2,0.2,True
v8,fs018_vox040_mp100_ps8_pl2_if50,1.0025,4.4857,1.256,2.569,3.474,451,0.935,5.038,0,0,0.1,0.1,0.0005,0.0005,50,100,8,2,5,0.1,True,0.0,0.0,-0.005,0.02,0.05,0.01,0.0025,0.4,1,100,5,3,0.18,0.2,True
v6,imlo_v1000_l010_d01_vox08_fs005_ml3,1.0027,3.1483,3.011,2.73,70.804,458,0.935,5.04,0,0,0.1,0.1,0.0005,0.0005,30,1000,8,4,5,0.1,True,0.0,0.0,-0.01,0.02,0.05,0.01,0.0025,0.8,3,50,5,1,0.05,0.2,True
v5,mid_v1000_bhi_l000_d03,1.0146,2.5199,2.002,2.407,14.455,451,0.936,5.033,0,0,0.5,0.3,0.005,0.005,30,1000,8,4,5,0.1,True,0.0,0.0,0.0,0.02,0.05,0.03,0.0025,0.5,2,50,5,1,0.1,0.2,True
v8,fs018_vox030_mp100_ps8_pl4_if50,1.0157,4.3299,1.886,2.311,6.252,451,0.922,5.033,0,0,0.1,0.1,0.0005,0.0005,50,100,8,4,5,0.1,True,0.0,0.0,-0.005,0.02,0.05,0.01,0.0025,0.3,1,100,5,3,0.18,0.2,True
v8,fs015_vox025_mp100_ps4_pl4_if20,1.0287,3.8754,1.193,1.317,7.198,457,0.946,5.033,0,0,0.1,0.1,0.0005,0.0005,20,100,4,4,5,0.1,True,0.0,0.0,-0.005,0.02,0.05,0.01,0.0025,0.25,1,100,5,3,0.15,0.2,True
v7,fs025_vox03_v1000_be010_pf3_mp50_ga1,1.0693,3.9493,0.905,1.724,8.388,458,0.936,5.038,0,0,0.1,0.1,0.0005,0.0005,30,1000,8,4,5,0.1,True,0.0,0.0,-0.005,0.02,0.1,0.01,0.0025,0.3,1,50,5,3,0.25,0.2,True
v7,fs020_vox05_v1000_be005_pf1_mp100_ga1,1.0706,3.83,1.768,1.534,5.638,451,0.923,5.04,0,0,0.1,0.1,0.0005,0.0005,30,1000,8,4,5,0.1,True,0.0,0.0,-0.005,0.02,0.05,0.01,0.0025,0.5,1,100,5,1,0.2,0.2,True
v8,fs020_vox040_mp100_ps4_pl4_if50,1.0953,6.726,1.369,1.403,5.777,457,0.935,5.033,0,0,0.1,0.1,0.0005,0.0005,50,100,4,4,5,0.1,True,0.0,0.0,-0.005,0.02,0.05,0.01,0.0025,0.4,1,100,5,3,0.2,0.2,True
v6,imhi_v1000_l010_d00_vox08_fs005_ml1,1.109,2.4882,6.616,5.561,32.417,457,0.935,5.033,0,0,1.5,1.0,0.0005,0.0005,30,1000,8,4,5,0.1,True,0.0,0.0,-0.01,0.02,0.05,0.0,0.0025,0.8,1,50,5,1,0.05,0.2,True
v7,fs025_vox03_v100_be002_pf3_mp50_ga0,1.1148,6.5987,2.332,2.097,6.726,457,0.935,5.035,0,0,0.1,0.1,0.0005,0.0005,30,100,8,4,5,0.1,True,0.0,0.0,-0.005,0.02,0.02,0.01,0.0025,0.3,1,50,5,3,0.25,0.2,False
v8,fs020_vox030_mp100_ps4_pl4_if20,1.1212,5.3501,1.403,3.11,7.524,451,0.923,5.041,0,0,0.1,0.1,0.0005,0.0005,20,100,4,4,5,0.1,True,0.0,0.0,-0.005,0.02,0.05,0.01,0.0025,0.3,1,100,5,3,0.2,0.2,True
v5,mid_v100_blo_l000_d02,1.1399,2.2875,2.006,3.011,67.085,452,0.924,5.028,0,0,0.5,0.3,0.0005,0.0005,30,100,8,4,5,0.1,True,0.0,0.0,0.0,0.02,0.05,0.02,0.0025,0.5,2,50,5,1,0.1,0.2,True
v6,imhi_v1000_l005_d01_vox08_fs005_ml1,1.1546,2.7274,6.58,5.437,76.829,462,0.949,5.026,0,0,1.5,1.0,0.0005,0.0005,30,1000,8,4,5,0.1,True,0.0,0.0,-0.005,0.02,0.05,0.01,0.0025,0.8,1,50,5,1,0.05,0.2,True
v8,fs020_vox025_mp50_ps4_pl4_if30,1.1578,3.9635,1.562,1.386,14.095,463,0.936,5.037,0,0,0.1,0.1,0.0005,0.0005,30,100,4,4,5,0.1,True,0.0,0.0,-0.005,0.02,0.05,0.01,0.0025,0.25,1,50,5,3,0.2,0.2,True
v7,fs025_vox05_v100_be002_pf3_mp50_ga1,1.1625,9.4748,3.461,4.385,3.905,457,0.935,5.035,0,0,0.1,0.1,0.0005,0.0005,30,100,8,4,5,0.1,True,0.0,0.0,-0.005,0.02,0.02,0.01,0.0025,0.5,1,50,5,3,0.25,0.2,True
v8,fs020_vox040_mp100_ps4_pl4_if20,1.1764,4.5839,0.905,1.623,6.198,465,0.944,5.038,0,0,0.1,0.1,0.0005,0.0005,20,100,4,4,5,0.1,True,0.0,0.0,-0.005,0.02,0.05,0.01,0.0025,0.4,1,100,5,3,0.2,0.2,True
v7,fs015_vox05_v100_be002_pf3_mp50_ga1,1.1838,5.0662,1.366,2.284,5.143,453,0.925,5.037,0,0,0.1,0.1,0.0005,0.0005,30,100,8,4,5,0.1,True,0.0,0.0,-0.005,0.02,0.02,0.01,0.0025,0.5,1,50,5,3,0.15,0.2,True
v5,lo_v1000_blo_l000_d03,1.1976,2.8295,2.02,1.109,5.943,458,0.937,5.049,0,0,0.1,0.1,0.0005,0.0005,30,1000,8,4,5,0.1,True,0.0,0.0,0.0,0.02,0.05,0.03,0.0025,0.5,2,50,5,1,0.1,0.2,True
v6,imlo_v1000_l010_d01_vox08_fs005_ml2,1.2503,4.1167,2.156,3.071,3.832,463,0.95,5.036,0,0,0.1,0.1,0.0005,0.0005,30,1000,8,4,5,0.1,True,0.0,0.0,-0.01,0.02,0.05,0.01,0.0025,0.8,2,50,5,1,0.05,0.2,True
v6,imlo_v100_l010_d00_vox05_fs005_ml2,1.2516,9.7947,2.108,4.028,37.099,460,0.936,5.03,0,0,0.1,0.1,0.0005,0.0005,30,100,8,4,5,0.1,True,0.0,0.0,-0.01,0.02,0.05,0.0,0.0025,0.5,2,50,5,1,0.05,0.2,True
v7,fs025_vox05_v1000_be002_pf3_mp50_ga0,1.2749,4.4698,1.84,1.628,7.662,457,0.935,5.034,0,0,0.1,0.1,0.0005,0.0005,30,1000,8,4,5,0.1,True,0.0,0.0,-0.005,0.02,0.02,0.01,0.0025,0.5,1,50,5,3,0.25,0.2,False
v8,fs015_vox040_mp100_ps4_pl4_if50,1.2755,5.9431,1.423,2.526,5.949,457,0.934,5.034,0,0,0.1,0.1,0.0005,0.0005,50,100,4,4,5,0.1,True,0.0,0.0,-0.005,0.02,0.05,0.01,0.0025,0.4,1,100,5,3,0.15,0.2,True
v6,imhi_v100_l010_d00_vox08_fs005_ml1,1.2957,2.755,7.873,7.16,71.755,449,0.923,5.032,0,0,1.5,1.0,0.0005,0.0005,30,100,8,4,5,0.1,True,0.0,0.0,-0.01,0.02,0.05,0.0,0.0025,0.8,1,50,5,1,0.05,0.2,True
v6,imlo_v100_l005_d00_vox08_fs020_ml3,1.2957,7.736,3.575,2.032,2.881,460,0.937,5.044,0,0,0.1,0.1,0.0005,0.0005,30,100,8,4,5,0.1,True,0.0,0.0,-0.005,0.02,0.05,0.0,0.0025,0.8,3,50,5,1,0.2,0.2,True
v8,fs020_vox040_mp100_ps4_pl4_if30,1.3131,6.6365,2.272,1.802,3.665,450,0.922,5.031,0,0,0.1,0.1,0.0005,0.0005,30,100,4,4,5,0.1,True,0.0,0.0,-0.005,0.02,0.05,0.01,0.0025,0.4,1,100,5,3,0.2,0.2,True
v8,fs020_vox040_mp50_ps8_pl4_if20,1.3494,7.9712,1.325,2.047,12.002,457,0.948,5.016,0,0,0.1,0.1,0.0005,0.0005,20,100,8,4,5,0.1,True,0.0,0.0,-0.005,0.02,0.05,0.01,0.0025,0.4,1,50,5,3,0.2,0.2,True
v8,fs020_vox025_mp100_ps4_pl4_if50,1.3552,4.9536,1.858,1.58,5.742,457,0.935,5.033,0,0,0.1,0.1,0.0005,0.0005,50,100,4,4,5,0.1,True,0.0,0.0,-0.005,0.02,0.05,0.01,0.0025,0.25,1,100,5,3,0.2,0.2,True
v8,fs015_vox030_mp50_ps4_pl4_if50,1.3735,5.3776,1.334,3.138,10.986,457,0.935,5.036,0,0,0.1,0.1,0.0005,0.0005,50,100,4,4,5,0.1,True,0.0,0.0,-0.005,0.02,0.05,0.01,0.0025,0.3,1,50,5,3,0.15,0.2,True
v6,imlo_v1000_l005_d00_vox08_fs005_ml3,1.4234,8.7221,2.873,5.03,6.995,451,0.933,5.031,0,0,0.1,0.1,0.0005,0.0005,30,1000,8,4,5,0.1,True,0.0,0.0,-0.005,0.02,0.05,0.0,0.0025,0.8,3,50,5,1,0.05,0.2,True
v8,fs015_vox030_mp50_ps4_pl4_if30,1.4341,5.2934,2.412,2.345,7.735,457,0.935,5.035,0,0,0.1,0.1,0.0005,0.0005,30,100,4,4,5,0.1,True,0.0,0.0,-0.005,0.02,0.05,0.01,0.0025,0.3,1,50,5,3,0.15,0.2,True
v6,imlo_v100_l005_d01_vox08_fs005_ml2,1.4792,9.1142,4.114,3.621,70.871,437,0.937,5.025,0,0,0.1,0.1,0.0005,0.0005,30,100,8,4,5,0.1,True,0.0,0.0,-0.005,0.02,0.05,0.01,0.0025,0.8,2,50,5,1,0.05,0.2,True
v6,imlo_v1000_l010_d00_vox05_fs005_ml3,1.5319,6.0045,1.01,3.62,8.391,459,0.937,5.034,0,0,0.1,0.1,0.0005,0.0005,30,1000,8,4,5,0.1,True,0.0,0.0,-0.01,0.02,0.05,0.0,0.0025,0.5,3,50,5,1,0.05,0.2,True
v6,imlo_v1000_l010_d00_vox08_fs020_ml3,1.5461,5.9105,1.563,1.887,11.102,458,0.949,5.04,0,0,0.1,0.1,0.0005,0.0005,30,1000,8,4,5,0.1,True,0.0,0.0,-0.01,0.02,0.05,0.0,0.0025,0.8,3,50,5,1,0.2,0.2,True
v8,fs015_vox030_mp100_ps4_pl4_if20,1.5603,10.3624,1.858,2.913,3.923,451,0.935,5.032,0,0,0.1,0.1,0.0005,0.0005,20,100,4,4,5,0.1,True,0.0,0.0,-0.005,0.02,0.05,0.01,0.0025,0.3,1,100,5,3,0.15,0.2,True
v8,fs018_vox025_mp100_ps4_pl4_if50,1.5685,3.7134,1.357,1.611,7.727,450,0.922,5.034,0,0,0.1,0.1,0.0005,0.0005,50,100,4,4,5,0.1,True,0.0,0.0,-0.005,0.02,0.05,0.01,0.0025,0.25,1,100,5,3,0.18,0.2,True
v6,imhi_v100_l005_d00_vox08_fs005_ml2,1.6111,4.5734,6.531,3.836,66.63,408,0.937,5.039,0,0,1.5,1.0,0.0005,0.0005,30,100,8,4,5,0.1,True,0.0,0.0,-0.005,0.02,0.05,0.0,0.0025,0.8,2,50,5,1,0.05,0.2,True
v8,fs020_vox030_mp50_ps4_pl4_if30,1.645,6.0503,2.456,2.926,11.565,457,0.935,5.034,0,0,0.1,0.1,0.0005,0.0005,30,100,4,4,5,0.1,True,0.0,0.0,-0.005,0.02,0.05,0.01,0.0025,0.3,1,50,5,3,0.2,0.2,True
v8,fs018_vox025_mp100_ps4_pl4_if30,1.6459,9.0126,1.382,4.688,10.01,457,0.948,5.033,0,0,0.1,0.1,0.0005,0.0005,30,100,4,4,5,0.1,True,0.0,0.0,-0.005,0.02,0.05,0.01,0.0025,0.25,1,100,5,3,0.18,0.2,True
v7,fs025_vox05_v100_be005_pf1_mp100_ga1,1.6501,10.1549,2.479,2.553,14.99,450,0.92,5.036,0,0,0.1,0.1,0.0005,0.0005,30,100,8,4,5,0.1,True,0.0,0.0,-0.005,0.02,0.05,0.01,0.0025,0.5,1,100,5,1,0.25,0.2,True
v7,fs025_vox05_v100_be010_pf3_mp50_ga0,1.6802,8.4846,2.443,6.053,10.454,451,0.918,5.036,0,0,0.1,0.1,0.0005,0.0005,30,100,8,4,5,0.1,True,0.0,0.0,-0.005,0.02,0.1,0.01,0.0025,0.5,1,50,5,3,0.25,0.2,False
v6,imlo_v1000_l010_d00_vox05_fs005_ml2,1.6856,6.4723,1.295,3.4,9.769,458,0.951,5.043,0,0,0.1,0.1,0.0005,0.0005,30,1000,8,4,5,0.1,True,0.0,0.0,-0.01,0.02,0.05,0.0,0.0025,0.5,2,50,5,1,0.05,0.2,True
v7,fs015_vox05_v100_be002_pf1_mp100_ga0,1.6872,11.7907,1.985,2.441,8.721,450,0.921,5.033,0,0,0.1,0.1,0.0005,0.0005,30,100,8,4,5,0.1,True,0.0,0.0,-0.005,0.02,0.02,0.01,0.0025,0.5,1,100,5,1,0.15,0.2,False
v8,fs018_vox040_mp100_ps8_pl4_if30,1.717,11.3217,3.283,3.422,3.32,451,0.923,5.034,0,0,0.1,0.1,0.0005,0.0005,30,100,8,4,5,0.1,True,0.0,0.0,-0.005,0.02,0.05,0.01,0.0025,0.4,1,100,5,3,0.18,0.2,True
v6,imhi_v100_l005_d01_vox08_fs005_ml3,1.7226,4.3218,19.765,6.956,73.53,459,0.924,5.037,0,0,1.5,1.0,0.0005,0.0005,30,100,8,4,5,0.1,True,0.0,0.0,-0.005,0.02,0.05,0.01,0.0025,0.8,3,50,5,1,0.05,0.2,True
v6,imhi_v100_l005_d01_vox08_fs020_ml2,1.7431,5.6488,5.303,3.26,8.041,457,0.946,5.033,0,0,1.5,1.0,0.0005,0.0005,30,100,8,4,5,0.1,True,0.0,0.0,-0.005,0.02,0.05,0.01,0.0025,0.8,2,50,5,1,0.2,0.2,True
v6,imhi_v1000_l005_d01_vox05_fs005_ml1,1.7648,4.1291,3.492,7.486,57.87,458,0.95,5.027,0,0,1.5,1.0,0.0005,0.0005,30,1000,8,4,5,0.1,True,0.0,0.0,-0.005,0.02,0.05,0.01,0.0025,0.5,1,50,5,1,0.05,0.2,True
v7,fs015_vox03_v100_be002_pf1_mp50_ga1,1.7941,6.1347,2.129,1.816,4.125,456,0.921,5.037,0,0,0.1,0.1,0.0005,0.0005,30,100,8,4,5,0.1,True,0.0,0.0,-0.005,0.02,0.02,0.01,0.0025,0.3,1,50,5,1,0.15,0.2,True
v7,fs025_vox05_v1000_be002_pf1_mp50_ga0,1.7954,8.5335,1.37,1.441,4.546,451,0.935,5.033,0,0,0.1,0.1,0.0005,0.0005,30,1000,8,4,5,0.1,True,0.0,0.0,-0.005,0.02,0.02,0.01,0.0025,0.5,1,50,5,1,0.25,0.2,False
v7,fs025_vox05_v1000_be005_pf3_mp50_ga1,1.8557,7.5073,1.243,1.59,11.849,458,0.938,5.036,0,0,0.1,0.1,0.0005,0.0005,30,1000,8,4,5,0.1,True,0.0,0.0,-0.005,0.02,0.05,0.01,0.0025,0.5,1,50,5,3,0.25,0.2,True
v7,fs020_vox03_v100_be002_pf3_mp50_ga1,1.9143,7.0016,2.499,1.859,4.28,458,0.936,5.027,0,0,0.1,0.1,0.0005,0.0005,30,100,8,4,5,0.1,True,0.0,0.0,-0.005,0.02,0.02,0.01,0.0025,0.3,1,50,5,3,0.2,0.2,True
v6,imhi_v1000_l010_d01_vox08_fs005_ml2,1.9326,4.2252,13.233,10.448,15.11,457,0.935,5.041,0,0,1.5,1.0,0.0005,0.0005,30,1000,8,4,5,0.1,True,0.0,0.0,-0.01,0.02,0.05,0.01,0.0025,0.8,2,50,5,1,0.05,0.2,True
v8,fs018_vox025_mp50_ps8_pl4_if30,1.9403,12.1058,3.336,2.48,10.27,451,0.922,5.036,0,0,0.1,0.1,0.0005,0.0005,30,100,8,4,5,0.1,True,0.0,0.0,-0.005,0.02,0.05,0.01,0.0025,0.25,1,50,5,3,0.18,0.2,True
v7,fs015_vox03_v100_be010_pf1_mp100_ga1,1.9799,10.1962,3.338,3.408,48.584,458,0.937,5.032,0,0,0.1,0.1,0.0005,0.0005,30,100,8,4,5,0.1,True,0.0,0.0,-0.005,0.02,0.1,0.01,0.0025,0.3,1,100,5,1,0.15,0.2,True
v7,fs025_vox03_v1000_be002_pf1_mp50_ga1,1.9875,8.3422,0.906,1.169,9.76,460,0.949,5.038,0,0,0.1,0.1,0.0005,0.0005,30,1000,8,4,5,0.1,True,0.0,0.0,-0.005,0.02,0.02,0.01,0.0025,0.3,1,50,5,1,0.25,0.2,True
v8,fs020_vox030_mp50_ps4_pl4_if20,2.0377,9.3915,1.939,1.851,8.116,451,0.936,5.036,0,0,0.1,0.1,0.0005,0.0005,20,100,4,4,5,0.1,True,0.0,0.0,-0.005,0.02,0.05,0.01,0.0025,0.3,1,50,5,3,0.2,0.2,True
v6,imlo_v1000_l005_d01_vox08_fs005_ml3,2.0729,7.9575,2.96,6.804,57.647,459,0.936,5.029,0,0,0.1,0.1,0.0005,0.0005,30,1000,8,4,5,0.1,True,0.0,0.0,-0.005,0.02,0.05,0.01,0.0025,0.8,3,50,5,1,0.05,0.2,True
v7,fs020_vox05_v100_be002_pf1_mp50_ga0,2.1337,8.087,3.233,1.747,4.471,459,0.935,5.036,0,0,0.1,0.1,0.0005,0.0005,30,100,8,4,5,0.1,True,0.0,0.0,-0.005,0.02,0.02,0.01,0.0025,0.5,1,50,5,1,0.2,0.2,False
v6,imlo_v1000_l005_d01_vox08_fs005_ml2,2.1445,7.1163,2.391,5.978,69.256,458,0.937,5.035,0,0,0.1,0.1,0.0005,0.0005,30,1000,8,4,5,0.1,True,0.0,0.0,-0.005,0.02,0.05,0.01,0.0025,0.8,2,50,5,1,0.05,0.2,True
v7,fs025_vox03_v100_be010_pf3_mp50_ga0,2.1588,12.6421,2.673,1.45,2.537,457,0.935,5.037,0,0,0.1,0.1,0.0005,0.0005,30,100,8,4,5,0.1,True,0.0,0.0,-0.005,0.02,0.1,0.01,0.0025,0.3,1,50,5,3,0.25,0.2,False
v6,imhi_v100_l005_d00_vox08_fs005_ml3,2.1731,6.1068,7.69,10.369,66.551,405,0.936,5.034,0,0,1.5,1.0,0.0005,0.0005,30,100,8,4,5,0.1,True,0.0,0.0,-0.005,0.02,0.05,0.0,0.0025,0.8,3,50,5,1,0.05,0.2,True
v8,fs018_vox030_mp50_ps8_pl4_if30,2.2186,13.8783,2.324,2.367,2.941,457,0.936,5.035,0,0,0.1,0.1,0.0005,0.0005,30,100,8,4,5,0.1,True,0.0,0.0,-0.005,0.02,0.05,0.01,0.0025,0.3,1,50,5,3,0.18,0.2,True
v6,imlo_v100_l005_d00_vox08_fs005_ml1,2.2976,13.1005,2.172,4.077,66.372,459,0.937,5.038,0,0,0.1,0.1,0.0005,0.0005,30,100,8,4,5,0.1,True,0.0,0.0,-0.005,0.02,0.05,0.0,0.0025,0.8,1,50,5,1,0.05,0.2,True
v6,imhi_v100_l010_d01_vox08_fs005_ml3,2.3253,6.787,5.158,7.392,64.308,418,0.937,5.03,0,0,1.5,1.0,0.0005,0.0005,30,100,8,4,5,0.1,True,0.0,0.0,-0.01,0.02,0.05,0.01,0.0025,0.8,3,50,5,1,0.05,0.2,True
v6,imhi_v1000_l010_d00_vox08_fs005_ml3,2.3567,5.3412,4.558,19.764,10.014,460,0.936,5.036,0,0,1.5,1.0,0.0005,0.0005,30,1000,8,4,5,0.1,True,0.0,0.0,-0.01,0.02,0.05,0.0,0.0025,0.8,3,50,5,1,0.05,0.2,True
v6,imhi_v100_l005_d01_vox08_fs005_ml2,2.3775,6.0852,5.558,3.786,67.82,462,0.937,5.031,0,0,1.5,1.0,0.0005,0.0005,30,100,8,4,5,0.1,True,0.0,0.0,-0.005,0.02,0.05,0.01,0.0025,0.8,2,50,5,1,0.05,0.2,True
v6,imhi_v1000_l010_d01_vox08_fs005_ml1,2.4623,6.4112,9.668,10.852,18.73,451,0.923,5.036,0,0,1.5,1.0,0.0005,0.0005,30,1000,8,4,5,0.1,True,0.0,0.0,-0.01,0.02,0.05,0.01,0.0025,0.8,1,50,5,1,0.05,0.2,True
v8,fs015_vox040_mp100_ps8_pl4_if20,2.5909,14.3004,3.039,1.271,1.548,458,0.936,5.042,0,0,0.1,0.1,0.0005,0.0005,20,100,8,4,5,0.1,True,0.0,0.0,-0.005,0.02,0.05,0.01,0.0025,0.4,1,100,5,3,0.15,0.2,True
v6,imlo_v100_l005_d01_vox05_fs020_ml3,2.592,12.271,1.948,1.955,14.132,460,0.936,5.036,0,0,0.1,0.1,0.0005,0.0005,30,100,8,4,5,0.1,True,0.0,0.0,-0.005,0.02,0.05,0.01,0.0025,0.5,3,50,5,1,0.2,0.2,True
v6,imlo_v100_l005_d01_vox05_fs020_ml2,2.644,14.3786,1.486,1.94,12.011,459,0.947,5.046,0,0,0.1,0.1,0.0005,0.0005,30,100,8,4,5,0.1,True,0.0,0.0,-0.005,0.02,0.05,0.01,0.0025,0.5,2,50,5,1,0.2,0.2,True
v6,imlo_v100_l005_d00_vox05_fs020_ml1,2.7012,17.4167,2.664,2.196,5.99,458,0.95,5.041,0,0,0.1,0.1,0.0005,0.0005,30,100,8,4,5,0.1,True,0.0,0.0,-0.005,0.02,0.05,0.0,0.0025,0.5,1,50,5,1,0.2,0.2,True
v6,imlo_v100_l010_d01_vox03_fs020_ml2,2.7419,19.1252,2.029,4.801,6.89,461,0.947,5.046,0,0,0.1,0.1,0.0005,0.0005,30,100,8,4,5,0.1,True,0.0,0.0,-0.01,0.02,0.05,0.01,0.0025,0.3,2,50,5,1,0.2,0.2,True
v6,imlo_v100_l010_d00_vox05_fs020_ml2,2.7931,10.8329,3.517,2.516,10.573,457,0.947,5.038,0,0,0.1,0.1,0.0005,0.0005,30,100,8,4,5,0.1,True,0.0,0.0,-0.01,0.02,0.05,0.0,0.0025,0.5,2,50,5,1,0.2,0.2,True
v6,imhi_v1000_l005_d00_vox08_fs005_ml2,2.8937,6.3722,7.101,6.672,12.238,457,0.948,5.047,0,0,1.5,1.0,0.0005,0.0005,30,1000,8,4,5,0.1,True,0.0,0.0,-0.005,0.02,0.05,0.0,0.0025,0.8,2,50,5,1,0.05,0.2,True
v7,fs025_vox03_v100_be002_pf3_mp50_ga1,2.9104,20.4604,4.209,2.951,1.822,457,0.935,5.036,0,0,0.1,0.1,0.0005,0.0005,30,100,8,4,5,0.1,True,0.0,0.0,-0.005,0.02,0.02,0.01,0.0025,0.3,1,50,5,3,0.25,0.2,True
v7,fs025_vox05_v100_be010_pf1_mp100_ga1,2.9859,10.6947,2.687,4.412,17.919,457,0.935,5.033,0,0,0.1,0.1,0.0005,0.0005,30,100,8,4,5,0.1,True,0.0,0.0,-0.005,0.02,0.1,0.01,0.0025,0.5,1,100,5,1,0.25,0.2,True
v6,imhi_v1000_l005_d01_vox08_fs005_ml3,3.0419,8.8046,10.139,9.717,64.913,451,0.924,5.028,0,0,1.5,1.0,0.0005,0.0005,30,1000,8,4,5,0.1,True,0.0,0.0,-0.005,0.02,0.05,0.01,0.0025,0.8,3,50,5,1,0.05,0.2,True
v6,imhi_v1000_l005_d01_vox08_fs005_ml2,3.0438,7.2318,3.158,6.099,68.972,433,0.923,5.033,0,0,1.5,1.0,0.0005,0.0005,30,1000,8,4,5,0.1,True,0.0,0.0,-0.005,0.02,0.05,0.01,0.0025,0.8,2,50,5,1,0.05,0.2,True
v8,fs015_vox025_mp50_ps4_pl4_if30,3.0458,16.9002,1.473,2.05,9.401,451,0.936,5.035,0,0,0.1,0.1,0.0005,0.0005,30,100,4,4,5,0.1,True,0.0,0.0,-0.005,0.02,0.05,0.01,0.0025,0.25,1,50,5,3,0.15,0.2,True
v8,fs020_vox030_mp100_ps8_pl4_if50,3.0479,12.5241,1.157,2.173,10.88,457,0.935,5.026,0,0,0.1,0.1,0.0005,0.0005,50,100,8,4,5,0.1,True,0.0,0.0,-0.005,0.02,0.05,0.01,0.0025,0.3,1,100,5,3,0.2,0.2,True
v7,fs025_vox05_v100_be005_pf1_mp50_ga1,3.1688,20.9505,3.865,1.393,5.03,449,0.918,5.035,0,0,0.1,0.1,0.0005,0.0005,30,100,8,4,5,0.1,True,0.0,0.0,-0.005,0.02,0.05,0.01,0.0025,0.5,1,50,5,1,0.25,0.2,True
v8,fs020_vox025_mp100_ps4_pl4_if20,3.2608,16.8602,1.598,1.727,8.202,457,0.936,5.04,0,0,0.1,0.1,0.0005,0.0005,20,100,4,4,5,0.1,True,0.0,0.0,-0.005,0.02,0.05,0.01,0.0025,0.25,1,100,5,3,0.2,0.2,True
v8,fs020_vox025_mp50_ps8_pl4_if30,3.2899,16.087,1.878,2.426,10.237,450,0.92,5.035,0,0,0.1,0.1,0.0005,0.0005,30,100,8,4,5,0.1,True,0.0,0.0,-0.005,0.02,0.05,0.01,0.0025,0.25,1,50,5,3,0.2,0.2,True
v6,imhi_v1000_l005_d00_vox08_fs005_ml3,3.2914,7.6118,17.379,8.696,8.862,459,0.949,5.041,0,0,1.5,1.0,0.0005,0.0005,30,1000,8,4,5,0.1,True,0.0,0.0,-0.005,0.02,0.05,0.0,0.0025,0.8,3,50,5,1,0.05,0.2,True
v8,fs018_vox040_mp50_ps8_pl2_if30,3.3468,7.7724,2.855,1.52,13.256,458,0.936,5.042,0,0,0.1,0.1,0.0005,0.0005,30,100,8,2,5,0.1,True,0.0,0.0,-0.005,0.02,0.05,0.01,0.0025,0.4,1,50,5,3,0.18,0.2,True
v8,fs018_vox025_mp50_ps4_pl4_if20,3.506,21.4866,1.768,2.388,8.456,457,0.947,5.035,0,0,0.1,0.1,0.0005,0.0005,20,100,4,4,5,0.1,True,0.0,0.0,-0.005,0.02,0.05,0.01,0.0025,0.25,1,50,5,3,0.18,0.2,True
v6,imlo_v100_l010_d00_vox05_fs020_ml3,3.5418,22.1222,3.248,1.464,6.141,460,0.937,5.035,0,0,0.1,0.1,0.0005,0.0005,30,100,8,4,5,0.1,True,0.0,0.0,-0.01,0.02,0.05,0.0,0.0025,0.5,3,50,5,1,0.2,0.2,True
v6,imhi_v100_l005_d00_vox08_fs005_ml1,3.6309,9.7452,14.572,13.774,62.106,420,0.924,5.031,0,0,1.5,1.0,0.0005,0.0005,30,100,8,4,5,0.1,True,0.0,0.0,-0.005,0.02,0.05,0.0,0.0025,0.8,1,50,5,1,0.05,0.2,True
v7,fs025_vox05_v100_be002_pf1_mp100_ga0,3.7486,17.6719,1.543,1.674,8.909,457,0.936,5.036,0,0,0.1,0.1,0.0005,0.0005,30,100,8,4,5,0.1,True,0.0,0.0,-0.005,0.02,0.02,0.01,0.0025,0.5,1,100,5,1,0.25,0.2,False
v6,imhi_v100_l005_d01_vox08_fs005_ml1,3.866,8.0182,5.446,3.511,65.318,442,0.95,5.028,0,0,1.5,1.0,0.0005,0.0005,30,100,8,4,5,0.1,True,0.0,0.0,-0.005,0.02,0.05,0.01,0.0025,0.8,1,50,5,1,0.05,0.2,True
v7,fs020_vox05_v100_be005_pf1_mp50_ga1,3.8687,21.3843,1.655,2.555,16.931,459,0.936,5.036,0,0,0.1,0.1,0.0005,0.0005,30,100,8,4,5,0.1,True,0.0,0.0,-0.005,0.02,0.05,0.01,0.0025,0.5,1,50,5,1,0.2,0.2,True
v6,imhi_v100_l010_d01_vox08_fs005_ml2,3.8807,10.3717,7.654,7.514,58.012,410,0.936,5.019,0,0,1.5,1.0,0.0005,0.0005,30,100,8,4,5,0.1,True,0.0,0.0,-0.01,0.02,0.05,0.01,0.0025,0.8,2,50,5,1,0.05,0.2,True
v6,imlo_v100_l005_d01_vox08_fs020_ml3,3.8889,22.6549,2.868,2.16,3.741,459,0.949,5.034,0,0,0.1,0.1,0.0005,0.0005,30,100,8,4,5,0.1,True,0.0,0.0,-0.005,0.02,0.05,0.01,0.0025,0.8,3,50,5,1,0.2,0.2,True
v8,fs020_vox025_mp50_ps8_pl4_if50,3.9177,13.6982,1.607,3.333,13.349,457,0.935,5.034,0,0,0.1,0.1,0.0005,0.0005,50,100,8,4,5,0.1,True,0.0,0.0,-0.005,0.02,0.05,0.01,0.0025,0.25,1,50,5,3,0.2,0.2,True
v6,imlo_v100_l010_d01_vox05_fs020_ml3,3.9311,19.419,2.613,2.703,17.03,459,0.95,5.034,0,0,0.1,0.1,0.0005,0.0005,30,100,8,4,5,0.1,True,0.0,0.0,-0.01,0.02,0.05,0.01,0.0025,0.5,3,50,5,1,0.2,0.2,True
v7,fs025_vox03_v100_be010_pf3_mp100_ga1,4.0877,23.7096,2.881,2.326,7.27,457,0.935,5.035,0,0,0.1,0.1,0.0005,0.0005,30,100,8,4,5,0.1,True,0.0,0.0,-0.005,0.02,0.1,0.01,0.0025,0.3,1,100,5,3,0.25,0.2,True
v6,imhi_v1000_l010_d01_vox08_fs005_ml3,4.1431,9.4217,10.879,9.736,11.411,457,0.935,5.043,0,0,1.5,1.0,0.0005,0.0005,30,1000,8,4,5,0.1,True,0.0,0.0,-0.01,0.02,0.05,0.01,0.0025,0.8,3,50,5,1,0.05,0.2,True
v5,mid_v100_bmid_l010_d03,4.1612,23.0491,5.854,4.891,31.256,457,0.935,5.029,0,0,0.5,0.3,0.001,0.001,30,100,8,4,5,0.1,True,0.0,0.0,-0.01,0.02,0.05,0.03,0.0025,0.5,2,50,5,1,0.1,0.2,True
v7,fs020_vox03_v100_be005_pf1_mp50_ga0,4.2173,22.4186,2.927,5.079,21.585,451,0.936,5.032,0,0,0.1,0.1,0.0005,0.0005,30,100,8,4,5,0.1,True,0.0,0.0,-0.005,0.02,0.05,0.01,0.0025,0.3,1,50,5,1,0.2,0.2,False
v7,fs025_vox03_v100_be010_pf1_mp100_ga0,4.2865,22.7715,3.077,2.639,2.188,451,0.936,5.037,0,0,0.1,0.1,0.0005,0.0005,30,100,8,4,5,0.1,True,0.0,0.0,-0.005,0.02,0.1,0.01,0.0025,0.3,1,100,5,1,0.25,0.2,False
v6,imhi_v1000_l005_d00_vox08_fs005_ml1,4.4518,9.9122,6.047,4.03,4.08,459,0.935,5.031,0,0,1.5,1.0,0.0005,0.0005,30,1000,8,4,5,0.1,True,0.0,0.0,-0.005,0.02,0.05,0.0,0.0025,0.8,1,50,5,1,0.05,0.2,True
v8,fs020_vox040_mp50_ps8_pl4_if50,4.4946,23.0734,1.24,2.939,9.229,452,0.935,5.04,0,0,0.1,0.1,0.0005,0.0005,50,100,8,4,5,0.1,True,0.0,0.0,-0.005,0.02,0.05,0.01,0.0025,0.4,1,50,5,3,0.2,0.2,True
v7,fs020_vox05_v100_be005_pf3_mp50_ga0,4.6492,23.6513,1.513,1.477,13.698,451,0.935,5.043,0,0,0.1,0.1,0.0005,0.0005,30,100,8,4,5,0.1,True,0.0,0.0,-0.005,0.02,0.05,0.01,0.0025,0.5,1,50,5,3,0.2,0.2,False
v6,imlo_v100_l005_d00_vox08_fs005_ml3,4.8417,37.8733,2.893,10.565,71.266,462,0.936,5.024,0,0,0.1,0.1,0.0005,0.0005,30,100,8,4,5,0.1,True,0.0,0.0,-0.005,0.02,0.05,0.0,0.0025,0.8,3,50,5,1,0.05,0.2,True
v6,imlo_v100_l010_d00_vox08_fs005_ml1,4.8997,26.731,3.105,3.869,58.943,460,0.949,5.035,0,0,0.1,0.1,0.0005,0.0005,30,100,8,4,5,0.1,True,0.0,0.0,-0.01,0.02,0.05,0.0,0.0025,0.8,1,50,5,1,0.05,0.2,True
v7,fs020_vox03_v100_be010_pf3_mp100_ga0,5.0144,27.5732,2.846,2.252,6.628,459,0.935,5.034,0,0,0.1,0.1,0.0005,0.0005,30,100,8,4,5,0.1,True,0.0,0.0,-0.005,0.02,0.1,0.01,0.0025,0.3,1,100,5,3,0.2,0.2,False
v7,fs025_vox05_v100_be005_pf3_mp50_ga0,5.3606,28.5811,2.871,2.052,2.471,457,0.947,5.037,0,0,0.1,0.1,0.0005,0.0005,30,100,8,4,5,0.1,True,0.0,0.0,-0.005,0.02,0.05,0.01,0.0025,0.5,1,50,5,3,0.25,0.2,False
v7,fs025_vox03_v100_be010_pf1_mp50_ga1,5.4611,32.3501,2.799,3.332,2.52,451,0.936,5.036,0,0,0.1,0.1,0.0005,0.0005,30,100,8,4,5,0.1,True,0.0,0.0,-0.005,0.02,0.1,0.01,0.0025,0.3,1,50,5,1,0.25,0.2,True
v8,fs018_vox025_mp50_ps8_pl4_if50,5.5472,32.2427,2.296,3.776,3.064,457,0.935,5.034,0,0,0.1,0.1,0.0005,0.0005,50,100,8,4,5,0.1,True,0.0,0.0,-0.005,0.02,0.05,0.01,0.0025,0.25,1,50,5,3,0.18,0.2,True
v7,fs025_vox03_v100_be002_pf1_mp100_ga1,5.8479,35.5151,2.178,3.818,4.098,457,0.935,5.035,0,0,0.1,0.1,0.0005,0.0005,30,100,8,4,5,0.1,True,0.0,0.0,-0.005,0.02,0.02,0.01,0.0025,0.3,1,100,5,1,0.25,0.2,True
v7,fs015_vox05_v100_be005_pf1_mp50_ga1,5.9001,34.0893,4.243,4.042,13.511,457,0.935,5.034,0,0,0.1,0.1,0.0005,0.0005,30,100,8,4,5,0.1,True,0.0,0.0,-0.005,0.02,0.05,0.01,0.0025,0.5,1,50,5,1,0.15,0.2,True
v7,fs015_vox03_v100_be010_pf1_mp100_ga0,6.7352,40.0941,3.481,5.342,16.476,458,0.95,5.041,0,0,0.1,0.1,0.0005,0.0005,30,100,8,4,5,0.1,True,0.0,0.0,-0.005,0.02,0.1,0.01,0.0025,0.3,1,100,5,1,0.15,0.2,False
v7,fs025_vox05_v100_be005_pf1_mp50_ga0,6.814,36.1047,2.435,3.027,5.252,457,0.935,5.043,0,0,0.1,0.1,0.0005,0.0005,30,100,8,4,5,0.1,True,0.0,0.0,-0.005,0.02,0.05,0.01,0.0025,0.5,1,50,5,1,0.25,0.2,False
v7,fs015_vox05_v100_be005_pf1_mp50_ga0,7.818,46.9867,5.832,5.094,8.459,460,0.948,5.039,0,0,0.1,0.1,0.0005,0.0005,30,100,8,4,5,0.1,True,0.0,0.0,-0.005,0.02,0.05,0.01,0.0025,0.5,1,50,5,1,0.15,0.2,False
v7,fs020_vox03_v100_be010_pf1_mp50_ga0,8.8181,52.6962,4.755,5.46,6.218,459,0.936,5.035,0,0,0.1,0.1,0.0005,0.0005,30,100,8,4,5,0.1,True,0.0,0.0,-0.005,0.02,0.1,0.01,0.0025,0.3,1,50,5,1,0.2,0.2,False
v7,fs025_vox05_v100_be002_pf3_mp50_ga0,9.2482,50.7649,5.929,3.404,11.208,457,0.935,5.035,0,0,0.1,0.1,0.0005,0.0005,30,100,8,4,5,0.1,True,0.0,0.0,-0.005,0.02,0.02,0.01,0.0025,0.5,1,50,5,3,0.25,0.2,False
v7,fs020_vox05_v100_be010_pf1_mp50_ga1,9.77,57.0052,2.691,5.466,8.263,457,0.935,5.037,0,0,0.1,0.1,0.0005,0.0005,30,100,8,4,5,0.1,True,0.0,0.0,-0.005,0.02,0.1,0.01,0.0025,0.5,1,50,5,1,0.2,0.2,True
v7,fs025_vox03_v100_be010_pf3_mp100_ga0,9.9045,61.3971,7.435,1.636,5.353,457,0.935,5.035,0,0,0.1,0.1,0.0005,0.0005,30,100,8,4,5,0.1,True,0.0,0.0,-0.005,0.02,0.1,0.01,0.0025,0.3,1,100,5,3,0.25,0.2,False
v7,fs020_vox03_v100_be002_pf3_mp50_ga0,10.4488,67.1756,3.56,9.661,3.487,457,0.935,5.035,0,0,0.1,0.1,0.0005,0.0005,30,100,8,4,5,0.1,True,0.0,0.0,-0.005,0.02,0.02,0.01,0.0025,0.3,1,50,5,3,0.2,0.2,False
v7,fs025_vox05_v100_be005_pf1_mp100_ga0,10.586,62.0563,2.794,6.901,3.201,459,0.936,5.035,0,0,0.1,0.1,0.0005,0.0005,30,100,8,4,5,0.1,True,0.0,0.0,-0.005,0.02,0.05,0.01,0.0025,0.5,1,100,5,1,0.25,0.2,False
v7,fs025_vox05_v100_be010_pf1_mp50_ga1,10.9185,57.5498,2.864,4.139,5.335,458,0.937,5.035,0,0,0.1,0.1,0.0005,0.0005,30,100,8,4,5,0.1,True,0.0,0.0,-0.005,0.02,0.1,0.01,0.0025,0.5,1,50,5,1,0.25,0.2,True
v7,fs025_vox05_v100_be010_pf1_mp50_ga0,11.3777,65.9238,5.361,5.429,14.609,451,0.923,5.037,0,0,0.1,0.1,0.0005,0.0005,30,100,8,4,5,0.1,True,0.0,0.0,-0.005,0.02,0.1,0.01,0.0025,0.5,1,50,5,1,0.25,0.2,False
v7,fs025_vox03_v100_be002_pf3_mp100_ga0,11.6307,67.3732,6.035,2.983,9.639,457,0.935,5.038,0,0,0.1,0.1,0.0005,0.0005,30,100,8,4,5,0.1,True,0.0,0.0,-0.005,0.02,0.02,0.01,0.0025,0.3,1,100,5,3,0.25,0.2,False
v8,fs020_vox025_mp50_ps8_pl4_if20,11.6559,69.3392,6.934,3.351,2.03,457,0.935,5.036,0,0,0.1,0.1,0.0005,0.0005,20,100,8,4,5,0.1,True,0.0,0.0,-0.005,0.02,0.05,0.01,0.0025,0.25,1,50,5,3,0.2,0.2,True
v8,fs020_vox025_mp100_ps8_pl4_if30,11.801,65.3004,5.553,2.497,2.137,458,0.949,5.038,0,0,0.1,0.1,0.0005,0.0005,30,100,8,4,5,0.1,True,0.0,0.0,-0.005,0.02,0.05,0.01,0.0025,0.25,1,100,5,3,0.2,0.2,True
v8,fs020_vox040_mp50_ps4_pl4_if50,12.9489,76.0348,3.732,7.536,3.901,457,0.932,5.036,0,0,0.1,0.1,0.0005,0.0005,50,100,4,4,5,0.1,True,0.0,0.0,-0.005,0.02,0.05,0.01,0.0025,0.4,1,50,5,3,0.2,0.2,True
v8,fs020_vox040_mp100_ps8_pl4_if20,14.5888,88.3652,5.699,9.125,4.273,457,0.947,5.038,0,0,0.1,0.1,0.0005,0.0005,20,100,8,4,5,0.1,True,0.0,0.0,-0.005,0.02,0.05,0.01,0.0025,0.4,1,100,5,3,0.2,0.2,True
v7,fs020_vox05_v100_be010_pf1_mp100_ga1,15.0295,87.7871,4.392,8.062,5.477,458,0.948,5.04,0,0,0.1,0.1,0.0005,0.0005,30,100,8,4,5,0.1,True,0.0,0.0,-0.005,0.02,0.1,0.01,0.0025,0.5,1,100,5,1,0.2,0.2,True
v8,fs018_vox025_mp50_ps8_pl2_if50,20.0436,98.8814,4.093,6.643,7.875,450,0.922,5.037,0,0,0.1,0.1,0.0005,0.0005,50,100,8,2,5,0.1,True,0.0,0.0,-0.005,0.02,0.05,0.01,0.0025,0.25,1,50,5,3,0.18,0.2,True
v6,imhi_v1000_l010_d00_vox08_fs005_ml2,39.4508,235.4323,44.761,16.014,34.925,460,0.936,5.036,0,0,1.5,1.0,0.0005,0.0005,30,1000,8,4,5,0.1,True,0.0,0.0,-0.01,0.02,0.05,0.0,0.0025,0.8,2,50,5,1,0.05,0.2,True
v6,imhi_v100_l010_d00_vox08_fs005_ml3,356.4408,1500.006,75.449,16.866,58.703,460,0.936,5.049,0,0,1.5,1.0,0.0005,0.0005,30,100,8,4,5,0.1,True,0.0,0.0,-0.01,0.02,0.05,0.0,0.0025,0.8,3,50,5,1,0.05,0.2,True
v6,imhi_v100_l010_d00_vox08_fs005_ml2,360.5914,1495.043,69.779,22.11,54.259,454,0.921,5.055,0,0,1.5,1.0,0.0005,0.0005,30,100,8,4,5,0.1,True,0.0,0.0,-0.01,0.02,0.05,0.0,0.0025,0.8,2,50,5,1,0.05,0.2,True
