1781679307678.4841,0.0,0.0,-0.001745329238474369
1781679307683.4758,0.0,0.0,0.0
1781679307688.4673,-0.001745329238474369,0.003490658476948738,0.0
1781679307693.458,-0.001745329238474369,0.0,0.0
1781679307698.4495,0.0,0.0,0.0
1781679307703.441,0.0,-0.001745329238474369,0.0
1781679307708.4326,-0.001745329238474369,0.003490658476948738,0.003490658476948738
1781679307713.424,-0.001745329238474369,0.0,-0.005235987715423107
1781679307718.4155,-0.005235987715423107,0.0,0.0
1781679307723.4067,0.0,0.0,0.0
1781679307728.3982,0.0,0.0,0.0
1781679307733.3896,-0.0,-0.001745329238474369,0.005235987715423107
1781679307738.381,-0.001745329238474369,0.001745329238474369,0.0
1781679307743.3723,-0.003490658476948738,0.0,0.0
1781679307748.3635,-0.003490658476948738,0.0,-0.005235987715423107
1781679307753.354,0.0,0.0,-0.001745329238474369
1781679307758.3452,0.0,0.0,0.0
1781679307763.3364,-0.001745329238474369,-0.003490658476948738,0.001745329238474369
1781679307768.3276,-0.001745329238474369,0.0,0.005235987715423107
1781679307773.3188,0.0,0.0,0.0
1781679307778.31,0.0,-0.003490658476948738,0.0
1781679307783.3013,0.0,0.001745329238474369,0.001745329238474369
1781679307788.2925,-0.001745329238474369,-0.003490658476948738,-0.003490658476948738
1781679307793.2834,0.0,0.001745329238474369,0.0
1781679307798.2747,0.0,0.0,0.0
1781679307803.2646,-0.001745329238474369,0.0,0.0
1781679307808.2556,-0.0,-0.001745329238474369,0.001745329238474369
1781679307813.2468,0.0,0.0,0.0
1781679307818.2378,-0.005235987715423107,0.001745329238474369,-0.003490658476948738
1781679307823.2288,0.0,0.003490658476948738,-0.001745329238474369
1781679307828.2197,-0.001745329238474369,0.001745329238474369,0.001745329238474369
1781679307833.2107,0.0,0.0,0.0
1781679307838.2014,-0.001745329238474369,-0.003490658476948738,0.0
1781679307843.1924,0.0,-0.003490658476948738,0.0
1781679307848.1824,0.0,-0.001745329238474369,0.0
1781679307853.173,0.0,0.0,0.0
1781679307858.1638,-0.0,-0.005235987715423107,0.003490658476948738
1781679307863.1548,-0.003490658476948738,0.0,0.0
1781679307868.1455,0.0,0.003490658476948738,-0.003490658476948738
1781679307873.1362,-0.001745329238474369,-0.001745329238474369,0.0
1781679307878.127,-0.003490658476948738,-0.005235987715423107,0.001745329238474369
1781679307883.1177,0.0,0.0,0.0
1781679307888.1084,-0.001745329238474369,0.0,-0.001745329238474369
1781679307893.099,-0.001745329238474369,0.0,0.0
1781679307898.0898,0.0,-0.005235987715423107,0.0
1781679307903.0793,-0.003490658476948738,-0.001745329238474369,-0.001745329238474369
1781679307908.071,-0.001745329238474369,0.0,0.0
1781679307913.0605,-0.001745329238474369,-0.001745329238474369,0.0
1781679307918.051,0.0,0.0,0.0
1781679307923.0417,0.0,0.0,0.0
1781679307928.0322,0.0,-0.001745329238474369,0.0
1781679307933.0227,-0.001745329238474369,0.0,0.0
1781679307938.0132,0.0,0.0,-0.001745329238474369
1781679307943.0037,-0.001745329238474369,-0.005235987715423107,0.0
1781679307947.994,0.0,-0.001745329238474369,0.0
1781679307952.9844,-0.001745329238474369,0.0,0.0
1781679307957.9736,0.0,0.0,0.0
1781679307962.964,0.0,0.0,0.0
1781679307967.9543,0.0,0.001745329238474369,-0.003490658476948738
1781679307972.9448,0.0,0.005235987715423107,0.0
1781679307977.935,-0.001745329238474369,0.001745329238474369,-0.003490658476948738
1781679307982.9253,0.0,0.0,0.0
1781679307987.9155,0.0,0.0,0.0
1781679307992.9058,0.0,0.005235987715423107,-0.001745329238474369
1781679307997.896,-0.003490658476948738,0.0,0.0
1781679308002.8862,0.0,0.0,0.0
1781679308007.8762,-0.003490658476948738,0.0,0.0
1781679308012.8655,0.0,-0.001745329238474369,0.0
1781679308017.8555,-0.0,-0.001745329238474369,0.001745329238474369
1781679308022.8457,0.0,-0.003490658476948738,0.0
1781679308027.8357,-0.001745329238474369,0.0,-0.001745329238474369
1781679308032.8257,0.0,-0.003490658476948738,-0.001745329238474369
1781679308037.8157,-0.0,-0.003490658476948738,0.003490658476948738
1781679308042.8057,0.0,-0.001745329238474369,0.0
1781679308047.7957,0.0,0.0,0.0
1781679308052.7856,-0.001745329238474369,-0.001745329238474369,-0.001745329238474369
1781679308057.7756,-0.001745329238474369,0.0,0.0
1781679308062.7646,0.0,-0.003490658476948738,0.0
1781679308067.7544,0.0,0.0,0.0
1781679308072.7444,0.0,0.0,0.0
1781679308077.7341,0.0,0.0,-0.005235987715423107
1781679308082.7239,0.0,0.003490658476948738,0.0
1781679308087.7139,0.0,0.0,0.0
1781679308092.7036,-0.001745329238474369,0.003490658476948738,-0.001745329238474369
1781679308097.6934,0.0,0.0,0.0
1781679308102.683,0.0,0.0,0.001745329238474369
1781679308107.6726,-0.005235987715423107,-0.001745329238474369,0.0
1781679308112.6614,0.0,-0.001745329238474369,0.0
1781679308117.6511,-0.001745329238474369,0.0,0.001745329238474369
1781679308122.6406,-0.001745329238474369,0.0,-0.001745329238474369
1781679308127.6304,-0.003490658476948738,0.0,-0.001745329238474369
1781679308132.6199,-0.003490658476948738,-0.003490658476948738,0.0
1781679308137.6096,-0.003490658476948738,0.003490658476948738,-0.001745329238474369
1781679308142.599,0.0,0.003490658476948738,0.0
1781679308147.5886,0.0,0.001745329238474369,0.0
1781679308152.5781,0.0,0.0,0.0
1781679308157.5676,-0.001745329238474369,0.0,-0.003490658476948738
1781679308162.5562,-0.001745329238474369,0.0,0.0
1781679308167.5454,0.0,0.0,0.0
1781679308172.536,0.0,0.005235987715423107,0.001745329238474369
1781679308177.5244,0.001745329238474369,0.0,0.0
1781679308182.5137,-0.003490658476948738,0.001745329238474369,0.001745329238474369
1781679308187.503,-0.005235987715423107,-0.003490658476948738,0.0
1781679308192.4924,0.0,0.003490658476948738,0.0
1781679308197.4817,-0.003490658476948738,0.0,0.0
1781679308202.471,0.0,0.0,0.001745329238474369
1781679308207.4602,0.0,0.0,-0.001745329238474369
1781679308212.4495,0.0,0.0,0.003490658476948738
1781679308217.4387,-0.001745329238474369,0.003490658476948738,0.0
1781679308222.428,0.0,0.003490658476948738,-0.001745329238474369
1781679308227.416,0.0,0.001745329238474369,0.0
1781679308232.4053,0.0,0.001745329238474369,0.0
1781679308237.3943,0.0,0.0,0.001745329238474369
1781679308242.3835,-0.003490658476948738,-0.001745329238474369,0.0
1781679308247.3726,-0.001745329238474369,-0.001745329238474369,0.0
1781679308252.3616,-0.001745329238474369,0.0,-0.001745329238474369
1781679308257.3506,-0.001745329238474369,-0.001745329238474369,0.0
1781679308262.3396,-0.001745329238474369,-0.001745329238474369,-0.001745329238474369
1781679308267.3286,-0.001745329238474369,-0.001745329238474369,0.0
1781679308272.3176,0.0,0.0,-0.001745329238474369
1781679308277.3066,0.0,0.0,0.0
1781679308282.2944,0.0,0.0,0.0
1781679308287.2834,0.0,0.0,-0.001745329238474369
1781679308292.2722,-0.003490658476948738,0.001745329238474369,0.0
1781679308297.2612,0.0,0.0,0.0
1781679308302.25,0.0,0.005235987715423107,0.0
1781679308307.2388,-0.001745329238474369,0.0,0.0
1781679308312.2275,-0.001745329238474369,0.0,0.0
1781679308317.2163,-0.001745329238474369,0.0,0.003490658476948738
1781679308322.205,0.0,0.0,-0.003490658476948738
1781679308327.1929,0.0,0.001745329238474369,0.0
1781679308332.1816,0.0,-0.001745329238474369,0.0
1781679308337.1702,0.0,0.005235987715423107,0.0
1781679308342.159,0.0,0.003490658476948738,0.001745329238474369
1781679308347.1475,-0.001745329238474369,0.0,0.0
1781679308352.1362,-0.001745329238474369,-0.001745329238474369,-0.001745329238474369
1781679308357.1248,-0.003490658476948738,0.0,0.001745329238474369
1781679308362.1133,0.0,0.0,-0.001745329238474369
1781679308367.1018,-0.003490658476948738,0.0,-0.003490658476948738
1781679308372.0903,-0.001745329238474369,-0.003490658476948738,0.0
1781679308377.078,0.0,0.0,0.0
1781679308382.0664,0.0,0.001745329238474369,0.001745329238474369
1781679308387.055,-0.001745329238474369,0.001745329238474369,0.001745329238474369
1781679308392.0432,-0.003490658476948738,-0.003490658476948738,0.0
1781679308397.0317,-0.005235987715423107,-0.001745329238474369,0.0
1781679308402.02,-0.001745329238474369,0.0,-0.001745329238474369
1781679308407.0085,-0.001745329238474369,0.0,0.0
1781679308411.9968,-0.001745329238474369,0.0,-0.001745329238474369
1781679308416.985,0.0,0.005235987715423107,0.003490658476948738
1781679308421.9734,-0.001745329238474369,-0.001745329238474369,0.0
1781679308426.9607,-0.001745329238474369,-0.005235987715423107,0.0
1781679308431.949,0.0,0.003490658476948738,0.0
1781679308436.9373,-0.001745329238474369,-0.001745329238474369,0.001745329238474369
1781679308441.9255,0.0,-0.005235987715423107,-0.003490658476948738
1781679308446.9136,-0.001745329238474369,0.0,0.0
1781679308451.9019,-0.005235987715423107,0.001745329238474369,0.0
1781679308456.89,-0.0,-0.003490658476948738,0.001745329238474369
1781679308461.8782,0.0,-0.001745329238474369,0.0
1781679308466.8662,-0.001745329238474369,0.0,0.0
1781679308471.8542,0.0,-0.001745329238474369,-0.001745329238474369
1781679308476.8423,-0.003490658476948738,0.005235987715423107,0.001745329238474369
1781679308481.8303,0.0,0.003490658476948738,-0.003490658476948738
1781679308486.8184,0.0,0.0,0.0
1781679308491.8054,-0.001745329238474369,0.0,0.001745329238474369
1781679308496.7932,-0.001745329238474369,0.0,0.0
1781679308501.7812,-0.001745329238474369,-0.005235987715423107,0.0
1781679308506.7693,-0.0,-0.001745329238474369,0.001745329238474369
1781679308511.757,0.0,0.0,0.0
1781679308516.7449,0.0,-0.001745329238474369,-0.001745329238474369
1781679308521.733,-0.001745329238474369,-0.005235987715423107,-0.001745329238474369
1781679308526.7207,-0.0,-0.003490658476948738,0.001745329238474369
1781679308531.7085,-0.001745329238474369,-0.001745329238474369,0.001745329238474369
1781679308536.6963,0.0,0.0,0.0
1781679308541.683,-0.001745329238474369,0.0,0.0
1781679308546.671,-0.001745329238474369,0.0,0.0
1781679308551.6584,0.0,-0.003490658476948738,0.0
1781679308556.6462,0.0,-0.001745329238474369,0.0
1781679308561.6338,-0.003490658476948738,0.0,0.0
1781679308566.6216,-0.001745329238474369,0.0,0.0
1781679308571.6091,0.0,0.0,-0.001745329238474369
1781679308576.5967,-0.001745329238474369,0.0,0.0
1781679308581.5845,-0.001745329238474369,-0.005235987715423107,0.0
1781679308586.572,-0.003490658476948738,0.001745329238474369,0.001745329238474369
1781679308591.5596,0.0,0.0,-0.001745329238474369
1781679308596.546,-0.003490658476948738,0.0,0.001745329238474369
1781679308601.5334,0.0,-0.003490658476948738,-0.001745329238474369
1781679308606.521,-0.001745329238474369,-0.001745329238474369,0.001745329238474369
1781679308611.5085,0.0,0.001745329238474369,0.001745329238474369
1781679308616.4958,-0.003490658476948738,0.0,0.001745329238474369
1781679308621.4834,0.0,-0.001745329238474369,0.0
1781679308626.475,0.0,0.0,0.0
1781679308631.4666,0.0,0.0,-0.005235987715423107
1781679308636.458,-0.003490658476948738,0.0,0.0
1781679308641.4495,0.0,0.001745329238474369,0.0
1781679308646.44,-0.001745329238474369,0.0,0.0
1781679308651.4314,0.0,0.001745329238474369,0.0
1781679308656.4229,-0.003490658476948738,0.0,-0.001745329238474369
1781679308661.414,0.0,0.003490658476948738,0.0
1781679308666.4055,-0.001745329238474369,0.0,0.0
1781679308671.3967,-0.001745329238474369,0.0,0.0
1781679308676.3882,-0.005235987715423107,0.0,-0.001745329238474369
1781679308681.3794,0.0,0.0,0.0
1781679308686.3706,-0.001745329238474369,-0.003490658476948738,0.001745329238474369
1781679308691.3618,-0.0,-0.001745329238474369,0.001745329238474369
1781679308696.352,0.0,-0.001745329238474369,-0.003490658476948738
1781679308701.3442,0.0,0.0,0.003490658476948738
1781679308706.3345,0.0,0.0,0.0
1781679308711.3254,0.0,0.0,0.003490658476948738
1781679308716.3167,0.0,0.0,-0.003490658476948738
1781679308721.3076,0.0,-0.001745329238474369,0.0
1781679308726.2988,0.0,0.0,0.0
1781679308731.2898,0.0,-0.001745329238474369,-0.005235987715423107
1781679308736.2808,-0.003490658476948738,0.001745329238474369,0.0
1781679308741.272,0.0,0.0,0.0
1781679308746.263,-0.001745329238474369,-0.001745329238474369,0.0
1781679308751.254,-0.003490658476948738,0.0,0.001745329238474369
1781679308756.2446,-0.003490658476948738,0.0,0.001745329238474369
1781679308761.2346,0.0,0.0,0.0
1781679308766.2256,-0.001745329238474369,-0.001745329238474369,0.0
1781679308771.2163,-0.003490658476948738,-0.003490658476948738,0.0
1781679308776.2073,0.0,-0.001745329238474369,0.0
1781679308781.198,-0.0,-0.003490658476948738,0.001745329238474369
1781679308786.1887,-0.001745329238474369,-0.001745329238474369,0.0
1781679308791.1797,0.0,0.001745329238474369,0.0
1781679308796.1704,0.0,0.0,0.0
1781679308801.1602,-0.003490658476948738,0.0,-0.001745329238474369
1781679308806.151,-0.001745329238474369,0.0,-0.001745329238474369
1781679308811.1414,-0.001745329238474369,-0.001745329238474369,0.0
1781679308816.132,0.0,0.0,0.0
1781679308821.1228,-0.001745329238474369,0.0,-0.001745329238474369
1781679308826.1133,-0.001745329238474369,0.0,-0.001745329238474369
1781679308831.104,-0.001745329238474369,-0.001745329238474369,0.0
1781679308836.0945,0.0,-0.001745329238474369,0.0
1781679308841.085,0.0,0.0,0.0
1781679308846.0754,0.001745329238474369,-0.001745329238474369,0.001745329238474369
1781679308851.0662,0.0,0.003490658476948738,-0.003490658476948738
1781679308856.0564,-0.0,-0.001745329238474369,0.003490658476948738
1781679308861.046,0.0,0.006981316953897476,-0.005235987715423107
1781679308866.0374,-0.003490658476948738,0.0,0.001745329238474369
1781679308871.0269,-0.003490658476948738,0.0,-0.005235987715423107
1781679308876.017,-0.001745329238474369,0.0,0.0
1781679308881.0076,-0.003490658476948738,0.003490658476948738,0.0
1781679308885.9978,0.0,-0.003490658476948738,-0.003490658476948738
1781679308890.9883,-0.001745329238474369,0.0,0.0
1781679308895.9785,-0.001745329238474369,-0.001745329238474369,0.0
1781679308900.9688,-0.001745329238474369,0.003490658476948738,0.001745329238474369
1781679308905.959,0.0,0.0,-0.003490658476948738
1781679308910.9482,0.0,0.0,0.001745329238474369
1781679308915.9385,-0.001745329238474369,-0.003490658476948738,0.0
1781679308920.9285,-0.001745329238474369,0.0,0.0
1781679308925.9187,0.0,0.0,0.0
1781679308930.909,0.0,0.003490658476948738,0.0
1781679308935.899,-0.001745329238474369,0.001745329238474369,-0.001745329238474369
1781679308940.8892,-0.001745329238474369,0.0,0.001745329238474369
1781679308945.8792,0.0,-0.003490658476948738,0.0
1781679308950.8691,0.0,0.001745329238474369,0.0
1781679308955.8591,0.0,0.005235987715423107,0.001745329238474369
1781679308960.849,-0.001745329238474369,0.0,-0.005235987715423107
1781679308965.8381,-0.001745329238474369,0.001745329238474369,0.0
1781679308970.8281,-0.001745329238474369,0.0,0.0
1781679308975.8179,0.0,0.001745329238474369,-0.001745329238474369
1781679308980.8079,0.0,0.0,0.0
1781679308985.7979,-0.003490658476948738,0.003490658476948738,0.0
1781679308990.7876,0.0,0.005235987715423107,-0.001745329238474369
1781679308995.7773,0.0,-0.001745329238474369,0.0
1781679309000.7673,-0.001745329238474369,0.0,0.0
1781679309005.757,-0.001745329238474369,0.0,0.0
1781679309010.7468,-0.003490658476948738,0.001745329238474369,0.0
1781679309015.7366,0.0,0.0,0.0
1781679309020.7263,0.0,0.0,0.001745329238474369
1781679309025.7148,0.0,0.0,0.0
1781679309030.7046,0.0,0.001745329238474369,0.0
1781679309035.6943,0.0,0.003490658476948738,0.0
1781679309040.6838,-0.001745329238474369,0.0,0.0
1781679309045.6736,0.0,-0.001745329238474369,0.0
1781679309050.663,0.0,0.0,0.0
1781679309055.6526,0.0,0.0,0.0
1781679309060.642,-0.001745329238474369,-0.003490658476948738,-0.001745329238474369
1781679309065.6316,-0.003490658476948738,0.0,0.001745329238474369
1781679309070.621,0.0,0.003490658476948738,0.0
1781679309075.6106,-0.003490658476948738,0.0,0.0
1781679309080.599,-0.001745329238474369,0.0,-0.001745329238474369
1781679309085.5884,0.0,0.001745329238474369,0.001745329238474369
1781679309090.578,-0.001745329238474369,0.0,-0.003490658476948738
1781679309095.5671,-0.005235987715423107,-0.001745329238474369,0.0
1781679309100.5566,0.0,0.0,0.0
1781679309105.546,-0.0,-0.003490658476948738,0.003490658476948738
1781679309110.5352,-0.001745329238474369,-0.003490658476948738,-0.001745329238474369
1781679309115.5244,-0.001745329238474369,0.0,0.0
1781679309120.5137,-0.001745329238474369,-0.005235987715423107,-0.003490658476948738
1781679309125.503,-0.003490658476948738,0.0,0.001745329238474369
1781679309130.4912,0.0,0.0,-0.001745329238474369
1781679309135.4805,0.0,0.0,0.0
1781679309140.4695,-0.001745329238474369,0.0,-0.001745329238474369
1781679309145.4587,-0.006981316953897476,0.001745329238474369,0.0
1781679309150.4478,-0.0,-0.003490658476948738,0.003490658476948738
1781679309155.437,0.0,-0.003490658476948738,0.0
1781679309160.426,0.0,0.001745329238474369,0.0
1781679309165.415,-0.003490658476948738,-0.003490658476948738,0.001745329238474369
1781679309170.404,0.0,-0.003490658476948738,-0.001745329238474369
1781679309175.393,-0.001745329238474369,-0.006981316953897476,0.0
1781679309180.382,0.0,0.001745329238474369,0.001745329238474369
1781679309185.371,-0.001745329238474369,0.0,0.0
1781679309190.359,-0.001745329238474369,0.001745329238474369,0.0
1781679309195.348,0.0,-0.001745329238474369,0.0
1781679309200.337,-0.003490658476948738,-0.001745329238474369,0.0
1781679309205.3257,0.0,0.0,-0.001745329238474369
1781679309210.3145,-0.003490658476948738,0.0,0.0
1781679309215.3032,-0.003490658476948738,-0.001745329238474369,0.0
1781679309220.2922,-0.001745329238474369,0.0,-0.003490658476948738
1781679309225.281,0.0,-0.001745329238474369,-0.001745329238474369
1781679309230.2698,-0.003490658476948738,-0.003490658476948738,0.0
1781679309235.2583,0.0,0.0,0.001745329238474369
1781679309240.246,0.0,0.0,-0.003490658476948738
1781679309245.2349,0.0,0.0,0.0
1781679309250.2234,-0.001745329238474369,0.0,-0.003490658476948738
1781679309255.2122,-0.003490658476948738,0.0,-0.003490658476948738
1781679309260.2007,-0.003490658476948738,0.0,0.003490658476948738
1781679309265.1892,0.0,0.0,0.0
1781679309270.178,-0.005235987715423107,-0.001745329238474369,0.0
1781679309275.1665,0.0,0.005235987715423107,-0.001745329238474369
1781679309280.155,-0.001745329238474369,0.0,-0.001745329238474369
1781679309285.1436,-0.001745329238474369,0.0,0.0
1781679309290.1318,0.0,0.0,0.0
1781679309295.1204,-0.001745329238474369,0.0,0.0
1781679309300.108,0.0,0.001745329238474369,-0.001745329238474369
1781679309305.0962,-0.001745329238474369,-0.003490658476948738,0.0
1781679309310.0847,0.0,-0.003490658476948738,-0.003490658476948738
1781679309315.073,-0.001745329238474369,0.006981316953897476,0.0
1781679309320.0613,0.0,0.0,0.0
1781679309325.0496,-0.001745329238474369,0.0,0.0
1781679309330.0378,-0.003490658476948738,0.0,0.0
1781679309335.0261,-0.001745329238474369,-0.003490658476948738,0.0
1781679309340.0144,0.0,0.0,0.0
1781679309345.0027,0.0,0.0,0.0
1781679309349.99,-0.003490658476948738,-0.003490658476948738,0.0
1781679309354.978,0.0,-0.003490658476948738,0.0
1781679309359.9663,0.0,-0.006981316953897476,0.0
1781679309364.9543,-0.001745329238474369,0.001745329238474369,0.001745329238474369
1781679309369.9424,-0.001745329238474369,-0.003490658476948738,0.0
1781679309374.9307,-0.0,-0.003490658476948738,0.003490658476948738
1781679309379.9187,0.0,-0.001745329238474369,-0.001745329238474369
1781679309384.9067,0.0,-0.001745329238474369,-0.001745329238474369
1781679309389.8948,-0.001745329238474369,0.0,0.0
1781679309394.8828,0.0,-0.003490658476948738,0.0
1781679309399.8706,0.0,0.001745329238474369,0.001745329238474369
1781679309404.8577,-0.001745329238474369,0.0,-0.001745329238474369
1781679309409.8455,-0.001745329238474369,0.001745329238474369,0.0
1781679309414.8335,-0.001745329238474369,-0.001745329238474369,0.0
1781679309419.8213,-0.003490658476948738,0.0,-0.003490658476948738
1781679309424.8093,0.0,0.0,0.0
1781679309429.797,0.0,0.0,0.0
1781679309434.785,-0.001745329238474369,-0.001745329238474369,0.001745329238474369
1781679309439.7727,0.0,0.0,0.0
1781679309444.7595,0.0,0.003490658476948738,0.0
1781679309449.747,0.0,-0.001745329238474369,-0.001745329238474369
1781679309454.7358,-0.003490658476948738,-0.001745329238474369,0.0
1781679309459.7227,-0.001745329238474369,-0.003490658476948738,0.0
1781679309464.7102,-0.003490658476948738,0.0,0.0
1781679309469.698,-0.001745329238474369,0.001745329238474369,0.001745329238474369
1781679309474.6855,0.0,0.001745329238474369,-0.003490658476948738
1781679309479.673,0.0,-0.001745329238474369,0.0
1781679309484.661,-0.001745329238474369,0.0,0.0
1781679309489.6484,-0.001745329238474369,0.0,0.0
1781679309494.636,-0.001745329238474369,0.0,-0.003490658476948738
1781679309499.6233,0.0,0.0,0.0
1781679309504.6108,0.0,0.0,0.001745329238474369
1781679309509.5974,0.0,0.001745329238474369,-0.001745329238474369
1781679309514.5857,0.0,0.001745329238474369,0.0
1781679309519.5723,-0.001745329238474369,-0.001745329238474369,-0.001745329238474369
1781679309524.5596,0.0,-0.005235987715423107,-0.003490658476948738
1781679309529.547,0.0,0.0,-0.001745329238474369
1781679309534.5344,-0.001745329238474369,0.0,-0.003490658476948738
1781679309539.5217,0.0,0.0,0.0
1781679309544.509,0.0,0.0,0.0
1781679309549.4963,-0.001745329238474369,-0.001745329238474369,0.0
1781679309554.4836,-0.001745329238474369,0.0,0.0
1781679309559.4707,-0.001745329238474369,0.0,0.0
1781679309564.458,-0.0,-0.001745329238474369,0.001745329238474369
1781679309569.4443,-0.003490658476948738,-0.003490658476948738,0.0
1781679309574.4324,0.0,0.0,0.0
1781679309579.4185,0.0,0.0,0.0
1781679309584.4058,0.0,0.003490658476948738,-0.001745329238474369
1781679309589.3928,-0.001745329238474369,0.0,0.0
1781679309594.38,-0.003490658476948738,-0.001745329238474369,-0.001745329238474369
1781679309599.367,-0.001745329238474369,0.0,-0.001745329238474369
1781679309604.354,-0.001745329238474369,0.003490658476948738,0.0
1781679309609.341,-0.001745329238474369,-0.003490658476948738,0.0
1781679309614.327,0.0,0.005235987715423107,0.0
1781679309619.314,-0.001745329238474369,0.0,0.0
1781679309624.3267,-0.001745329238474369,-0.001745329238474369,0.0
1781679309629.34,-0.001745329238474369,0.0,0.0
1781679309634.3518,0.0,0.0,0.0
1781679309639.3645,0.0,0.001745329238474369,0.0
1781679309644.3772,0.001745329238474369,0.0,0.0
1781679309649.39,0.0,-0.001745329238474369,0.0
1781679309654.4026,-0.001745329238474369,-0.003490658476948738,0.0
1781679309659.4153,-0.003490658476948738,-0.005235987715423107,0.0
1781679309664.428,0.0,-0.001745329238474369,0.0
1781679309669.441,-0.003490658476948738,-0.003490658476948738,0.001745329238474369
1781679309674.4526,0.0,0.0,-0.001745329238474369
1781679309679.4653,-0.001745329238474369,0.0,0.001745329238474369
1781679309684.4792,0.0,0.0,0.0
1781679309689.491,0.0,0.0,0.0
1781679309694.504,-0.001745329238474369,-0.003490658476948738,0.0
1781679309699.5168,0.0,0.0,0.0
1781679309704.5298,-0.005235987715423107,-0.003490658476948738,0.0
1781679309709.5427,-0.001745329238474369,-0.001745329238474369,0.0
1781679309714.5557,-0.001745329238474369,0.0,-0.001745329238474369
1781679309719.5686,-0.001745329238474369,0.005235987715423107,0.0
1781679309724.5806,-0.001745329238474369,0.0,-0.005235987715423107
1781679309729.5935,0.0,0.0,0.003490658476948738
1781679309734.6064,-0.001745329238474369,0.0,-0.001745329238474369
1781679309739.6196,0.0,-0.001745329238474369,0.0
1781679309744.6326,-0.001745329238474369,0.0,0.0
1781679309749.6458,-0.001745329238474369,0.0,0.0
1781679309754.6587,-0.003490658476948738,0.001745329238474369,0.001745329238474369
1781679309759.6719,0.0,0.0,-0.001745329238474369
1781679309764.685,0.0,0.0,0.0
1781679309769.6982,-0.003490658476948738,-0.001745329238474369,0.0
1781679309774.7114,-0.001745329238474369,0.0,0.0
1781679309779.7246,0.0,0.0,0.0
1781679309784.7368,-0.005235987715423107,0.001745329238474369,0.0
1781679309789.75,0.0,0.0,-0.001745329238474369
1781679309794.7632,-0.001745329238474369,0.0,-0.001745329238474369
1781679309799.7764,-0.005235987715423107,0.001745329238474369,0.001745329238474369
1781679309804.7898,0.0,0.0,0.0
1781679309809.803,0.0,0.0,0.0
1781679309814.8164,0.0,0.0,0.0
1781679309819.8296,0.0,-0.003490658476948738,0.0
1781679309824.843,-0.001745329238474369,-0.005235987715423107,0.0
1781679309829.8564,0.0,0.001745329238474369,0.0
1781679309834.8687,0.0,0.001745329238474369,0.0
1781679309839.883,-0.003490658476948738,0.0,0.001745329238474369
1781679309844.8955,0.0,0.0,-0.001745329238474369
1781679309849.909,-0.001745329238474369,0.001745329238474369,0.001745329238474369
1781679309854.9226,-0.0,-0.003490658476948738,0.001745329238474369
1781679309859.936,-0.003490658476948738,0.0,0.0
1781679309864.9495,-0.001745329238474369,0.0,0.001745329238474369
1781679309869.9631,0.0,0.0,-0.001745329238474369
1781679309874.9766,-0.001745329238474369,0.001745329238474369,-0.001745329238474369
1781679309879.9902,-0.001745329238474369,0.0,0.0
1781679309885.0037,-0.0,-0.005235987715423107,0.001745329238474369
1781679309890.0173,0.0,0.0,0.0
1781679309895.03,0.0,0.0,0.001745329238474369
1781679309900.0435,0.0,0.0,0.0
1781679309905.0571,-0.001745329238474369,0.0,0.0
1781679309910.0708,-0.001745329238474369,0.0,0.0
1781679309915.0845,-0.003490658476948738,-0.001745329238474369,0.0
1781679309920.0984,-0.001745329238474369,0.0,0.0
1781679309925.112,-0.003490658476948738,0.0,-0.001745329238474369
1781679309930.1257,-0.001745329238474369,0.0,0.001745329238474369
1781679309935.1394,0.0,-0.001745329238474369,0.0
1781679309940.1533,-0.001745329238474369,0.0,0.0
1781679309945.167,-0.001745329238474369,-0.001745329238474369,-0.003490658476948738
1781679309950.181,-0.001745329238474369,0.0,-0.001745329238474369
1781679309955.1938,-0.003490658476948738,0.0,0.0
1781679309960.2075,-0.001745329238474369,-0.001745329238474369,0.0
1781679309965.2214,-0.001745329238474369,0.003490658476948738,0.0
1781679309970.2354,0.0,0.003490658476948738,0.0
1781679309975.2493,-0.001745329238474369,0.003490658476948738,-0.003490658476948738
1781679309980.2632,-0.001745329238474369,0.0,0.0
1781679309985.277,0.0,0.0,-0.001745329238474369
1781679309990.2913,0.0,0.006981316953897476,0.001745329238474369
1781679309995.3052,0.0,0.003490658476948738,-0.001745329238474369
1781679310000.319,-0.003490658476948738,-0.001745329238474369,0.001745329238474369
1781679310005.3333,-0.0,-0.005235987715423107,0.001745329238474369
1781679310010.3462,0.0,-0.003490658476948738,0.0
1781679310015.3604,0.0,0.0,0.0
1781679310020.3745,-0.003490658476948738,0.0,0.0
1781679310025.3884,0.0,0.0,0.0
1781679310030.4026,-0.001745329238474369,0.0,0.001745329238474369
1781679310035.4167,0.001745329238474369,-0.005235987715423107,-0.0
1781679310040.431,-0.001745329238474369,-0.001745329238474369,0.0
1781679310045.445,0.0,0.0,0.0
1781679310050.4592,0.0,0.0,0.003490658476948738
1781679310055.4736,-0.003490658476948738,-0.001745329238474369,-0.001745329238474369
1781679310060.4868,-0.003490658476948738,0.001745329238474369,-0.001745329238474369
1781679310065.502,0.0,0.0,0.0
1781679310070.5154,-0.0,-0.001745329238474369,0.003490658476948738
1781679310075.5295,-0.003490658476948738,0.0,0.0
1781679310080.544,0.0,0.003490658476948738,-0.003490658476948738
1781679310085.558,0.0,0.0,0.001745329238474369
1781679310090.5725,0.0,0.0,0.0
1781679310095.587,0.0,0.0,0.0
1781679310100.6013,-0.005235987715423107,-0.001745329238474369,-0.001745329238474369
1781679310105.6157,-0.001745329238474369,-0.003490658476948738,0.001745329238474369
1781679310110.6301,-0.0,-0.005235987715423107,0.003490658476948738
1781679310115.6445,-0.005235987715423107,0.0,-0.005235987715423107
1781679310120.658,-0.001745329238474369,0.001745329238474369,0.0
1781679310125.6726,0.0,-0.001745329238474369,0.0
1781679310130.687,0.0,0.0,-0.003490658476948738
1781679310135.7017,-0.005235987715423107,-0.001745329238474369,0.001745329238474369
1781679310140.716,-0.001745329238474369,0.0,-0.001745329238474369
1781679310145.7307,-0.001745329238474369,0.0,0.003490658476948738
1781679310150.745,-0.001745329238474369,-0.005235987715423107,0.0
1781679310155.7598,-0.001745329238474369,0.0,0.0
1781679310160.7744,-0.001745329238474369,0.0,0.0
1781679310165.789,0.0,0.001745329238474369,-0.001745329238474369
1781679310170.8037,-0.003490658476948738,-0.003490658476948738,0.0
1781679310175.8174,0.0,-0.003490658476948738,0.0
1781679310180.832,-0.001745329238474369,0.0,0.0
1781679310185.8467,-0.003490658476948738,-0.001745329238474369,-0.001745329238474369
1781679310190.8616,0.0,0.0,0.0
1781679310195.8762,0.0,-0.001745329238474369,0.0
1781679310200.8909,0.0,0.0,0.0
1781679310205.9058,0.0,0.0,-0.003490658476948738
1781679310210.9207,-0.003490658476948738,0.0,0.0
1781679310215.9353,0.0,0.003490658476948738,0.0
1781679310220.9502,-0.001745329238474369,-0.003490658476948738,0.003490658476948738
1781679310225.964,-0.003490658476948738,0.0,0.0
1781679310230.98,-0.0,-0.003490658476948738,0.003490658476948738
1781679310235.994,-0.003490658476948738,0.0,-0.003490658476948738
1781679310241.0088,-0.001745329238474369,0.001745329238474369,0.0
1781679310246.0237,0.0,-0.001745329238474369,0.0
1781679310251.0386,-0.003490658476948738,0.0,0.001745329238474369
1781679310256.0535,0.0,-0.003490658476948738,0.0
1781679310261.0686,-0.003490658476948738,-0.001745329238474369,0.0
1781679310266.0835,0.0,0.0,0.0
1781679310271.0986,-0.001745329238474369,0.001745329238474369,0.0
1781679310276.1135,0.001745329238474369,0.0,0.0
1781679310281.1287,-0.001745329238474369,-0.001745329238474369,0.0
1781679310286.1428,-0.005235987715423107,-0.001745329238474369,0.0
1781679310291.158,0.0,0.0,-0.001745329238474369
1781679310296.173,0.0,0.0,0.001745329238474369
1781679310301.1882,0.0,0.0,0.0
1781679310306.2034,-0.003490658476948738,-0.001745329238474369,0.0
1781679310311.2185,0.0,0.0,-0.003490658476948738
1781679310316.2336,-0.003490658476948738,-0.005235987715423107,0.0
1781679310321.2488,-0.001745329238474369,0.0,0.001745329238474369
1781679310326.2642,-0.001745329238474369,0.003490658476948738,-0.003490658476948738
1781679310331.2793,0.0,0.0,0.0
1781679310336.2947,0.0,0.003490658476948738,-0.001745329238474369
1781679310341.3098,0.0,0.003490658476948738,0.001745329238474369
1781679310346.3242,0.0,0.0,0.0
1781679310351.3396,-0.001745329238474369,0.001745329238474369,0.0
1781679310356.355,-0.001745329238474369,0.0,0.003490658476948738
1781679310361.37,-0.005235987715423107,0.0,-0.001745329238474369
1781679310366.3855,0.0,0.0,0.0
1781679310371.4011,-0.003490658476948738,0.0,0.0
1781679310376.4165,0.0,-0.005235987715423107,0.0
1781679310381.432,0.0,0.001745329238474369,0.0
1781679310386.4463,-0.003490658476948738,0.0,0.0
1781679310391.463,0.0,-0.001745329238474369,-0.001745329238474369
1781679310396.4783,0.0,0.0,0.0
1781679310401.4927,-0.003490658476948738,0.0,0.0
1781679310406.5083,0.0,0.0,0.003490658476948738
1781679310411.524,-0.003490658476948738,0.0,-0.001745329238474369
1781679310416.5396,-0.001745329238474369,0.001745329238474369,0.0
1781679310421.555,-0.003490658476948738,-0.003490658476948738,0.0
1781679310426.5706,0.001745329238474369,0.0,0.0
1781679310431.5862,-0.001745329238474369,-0.003490658476948738,0.0
1781679310436.6018,-0.003490658476948738,0.001745329238474369,0.0
1781679310441.6177,-0.001745329238474369,0.0,0.0
1781679310446.6333,0.0,0.0,0.0
1781679310451.649,0.001745329238474369,0.0,0.001745329238474369
1781679310456.6636,-0.003490658476948738,-0.001745329238474369,0.0
1781679310461.6794,0.0,0.0,0.001745329238474369
1781679310466.695,0.0,0.0,0.0
1781679310471.711,0.0,0.0,0.0
1781679310476.7268,-0.001745329238474369,0.001745329238474369,0.006981316953897476
1781679310481.7424,-0.003490658476948738,0.001745329238474369,0.0
1781679310486.7583,-0.001745329238474369,0.003490658476948738,0.0
1781679310491.7742,0.0,0.0,-0.003490658476948738
1781679310496.79,0.0,0.0,0.0
1781679310501.806,0.0,0.0,0.0
1781679310506.8218,0.0,0.003490658476948738,0.0
1781679310511.837,0.0,0.0,0.0
1781679310516.8528,0.0,0.0,0.0
1781679310521.8687,0.0,0.0,0.0
1781679310526.8848,0.0,-0.003490658476948738,0.0
1781679310531.9006,-0.001745329238474369,-0.003490658476948738,0.0
1781679310536.9167,0.0,0.001745329238474369,0.0
1781679310541.9329,0.0,0.0,-0.001745329238474369
1781679310546.9487,-0.003490658476948738,0.001745329238474369,-0.001745329238474369
1781679310551.9648,0.0,0.0,0.0
1781679310556.98,-0.001745329238474369,0.003490658476948738,-0.001745329238474369
1781679310561.996,0.0,-0.001745329238474369,0.0
1781679310567.0122,0.0,-0.001745329238474369,0.0
1781679310572.0283,-0.001745329238474369,0.0,0.0
1781679310577.0444,-0.003490658476948738,-0.001745329238474369,0.0
1781679310582.0608,-0.001745329238474369,0.001745329238474369,0.0
1781679310587.077,-0.005235987715423107,0.0,0.0
1781679310592.0933,0.0,0.0,0.0
1781679310597.1094,0.0,0.0,0.0
1781679310602.1257,-0.003490658476948738,-0.003490658476948738,0.0
1781679310607.1418,-0.001745329238474369,0.0,-0.003490658476948738
1781679310612.1582,-0.0,-0.001745329238474369,0.001745329238474369
1781679310617.1746,-0.001745329238474369,-0.003490658476948738,0.0
1781679310622.1838,-0.005235987715423107,0.001745329238474369,0.0
1781679310627.1826,0.0,0.0,0.0
1781679310632.1777,0.0,0.0,0.0
1781679310637.1729,-0.001745329238474369,0.0,0.0
1781679310642.1677,0.0,0.003490658476948738,-0.001745329238474369
1781679310647.1628,0.0,0.005235987715423107,-0.001745329238474369
1781679310652.1577,-0.003490658476948738,0.0,-0.001745329238474369
1781679310657.1528,-0.001745329238474369,0.0,0.003490658476948738
1781679310662.1477,0.0,0.0,0.0
1781679310667.1426,-0.0,-0.001745329238474369,0.001745329238474369
1781679310672.1365,-0.003490658476948738,0.0,-0.003490658476948738
1781679310677.1323,0.0,0.0,0.0
1781679310682.1262,0.0,0.0,0.0
1781679310687.121,0.0,0.0,0.0
1781679310692.116,-0.001745329238474369,-0.003490658476948738,0.005235987715423107
1781679310697.1108,0.0,0.0,0.0
1781679310702.1057,-0.001745329238474369,0.0,0.003490658476948738
1781679310707.1003,-0.001745329238474369,0.0,0.0
1781679310712.0952,-0.001745329238474369,0.0,-0.001745329238474369
1781679310717.0898,0.0,0.0,0.0
1781679310722.0847,0.0,0.0,0.0
1781679310727.0793,0.0,0.003490658476948738,-0.003490658476948738
1781679310732.073,-0.003490658476948738,0.003490658476948738,-0.001745329238474369
1781679310737.0676,0.0,0.001745329238474369,0.001745329238474369
1781679310742.0625,-0.0,-0.001745329238474369,0.001745329238474369
1781679310747.0571,-0.001745329238474369,-0.005235987715423107,0.0
1781679310752.0518,-0.005235987715423107,-0.001745329238474369,0.0
1781679310757.0461,-0.003490658476948738,0.0,-0.003490658476948738
1781679310762.0408,-0.003490658476948738,-0.001745329238474369,0.0
1781679310767.0354,-0.001745329238474369,0.0,0.003490658476948738
1781679310772.03,-0.001745329238474369,0.0,-0.003490658476948738
1781679310777.0244,-0.001745329238474369,0.0,-0.001745329238474369
1781679310782.019,-0.0,-0.003490658476948738,0.001745329238474369
1781679310787.0125,-0.001745329238474369,0.0,0.0
1781679310792.0068,0.0,0.0,0.0
1781679310797.0015,0.0,0.0,0.003490658476948738
1781679310801.9958,-0.003490658476948738,0.0,0.0
1781679310806.9902,-0.003490658476948738,0.0,0.0
1781679310811.9846,0.0,0.001745329238474369,0.0
1781679310816.979,0.0,0.0,0.0
1781679310821.9734,0.0,-0.001745329238474369,-0.001745329238474369
1781679310826.9678,0.0,-0.001745329238474369,0.0
1781679310831.9622,-0.001745329238474369,-0.003490658476948738,0.0
1781679310836.9563,-0.001745329238474369,-0.001745329238474369,-0.001745329238474369
1781679310841.9507,-0.001745329238474369,0.0,0.0
1781679310846.9448,0.0,-0.003490658476948738,-0.001745329238474369
1781679310851.9382,-0.006981316953897476,0.0,0.0
1781679310856.9324,-0.001745329238474369,0.0,0.0
1781679310861.9265,0.0,0.0,0.0
1781679310866.921,-0.001745329238474369,0.005235987715423107,-0.001745329238474369
1781679310871.915,0.0,0.0,0.0
1781679310876.9092,-0.003490658476948738,-0.003490658476948738,0.0
1781679310881.9033,-0.0,-0.001745329238474369,0.003490658476948738
1781679310886.8975,-0.001745329238474369,0.0,0.0
1781679310891.8916,-0.001745329238474369,-0.003490658476948738,0.0
1781679310896.8857,-0.001745329238474369,-0.003490658476948738,0.0
1781679310901.8787,-0.001745329238474369,0.0,0.0
1781679310906.8728,0.0,0.0,-0.003490658476948738
1781679310911.8667,-0.001745329238474369,0.0,-0.001745329238474369
1781679310916.8608,-0.001745329238474369,0.0,0.003490658476948738
1781679310921.8547,0.0,0.0,-0.003490658476948738
1781679310926.8489,-0.003490658476948738,0.0,-0.001745329238474369
1781679310931.8428,-0.005235987715423107,0.0,-0.001745329238474369
1781679310936.8367,-0.001745329238474369,-0.001745329238474369,0.0
1781679310941.8306,0.0,0.005235987715423107,-0.003490658476948738
1781679310946.8245,-0.0,-0.003490658476948738,0.003490658476948738
1781679310951.8184,-0.001745329238474369,0.0,0.0
1781679310956.8113,0.0,-0.001745329238474369,0.0
1781679310961.8052,0.0,-0.001745329238474369,0.0
1781679310966.799,-0.001745329238474369,-0.001745329238474369,0.003490658476948738
1781679310971.7927,0.0,0.0,0.001745329238474369
1781679310976.7866,-0.001745329238474369,0.001745329238474369,-0.001745329238474369
1781679310981.7803,0.0,0.0,-0.001745329238474369
1781679310986.7742,-0.003490658476948738,-0.003490658476948738,0.003490658476948738
1781679310991.7678,0.0,-0.001745329238474369,-0.003490658476948738
1781679310996.7615,-0.001745329238474369,0.0,0.0
1781679311001.7554,-0.0,-0.001745329238474369,0.003490658476948738
1781679311006.748,0.0,0.001745329238474369,0.0
1781679311011.7417,0.0,0.003490658476948738,0.005235987715423107
1781679311016.7363,-0.001745329238474369,0.0,0.0
1781679311021.729,0.0,0.0,0.0
1781679311026.7224,-0.001745329238474369,0.0,-0.001745329238474369
1781679311031.716,0.0,0.001745329238474369,-0.001745329238474369
1781679311036.7097,-0.003490658476948738,0.0,0.003490658476948738
1781679311041.7034,-0.001745329238474369,-0.003490658476948738,-0.003490658476948738
1781679311046.6968,-0.001745329238474369,0.001745329238474369,0.0
1781679311051.6904,0.0,0.0,0.0
1781679311056.6838,-0.003490658476948738,0.0,0.003490658476948738
1781679311061.6772,0.0,0.0,0.0
1781679311066.671,-0.001745329238474369,0.0,-0.001745329238474369
1781679311071.6633,-0.001745329238474369,0.003490658476948738,0.0
1781679311076.6567,0.0,0.0,0.003490658476948738
1781679311081.6501,0.0,0.0,0.003490658476948738
1781679311086.6436,-0.001745329238474369,-0.003490658476948738,0.001745329238474369
1781679311091.637,-0.003490658476948738,0.0,0.0
1781679311096.6301,0.0,0.0,0.0
1781679311101.6235,0.0,-0.001745329238474369,0.0
1781679311106.617,0.0,0.001745329238474369,0.0
1781679311111.61,0.0,0.0,0.0
1781679311116.6035,0.0,0.0,-0.001745329238474369
1781679311121.5967,0.0,0.003490658476948738,0.001745329238474369
1781679311126.5898,-0.001745329238474369,0.0,0.001745329238474369
1781679311131.5833,0.0,0.003490658476948738,0.001745329238474369
1781679311136.5754,0.0,0.001745329238474369,-0.001745329238474369
1781679311141.5686,0.0,-0.001745329238474369,0.0
1781679311146.5618,0.0,-0.001745329238474369,0.0
1781679311151.555,0.0,-0.001745329238474369,0.0
1781679311156.548,0.0,0.003490658476948738,0.0
1781679311161.5413,-0.001745329238474369,0.001745329238474369,0.001745329238474369
1781679311166.5342,0.0,0.003490658476948738,-0.001745329238474369
1781679311171.5273,-0.001745329238474369,0.0,0.0
1781679311176.5205,-0.003490658476948738,0.0,0.0
1781679311181.5125,-0.003490658476948738,0.0,-0.001745329238474369
1781679311186.5056,-0.001745329238474369,0.0,0.001745329238474369
1781679311191.4985,0.0,0.0,0.001745329238474369
1781679311196.4915,-0.001745329238474369,0.0,0.0
1781679311201.4844,0.0,0.0,0.0
1781679311206.4775,-0.001745329238474369,-0.003490658476948738,-0.001745329238474369
1781679311211.4705,0.0,0.0,0.003490658476948738
1781679311216.4634,-0.001745329238474369,-0.001745329238474369,-0.003490658476948738
1781679311221.4563,-0.005235987715423107,0.001745329238474369,-0.003490658476948738
1781679311226.449,0.0,0.001745329238474369,0.005235987715423107
1781679311231.442,-0.005235987715423107,0.0,0.0
1781679311236.4338,0.0,0.0,0.001745329238474369
1781679311241.4265,-0.001745329238474369,0.0,0.0
1781679311246.4204,-0.001745329238474369,0.001745329238474369,0.0
1781679311251.412,0.0,-0.003490658476948738,0.0
1781679311256.405,0.0,0.0,0.0
1781679311261.3977,-0.001745329238474369,-0.005235987715423107,0.001745329238474369
1781679311266.3904,0.0,0.001745329238474369,0.0
1781679311271.3833,-0.003490658476948738,0.0,0.0
1781679311276.376,-0.003490658476948738,0.0,0.0
1781679311281.3687,-0.001745329238474369,-0.003490658476948738,-0.003490658476948738
1781679311286.3613,0.0,0.0,-0.001745329238474369
1781679311291.3528,0.0,0.0,0.0
1781679311296.3455,0.0,0.0,0.0
1781679311301.3381,0.0,0.0,0.0
1781679311306.3308,0.0,0.0,0.003490658476948738
1781679311311.3232,0.0,0.0,0.0
1781679311316.316,0.0,0.0,-0.001745329238474369
1781679311321.3083,-0.003490658476948738,0.0,0.001745329238474369
1781679311326.3008,-0.005235987715423107,0.0,0.0
1781679311331.2935,0.0,0.0,0.0
1781679311336.286,-0.001745329238474369,0.0,-0.001745329238474369
1781679311341.2783,-0.005235987715423107,0.0,0.001745329238474369
1781679311346.2708,0.0,0.0,0.0
1781679311351.2632,0.0,0.0,0.0
1781679311356.2556,-0.001745329238474369,0.001745329238474369,0.001745329238474369
1781679311361.247,-0.001745329238474369,0.0,0.0
1781679311366.2393,0.0,0.0,-0.001745329238474369
1781679311371.2317,0.0,0.005235987715423107,0.0
1781679311376.224,0.0,0.0,0.0
1781679311381.2163,0.0,0.001745329238474369,-0.001745329238474369
1781679311386.2087,-0.001745329238474369,0.0,0.0
1781679311391.201,-0.001745329238474369,0.0,0.0
1781679311396.193,-0.001745329238474369,0.0,-0.001745329238474369
1781679311401.1855,-0.003490658476948738,-0.001745329238474369,-0.001745329238474369
1781679311406.1768,-0.001745329238474369,-0.001745329238474369,0.001745329238474369
1781679311411.169,0.001745329238474369,0.0,0.001745329238474369
1781679311416.1611,-0.001745329238474369,0.003490658476948738,0.0
1781679311421.1533,0.0,-0.001745329238474369,0.0
1781679311426.1455,-0.001745329238474369,0.0,-0.001745329238474369
1781679311431.1375,-0.001745329238474369,0.0,0.0
1781679311436.1296,-0.001745329238474369,0.0,0.003490658476948738
1781679311441.1218,-0.001745329238474369,-0.003490658476948738,0.0
1781679311446.1138,0.0,-0.006981316953897476,0.0
1781679311451.106,-0.001745329238474369,-0.001745329238474369,0.0
1781679311456.098,-0.003490658476948738,0.0,0.001745329238474369
1781679311461.0898,-0.001745329238474369,0.0,0.0
1781679311466.082,-0.001745329238474369,0.0,0.0
1781679311471.073,-0.001745329238474369,0.0,-0.001745329238474369
1781679311476.065,0.0,0.0,0.0
1781679311481.057,-0.0,-0.001745329238474369,0.003490658476948738
1781679311486.0488,-0.001745329238474369,-0.003490658476948738,0.0
1781679311491.0408,-0.001745329238474369,-0.003490658476948738,-0.001745329238474369
1781679311496.0327,0.0,0.0,0.005235987715423107
1781679311501.0244,0.0,0.0,-0.003490658476948738
1781679311506.0164,-0.005235987715423107,0.0,0.0
1781679311511.008,0.001745329238474369,-0.001745329238474369,0.001745329238474369
1781679311516.0,-0.001745329238474369,-0.001745329238474369,-0.005235987715423107
1781679311520.9907,-0.001745329238474369,0.0,0.0
1781679311525.9836,-0.001745329238474369,0.0,0.0
1781679311530.9744,0.0,0.001745329238474369,0.0
1781679311535.966,-0.003490658476948738,0.005235987715423107,-0.001745329238474369
1781679311540.9578,0.0,-0.005235987715423107,0.0
1781679311545.9495,-0.003490658476948738,-0.001745329238474369,0.0
1781679311550.9412,0.0,0.001745329238474369,0.0
1781679311555.9329,0.0,0.0,0.0
1781679311560.9246,-0.005235987715423107,0.0,0.0
1781679311565.9163,0.0,-0.003490658476948738,0.0
1781679311570.908,-0.005235987715423107,0.001745329238474369,0.0
1781679311575.8994,-0.001745329238474369,-0.001745329238474369,-0.001745329238474369
1781679311580.8901,0.0,-0.005235987715423107,0.0
1781679311585.8816,0.0,0.0,0.0
1781679311590.873,0.0,0.0,0.0
1781679311595.8647,0.0,-0.005235987715423107,0.0
1781679311600.8562,0.0,0.0,-0.001745329238474369
1781679311605.8477,-0.001745329238474369,-0.001745329238474369,0.003490658476948738
1781679311610.839,0.0,0.001745329238474369,-0.001745329238474369
1781679311615.8306,0.0,0.0,-0.001745329238474369
1781679311620.822,0.0,0.0,0.0
1781679311625.8406,-0.001745329238474369,0.0,0.0
1781679311630.8594,-0.003490658476948738,0.001745329238474369,0.0
1781679311635.877,-0.001745329238474369,-0.003490658476948738,0.0
1781679311640.8955,0.0,-0.005235987715423107,0.0
1781679311645.9143,-0.005235987715423107,0.0,-0.003490658476948738
1781679311650.933,0.0,0.003490658476948738,0.0
1781679311655.952,-0.001745329238474369,0.003490658476948738,0.0
1781679311660.9707,0.0,0.001745329238474369,0.0
1781679311665.9895,0.0,0.001745329238474369,0.0
1781679311671.0083,-0.001745329238474369,-0.001745329238474369,0.0
1781679311676.027,-0.001745329238474369,-0.005235987715423107,0.0
1781679311681.0461,0.0,-0.001745329238474369,0.0
1781679311686.064,0.0,0.001745329238474369,0.0
1781679311691.084,-0.0,-0.005235987715423107,0.005235987715423107
1781679311696.102,0.0,0.0,-0.001745329238474369
1781679311701.121,0.0,0.005235987715423107,-0.003490658476948738
1781679311706.1401,0.0,0.001745329238474369,0.0
1781679311711.1592,0.0,0.0,0.003490658476948738
1781679311716.1782,-0.003490658476948738,0.0,0.0
1781679311721.1975,-0.001745329238474369,0.005235987715423107,-0.003490658476948738
1781679311726.2166,-0.005235987715423107,0.001745329238474369,0.0
1781679311731.2358,0.0,0.001745329238474369,0.0
1781679311736.255,-0.001745329238474369,0.0,0.001745329238474369
1781679311741.2742,0.0,-0.003490658476948738,0.0
1781679311746.2935,0.0,-0.001745329238474369,0.0
1781679311751.3127,0.0,0.0,0.0
1781679311756.331,-0.001745329238474369,-0.001745329238474369,0.0
1781679311761.3506,0.0,0.001745329238474369,-0.001745329238474369
1781679311766.3699,0.0,0.0,0.001745329238474369
1781679311771.3894,-0.001745329238474369,0.0,0.0
1781679311776.4087,-0.001745329238474369,0.003490658476948738,0.0
1781679311781.4282,0.0,0.0,0.0
1781679311786.4478,0.0,-0.003490658476948738,0.0
1781679311791.4673,-0.003490658476948738,0.0,-0.003490658476948738
1781679311796.4868,0.0,0.0,-0.001745329238474369
1781679311801.5066,-0.001745329238474369,-0.003490658476948738,0.0
1781679311806.5261,0.0,0.001745329238474369,0.0
1781679311811.5447,-0.001745329238474369,0.003490658476948738,0.0
1781679311816.5645,-0.001745329238474369,0.0,0.001745329238474369
1781679311821.5842,-0.001745329238474369,0.0,0.0
1781679311826.6038,0.0,0.001745329238474369,0.0
1781679311831.6235,0.0,0.0,-0.001745329238474369
1781679311836.6433,-0.003490658476948738,0.0,0.0
1781679311841.6633,0.0,0.003490658476948738,-0.001745329238474369
1781679311846.683,-0.001745329238474369,0.0,-0.001745329238474369
1781679311851.703,-0.001745329238474369,0.0,0.001745329238474369
1781679311856.722,0.0,-0.003490658476948738,0.0
1781679311861.7417,-0.001745329238474369,0.0,0.0
1781679311866.7617,0.0,0.0,-0.003490658476948738
1781679311871.7817,-0.001745329238474369,0.0,0.0
1781679311876.8018,0.0,0.0,0.0
1781679311881.8218,-0.001745329238474369,-0.001745329238474369,0.0
1781679311886.8418,-0.001745329238474369,0.0,0.0
1781679311891.862,0.0,0.0,0.001745329238474369
1781679311896.882,-0.003490658476948738,0.0,0.001745329238474369
1781679311901.9023,-0.001745329238474369,0.0,0.0
1781679311906.9224,-0.001745329238474369,-0.001745329238474369,0.0
1781679311911.9426,-0.001745329238474369,-0.003490658476948738,0.0
1781679311916.963,0.0,0.0,-0.001745329238474369
1781679311921.9822,-0.003490658476948738,0.0,0.0
1781679311927.0024,-0.001745329238474369,-0.001745329238474369,0.0
1781679311932.0227,-0.005235987715423107,0.0,-0.001745329238474369
1781679311937.0432,-0.001745329238474369,-0.001745329238474369,0.0
1781679311942.0635,0.0,0.0,0.0
1781679311947.084,0.0,0.001745329238474369,-0.005235987715423107
1781679311952.1045,-0.001745329238474369,-0.005235987715423107,0.0
1781679311957.1248,-0.001745329238474369,0.0,0.0
1781679311962.1453,0.0,0.005235987715423107,-0.003490658476948738
1781679311967.1658,-0.001745329238474369,0.0,0.003490658476948738
1781679311972.1865,0.0,0.001745329238474369,-0.001745329238474369
1781679311977.207,-0.003490658476948738,0.0,0.001745329238474369
1781679311982.2266,-0.003490658476948738,0.0,0.0
1781679311987.2473,-0.003490658476948738,0.001745329238474369,0.0
1781679311992.2678,-0.001745329238474369,0.0,0.0
1781679311997.2886,0.0,0.0,0.001745329238474369
1781679312002.3093,-0.001745329238474369,0.001745329238474369,0.0
1781679312007.33,0.0,0.0,0.001745329238474369
1781679312012.3508,-0.001745329238474369,0.0,-0.005235987715423107
1781679312017.3718,-0.001745329238474369,-0.001745329238474369,-0.001745329238474369
1781679312022.3926,-0.001745329238474369,0.0,0.0
1781679312027.4133,0.0,0.001745329238474369,0.0
1781679312032.4333,-0.001745329238474369,0.0,-0.001745329238474369
1781679312037.4543,-0.001745329238474369,0.0,0.0
1781679312042.475,0.0,-0.001745329238474369,-0.001745329238474369
1781679312047.496,0.0,0.0,0.0
1781679312052.517,0.0,-0.005235987715423107,-0.003490658476948738
1781679312057.538,-0.003490658476948738,0.0,0.0
1781679312062.5593,0.0,0.003490658476948738,0.0
1781679312067.5803,-0.003490658476948738,0.001745329238474369,0.0
1781679312072.6016,0.0,0.0,0.0
1781679312077.6226,-0.003490658476948738,0.0,0.0
1781679312082.6438,0.0,-0.001745329238474369,0.0
1781679312087.665,-0.003490658476948738,-0.001745329238474369,0.0
1781679312092.6853,-0.003490658476948738,0.0,0.0
1781679312097.7065,0.0,-0.001745329238474369,0.0
1781679312102.7278,0.0,-0.003490658476948738,0.0
1781679312107.749,0.0,0.0,0.003490658476948738
1781679312112.7705,-0.003490658476948738,-0.003490658476948738,0.0
1781679312117.7917,-0.001745329238474369,-0.001745329238474369,0.0
1781679312122.8132,-0.001745329238474369,-0.001745329238474369,0.0
1781679312127.8347,-0.003490658476948738,-0.001745329238474369,-0.005235987715423107
1781679312132.8562,0.0,0.006981316953897476,0.001745329238474369
1781679312137.8777,-0.003490658476948738,0.001745329238474369,0.005235987715423107
1781679312142.8992,0.0,0.0,0.001745329238474369
1781679312147.9207,-0.003490658476948738,0.0,0.0
1781679312152.9412,0.0,0.0,-0.001745329238474369
1781679312157.9639,-0.001745329238474369,0.0,0.0
1781679312162.9846,0.0,0.0,0.0
1781679312168.006,0.0,0.001745329238474369,0.0
1781679312173.0278,-0.003490658476948738,0.0,0.0
1781679312178.0496,0.0,0.0,-0.001745329238474369
1781679312183.0713,0.0,0.0,0.0
1781679312188.093,-0.001745329238474369,0.001745329238474369,0.0
1781679312193.115,0.0,0.0,0.001745329238474369
1781679312198.1367,0.0,0.0,0.0
1781679312203.1587,-0.0,-0.001745329238474369,0.003490658476948738
1781679312208.1804,0.0,0.0,0.0
1781679312213.2014,-0.003490658476948738,0.0,0.0
1781679312218.2234,-0.001745329238474369,-0.001745329238474369,0.0
1781679312223.2454,-0.001745329238474369,0.0,0.0
1781679312228.2673,-0.001745329238474369,-0.003490658476948738,0.0
1781679312233.2893,0.0,0.0,-0.001745329238474369
1781679312238.3113,-0.001745329238474369,0.0,0.001745329238474369
1781679312243.3335,-0.003490658476948738,0.001745329238474369,0.0
1781679312248.3557,0.0,-0.001745329238474369,0.0
1781679312253.3777,0.0,-0.001745329238474369,0.0
1781679312258.4,0.0,0.0,0.001745329238474369
1781679312263.422,-0.001745329238474369,0.005235987715423107,0.0
1781679312268.4434,0.0,0.003490658476948738,0.0
1781679312273.4656,-0.001745329238474369,-0.001745329238474369,0.0
1781679312278.4878,0.0,0.003490658476948738,0.0
1781679312283.5103,-0.003490658476948738,-0.001745329238474369,-0.001745329238474369
1781679312288.5325,0.0,0.0,0.0
1781679312293.555,-0.001745329238474369,0.0,0.0
1781679312298.5774,-0.0,-0.005235987715423107,0.001745329238474369
1781679312303.5996,-0.005235987715423107,0.003490658476948738,0.0
1781679312308.622,-0.001745329238474369,0.0,-0.001745329238474369
1781679312313.6448,-0.001745329238474369,0.0,0.0
1781679312318.6672,0.0,0.0,0.0
1781679312323.6897,-0.003490658476948738,0.0,-0.001745329238474369
1781679312328.7122,0.0,-0.005235987715423107,-0.001745329238474369
1781679312333.734,0.0,-0.001745329238474369,0.0
1781679312338.7566,-0.001745329238474369,0.0,0.0
1781679312343.779,0.0,-0.001745329238474369,0.0
1781679312348.8018,0.0,-0.003490658476948738,0.0
1781679312353.8245,-0.001745329238474369,0.0,0.0
1781679312358.8472,-0.001745329238474369,0.0,0.0
1781679312363.87,-0.001745329238474369,0.0,0.0
1781679312368.8928,0.0,-0.001745329238474369,0.0
1781679312373.9158,-0.001745329238474369,-0.001745329238474369,0.0
1781679312378.9385,-0.001745329238474369,0.0,0.0
1781679312383.9614,0.0,0.003490658476948738,0.0
1781679312388.9834,0.0,0.005235987715423107,0.0
1781679312394.006,-0.001745329238474369,0.0,0.0
1781679312399.0293,0.0,0.0,0.0
1781679312404.0522,0.0,0.0,-0.001745329238474369
1781679312409.0752,-0.001745329238474369,-0.001745329238474369,0.001745329238474369
1781679312414.0981,0.0,0.001745329238474369,-0.005235987715423107
1781679312419.1213,-0.003490658476948738,0.0,0.0
1781679312424.1445,-0.001745329238474369,0.0,0.0
1781679312429.1675,0.0,-0.001745329238474369,0.0
1781679312434.1907,-0.001745329238474369,0.003490658476948738,0.003490658476948738
1781679312439.2139,-0.001745329238474369,0.0,-0.003490658476948738
1781679312444.237,0.0,-0.005235987715423107,0.0
1781679312449.2593,-0.005235987715423107,0.0,0.0
1781679312454.2827,-0.003490658476948738,0.001745329238474369,0.0
1781679312459.306,0.0,-0.001745329238474369,0.0
1781679312464.3293,-0.005235987715423107,-0.001745329238474369,-0.003490658476948738
1781679312469.3525,0.0,0.0,0.0
1781679312474.376,-0.001745329238474369,0.0,0.0
1781679312479.3994,0.0,0.005235987715423107,-0.003490658476948738
1781679312484.4229,-0.001745329238474369,0.003490658476948738,0.0
1781679312489.4463,-0.001745329238474369,0.001745329238474369,0.0
1781679312494.47,-0.001745329238474369,0.005235987715423107,-0.001745329238474369
1781679312499.4934,0.0,0.0,0.0
1781679312504.5159,-0.005235987715423107,0.0,0.0
1781679312509.5396,-0.001745329238474369,0.0,0.0
1781679312514.5632,-0.001745329238474369,-0.003490658476948738,0.0
1781679312519.587,0.0,0.003490658476948738,0.0
1781679312524.6106,0.0,0.0,-0.001745329238474369
1781679312529.6343,-0.003490658476948738,0.0,0.0
1781679312534.658,0.0,0.0,0.0
1781679312539.6816,-0.0,-0.001745329238474369,0.001745329238474369
1781679312544.7056,-0.001745329238474369,0.001745329238474369,-0.001745329238474369
1781679312549.7292,-0.003490658476948738,0.0,0.0
1781679312554.7532,0.0,0.0,0.0
1781679312559.777,0.0,0.0,0.0
1781679312564.7998,0.0,0.0,0.0
1781679312569.8237,-0.001745329238474369,0.0,0.0
1781679312574.848,0.0,0.003490658476948738,-0.001745329238474369
1781679312579.8718,-0.003490658476948738,-0.001745329238474369,0.001745329238474369
1781679312584.8958,0.0,0.0,-0.001745329238474369
1781679312589.92,-0.006981316953897476,0.0,0.0
1781679312594.9438,-0.001745329238474369,0.001745329238474369,-0.001745329238474369
1781679312599.968,0.0,0.0,0.0
1781679312604.9922,-0.001745329238474369,-0.001745329238474369,0.0
1781679312610.0164,-0.001745329238474369,-0.001745329238474369,0.001745329238474369
1781679312615.0405,0.0,0.003490658476948738,-0.003490658476948738
1781679312620.0647,0.0,0.0,0.001745329238474369
1781679312625.0793,-0.003490658476948738,0.0,-0.001745329238474369
1781679312630.1047,0.0,-0.001745329238474369,0.0
1781679312635.128,0.0,0.0,0.001745329238474369
1781679312640.1523,-0.003490658476948738,0.0,-0.001745329238474369
1781679312645.1768,-0.0,-0.001745329238474369,0.001745329238474369
1781679312650.2012,0.0,0.003490658476948738,0.0
1781679312655.2256,-0.003490658476948738,0.0,0.0
1781679312660.25,-0.003490658476948738,0.001745329238474369,0.0
1781679312665.2747,-0.001745329238474369,0.0,0.001745329238474369
1781679312670.2993,0.0,-0.001745329238474369,0.0
1781679312675.3237,-0.001745329238474369,-0.001745329238474369,0.0
1781679312680.3474,-0.001745329238474369,0.001745329238474369,0.0
1781679312685.372,0.0,0.0,-0.001745329238474369
1781679312690.397,-0.005235987715423107,0.0,0.0
1781679312695.4216,-0.001745329238474369,0.0,0.0
1781679312700.4465,0.0,-0.003490658476948738,0.0
1781679312705.4712,-0.003490658476948738,0.005235987715423107,-0.001745329238474369
1781679312710.496,-0.003490658476948738,-0.003490658476948738,0.0
1781679312715.521,0.0,-0.001745329238474369,0.0
1781679312720.546,-0.001745329238474369,0.0,0.0
1781679312725.571,0.0,0.001745329238474369,0.0
1781679312730.596,0.0,0.0,0.0
1781679312735.621,-0.001745329238474369,0.0,0.0
1781679312740.645,0.0,-0.005235987715423107,0.0
1781679312745.6702,-0.005235987715423107,0.005235987715423107,0.0
1781679312750.6953,-0.001745329238474369,0.0,0.0
1781679312755.7207,0.0,0.0,0.0
1781679312760.7458,-0.001745329238474369,0.001745329238474369,0.001745329238474369
1781679312765.7712,-0.001745329238474369,0.0,0.0
1781679312770.7964,-0.001745329238474369,0.0,-0.001745329238474369
1781679312775.8218,0.0,0.0,0.0
1781679312780.8472,0.0,0.001745329238474369,-0.001745329238474369
1781679312785.8726,-0.001745329238474369,0.003490658476948738,-0.001745329238474369
1781679312790.8982,-0.001745329238474369,0.001745329238474369,0.001745329238474369
1781679312795.9226,-0.001745329238474369,0.003490658476948738,0.001745329238474369
1781679312800.9492,0.0,-0.001745329238474369,-0.003490658476948738
1781679312805.9736,-0.003490658476948738,-0.001745329238474369,0.0
1781679312810.9993,0.0,0.0,-0.003490658476948738
1781679312816.025,-0.003490658476948738,0.005235987715423107,0.0
1781679312821.0505,-0.003490658476948738,0.001745329238474369,0.0
1781679312826.0764,-0.003490658476948738,-0.003490658476948738,0.0
1781679312831.102,-0.001745329238474369,-0.001745329238474369,-0.005235987715423107
1781679312836.128,0.0,0.0,0.0
1781679312841.1538,0.0,0.0,0.0
1781679312846.1797,-0.003490658476948738,0.001745329238474369,0.0
1781679312851.2056,-0.001745329238474369,-0.001745329238474369,0.0
1781679312856.2305,0.0,0.0,0.0
1781679312861.2563,-0.003490658476948738,0.0,0.0
1781679312866.2825,0.0,0.0,-0.003490658476948738
1781679312871.3086,-0.003490658476948738,0.0,0.001745329238474369
1781679312876.3347,-0.001745329238474369,0.003490658476948738,-0.001745329238474369
1781679312881.3608,-0.001745329238474369,0.0,0.0
1781679312886.387,-0.001745329238474369,0.0,0.001745329238474369
1781679312891.413,-0.003490658476948738,0.0,-0.001745329238474369
1781679312896.4395,0.0,0.003490658476948738,0.005235987715423107
1781679312901.4656,0.0,0.0,-0.001745329238474369
1781679312906.492,-0.001745329238474369,0.0,0.0
1781679312911.5173,0.0,0.0,0.0
1781679312916.5437,0.0,0.0,0.0
1781679312921.57,-0.003490658476948738,0.001745329238474369,-0.001745329238474369
1781679312926.5967,-0.001745329238474369,0.001745329238474369,-0.005235987715423107
1781679312931.623,0.0,-0.001745329238474369,0.0
1781679312936.6497,0.0,-0.003490658476948738,-0.001745329238474369
1781679312941.6763,-0.001745329238474369,0.0,-0.001745329238474369
1781679312946.703,0.0,0.0,0.0
1781679312951.7295,0.0,-0.003490658476948738,0.0
1781679312956.756,-0.001745329238474369,-0.001745329238474369,0.001745329238474369
1781679312961.7827,-0.003490658476948738,-0.001745329238474369,0.0
1781679312966.8096,-0.001745329238474369,0.0,-0.003490658476948738
1781679312971.8364,0.0,-0.003490658476948738,0.0
1781679312976.8633,-0.003490658476948738,0.0,0.0
1781679312981.8892,-0.001745329238474369,0.001745329238474369,0.0
1781679312986.916,-0.001745329238474369,0.0,0.003490658476948738
1781679312991.9429,-0.003490658476948738,0.0,-0.001745329238474369
1781679312996.97,-0.003490658476948738,-0.001745329238474369,0.0
1781679313001.9968,-0.003490658476948738,0.001745329238474369,0.001745329238474369
1781679313007.024,-0.001745329238474369,0.0,0.0
1781679313012.051,-0.003490658476948738,0.0,0.0
1781679313017.0781,0.0,0.003490658476948738,0.0
1781679313022.1055,0.0,-0.001745329238474369,0.0
1781679313027.1326,-0.005235987715423107,-0.001745329238474369,0.0
1781679313032.16,0.0,-0.003490658476948738,0.0
1781679313037.187,0.001745329238474369,0.0,0.0
1781679313042.2134,0.0,0.001745329238474369,-0.003490658476948738
1781679313047.2407,0.0,0.0,-0.001745329238474369
1781679313052.268,-0.001745329238474369,0.0,0.0
1781679313057.2957,-0.001745329238474369,0.0,0.0
1781679313062.323,0.0,0.0,0.0
1781679313067.3506,-0.003490658476948738,0.0,-0.003490658476948738
1781679313072.3782,-0.001745329238474369,0.0,0.0
1781679313077.4058,-0.001745329238474369,0.0,0.0
1781679313082.4333,0.0,0.001745329238474369,0.0
1781679313087.461,-0.001745329238474369,0.0,0.0
1781679313092.4885,0.0,0.0,0.0
1781679313097.5164,0.0,0.0,-0.001745329238474369
1781679313102.543,-0.003490658476948738,-0.001745329238474369,0.0
1781679313107.5708,-0.003490658476948738,0.0,0.0
1781679313112.5986,-0.001745329238474369,0.0,0.0
1781679313117.6265,-0.001745329238474369,0.0,0.0
1781679313122.6545,-0.003490658476948738,0.0,0.0
1781679313127.6824,-0.001745329238474369,-0.003490658476948738,-0.001745329238474369
1781679313132.7104,-0.001745329238474369,0.0,-0.001745329238474369
1781679313137.7385,0.0,-0.003490658476948738,-0.003490658476948738
1781679313142.7664,-0.001745329238474369,0.0,0.0
1781679313147.7944,-0.001745329238474369,0.0,-0.001745329238474369
1781679313152.8218,-0.001745329238474369,0.0,0.0
1781679313157.8499,0.0,-0.003490658476948738,-0.001745329238474369
1781679313162.8792,0.0,0.0,0.001745329238474369
1781679313167.9062,-0.001745329238474369,0.0,0.0
1781679313172.9346,-0.001745329238474369,0.0,0.0
1781679313177.963,-0.001745329238474369,0.0,-0.001745329238474369
1781679313182.9912,0.0,0.0,-0.001745329238474369
1781679313188.0195,0.0,0.0,0.0
1781679313193.048,0.0,0.003490658476948738,0.0
1781679313198.0764,0.0,0.0,-0.001745329238474369
1781679313203.105,0.0,-0.001745329238474369,0.0
1781679313208.1335,-0.003490658476948738,-0.003490658476948738,0.003490658476948738
1781679313213.1611,0.0,0.0,0.0
1781679313218.1907,0.0,0.001745329238474369,0.001745329238474369
1781679313223.2183,-0.001745329238474369,0.0,0.0
1781679313228.247,0.0,0.001745329238474369,0.001745329238474369
1781679313233.276,-0.001745329238474369,0.0,0.001745329238474369
1781679313238.3044,-0.003490658476948738,-0.003490658476948738,0.0
1781679313243.3333,0.0,-0.001745329238474369,0.0
1781679313248.362,-0.003490658476948738,0.0,0.0
1781679313253.391,-0.003490658476948738,-0.003490658476948738,0.001745329238474369
1781679313258.42,-0.001745329238474369,-0.005235987715423107,0.0
1781679313263.449,-0.003490658476948738,-0.001745329238474369,0.0
1781679313268.4768,0.0,0.003490658476948738,0.0
1781679313273.5059,0.0,0.0,-0.001745329238474369
1781679313278.536,0.0,0.0,-0.001745329238474369
1781679313283.564,0.0,0.001745329238474369,0.0
1781679313288.5933,0.0,-0.001745329238474369,0.0
1781679313293.6223,-0.003490658476948738,-0.001745329238474369,0.0
1781679313298.6516,-0.003490658476948738,0.0,0.001745329238474369
1781679313303.6807,-0.001745329238474369,0.003490658476948738,0.0
1781679313308.71,-0.005235987715423107,0.0,-0.003490658476948738
1781679313313.7393,0.0,0.0,0.0
1781679313318.7688,0.0,0.0,-0.003490658476948738
1781679313323.798,-0.003490658476948738,-0.006981316953897476,0.001745329238474369
1781679313328.8274,-0.001745329238474369,0.0,0.0
1781679313333.856,-0.003490658476948738,-0.003490658476948738,0.0
1781679313338.8855,0.0,0.0,0.0
1781679313343.915,0.0,-0.003490658476948738,0.0
1781679313348.9446,-0.001745329238474369,0.0,0.0
1781679313353.974,-0.001745329238474369,-0.001745329238474369,0.0
1781679313359.004,-0.003490658476948738,0.0,0.0
1781679313364.0334,0.0,0.0,0.0
1781679313369.0632,0.0,0.001745329238474369,0.0
1781679313374.093,0.0,0.001745329238474369,-0.001745329238474369
1781679313379.1228,0.0,0.0,-0.005235987715423107
1781679313384.1526,-0.001745329238474369,0.001745329238474369,0.0
1781679313389.1824,-0.003490658476948738,0.0,-0.001745329238474369
1781679313394.2124,-0.001745329238474369,-0.003490658476948738,0.0
1781679313399.2415,-0.001745329238474369,0.0,0.0
1781679313404.2712,0.0,0.0,0.0
1781679313409.3013,-0.001745329238474369,-0.003490658476948738,0.0
1781679313414.3313,0.0,0.0,0.0
1781679313419.3616,-0.005235987715423107,0.001745329238474369,-0.001745329238474369
1781679313424.3916,-0.001745329238474369,0.0,0.003490658476948738
1781679313429.4219,-0.001745329238474369,-0.001745329238474369,-0.001745329238474369
1781679313434.452,0.0,0.003490658476948738,0.0
1781679313439.4822,0.0,0.001745329238474369,-0.003490658476948738
1781679313444.5125,0.0,0.001745329238474369,0.0
1781679313449.5427,-0.001745329238474369,0.0,0.0
1781679313454.5732,-0.001745329238474369,0.0,0.0
1781679313459.6025,-0.003490658476948738,0.0,0.0
1781679313464.633,0.0,0.0,0.0
1781679313469.6633,0.0,0.001745329238474369,0.0
1781679313474.6938,-0.001745329238474369,0.0,-0.001745329238474369
1781679313479.7244,-0.001745329238474369,0.0,0.0
1781679313484.7551,-0.005235987715423107,-0.003490658476948738,0.001745329238474369
1781679313489.7856,0.001745329238474369,-0.005235987715423107,-0.0
1781679313494.8164,-0.001745329238474369,0.0,-0.001745329238474369
1781679313499.847,-0.001745329238474369,0.0,0.0
1781679313504.8767,0.0,0.0,-0.001745329238474369
1781679313509.9084,0.0,0.0,0.0
1781679313514.9382,0.0,0.001745329238474369,0.0
1781679313519.969,0.0,-0.001745329238474369,0.0
1781679313525.0,-0.001745329238474369,-0.001745329238474369,0.0
1781679313530.0308,0.0,0.001745329238474369,0.0
1781679313535.0618,0.0,0.0,-0.003490658476948738
1781679313540.0928,0.003490658476948738,-0.001745329238474369,-0.0
1781679313545.1238,0.0,0.0,-0.001745329238474369
1781679313550.1548,0.0,0.001745329238474369,0.003490658476948738
1781679313555.186,-0.003490658476948738,0.0,0.0
1781679313560.217,0.0,0.0,0.0
1781679313565.2483,-0.001745329238474369,0.0,0.0
1781679313570.2783,0.0,0.001745329238474369,0.0
1781679313575.3096,0.0,0.0,-0.003490658476948738
1781679313580.341,-0.003490658476948738,0.0,-0.001745329238474369
1781679313585.3723,0.0,0.003490658476948738,0.0
1781679313590.4036,-0.003490658476948738,-0.001745329238474369,0.0
1781679313595.435,0.0,0.0,0.0
1781679313600.4663,-0.001745329238474369,0.0,-0.003490658476948738
1781679313605.4978,-0.001745329238474369,0.0,-0.001745329238474369
1781679313610.5293,-0.001745329238474369,0.003490658476948738,0.003490658476948738
1781679313615.561,0.0,-0.001745329238474369,-0.003490658476948738
1781679313620.5925,0.0,-0.003490658476948738,-0.001745329238474369
1781679313625.623,-0.001745329238474369,-0.005235987715423107,-0.001745329238474369
1781679313630.646,0.0,-0.003490658476948738,0.0
1781679313635.675,0.0,-0.001745329238474369,0.0
1781679313640.7053,0.0,0.0,0.0
1781679313645.7356,0.0,0.001745329238474369,0.0
1781679313650.7659,-0.005235987715423107,0.0,0.0
1781679313655.7961,0.0,0.0,0.001745329238474369
1781679313660.8264,0.0,0.0,0.0
1781679313665.857,-0.001745329238474369,-0.005235987715423107,0.001745329238474369
1781679313670.8875,-0.001745329238474369,0.0,0.0
1781679313675.918,0.0,0.001745329238474369,0.0
1781679313680.9485,0.0,0.0,0.0
1781679313685.979,-0.003490658476948738,-0.001745329238474369,0.0
1781679313691.0098,-0.001745329238474369,0.0,-0.003490658476948738
1781679313696.0393,-0.003490658476948738,-0.003490658476948738,0.0
1781679313701.07,-0.005235987715423107,0.0,0.0
1781679313706.101,0.0,0.0,0.0
1781679313711.1318,-0.003490658476948738,0.001745329238474369,-0.001745329238474369
1781679313716.1626,-0.001745329238474369,-0.001745329238474369,0.001745329238474369
1781679313721.1936,0.0,0.0,-0.001745329238474369
1781679313726.2246,-0.001745329238474369,-0.003490658476948738,0.0
1781679313731.2556,-0.003490658476948738,0.0,0.0
1781679313736.2866,0.0,0.003490658476948738,0.0
1781679313741.3179,0.0,0.0,0.0
1781679313746.348,0.0,0.0,-0.005235987715423107
1781679313751.3801,-0.006981316953897476,-0.003490658476948738,0.0
1781679313756.4104,-0.003490658476948738,0.0,0.0
1781679313761.4417,-0.001745329238474369,0.0,0.0
1781679313766.4731,0.0,-0.001745329238474369,0.0
1781679313771.5044,0.0,0.0,0.0
1781679313776.536,-0.003490658476948738,-0.001745329238474369,0.0
1781679313781.5674,-0.003490658476948738,-0.001745329238474369,0.0
1781679313786.5989,-0.003490658476948738,-0.003490658476948738,0.0
1781679313791.6304,-0.001745329238474369,-0.005235987715423107,0.0
1781679313796.662,-0.001745329238474369,0.001745329238474369,0.0
1781679313801.6938,-0.001745329238474369,0.0,0.0
1781679313806.7256,0.0,0.0,0.0
1781679313811.7573,0.0,-0.001745329238474369,0.0
1781679313816.788,-0.001745329238474369,0.001745329238474369,-0.001745329238474369
1781679313821.8198,-0.003490658476948738,-0.001745329238474369,0.0
1781679313826.8518,0.0,0.001745329238474369,0.0
1781679313831.8838,-0.001745329238474369,-0.003490658476948738,-0.003490658476948738
1781679313836.9158,0.0,0.0,-0.003490658476948738
1781679313841.9478,-0.001745329238474369,0.005235987715423107,0.003490658476948738
1781679313846.9797,-0.001745329238474369,0.0,-0.001745329238474369
1781679313852.012,-0.001745329238474369,0.0,0.001745329238474369
1781679313857.0442,-0.001745329238474369,0.0,0.0
1781679313862.0764,-0.003490658476948738,0.0,0.003490658476948738
1781679313867.1086,0.0,-0.003490658476948738,0.0
1781679313872.14,0.0,0.005235987715423107,0.0
1781679313877.1724,0.0,0.0,0.0
1781679313882.2046,0.0,0.001745329238474369,-0.001745329238474369
1781679313887.237,-0.001745329238474369,0.0,0.001745329238474369
1781679313892.2695,-0.001745329238474369,0.001745329238474369,0.0
1781679313897.3022,-0.001745329238474369,-0.001745329238474369,0.0
1781679313902.3347,-0.003490658476948738,0.0,0.0
1781679313907.3674,0.0,0.0,0.001745329238474369
1781679313912.4001,-0.003490658476948738,-0.003490658476948738,0.0
1781679313917.4329,-0.001745329238474369,-0.001745329238474369,0.003490658476948738
1781679313922.4656,0.0,0.0,0.0
1781679313927.4983,-0.003490658476948738,-0.001745329238474369,0.0
1781679313932.5312,0.0,-0.001745329238474369,0.0
1781679313937.563,0.0,0.0,0.0
1781679313942.596,0.0,0.0,-0.001745329238474369
1781679313947.6292,0.0,-0.005235987715423107,0.0
1781679313952.662,-0.003490658476948738,0.0,0.0
1781679313957.695,-0.003490658476948738,0.0,0.0
1781679313962.7283,0.0,-0.005235987715423107,0.0
1781679313967.7615,-0.003490658476948738,0.0,0.0
1781679313972.7947,-0.005235987715423107,0.003490658476948738,0.0
1781679313977.8281,0.0,-0.001745329238474369,0.0
1781679313982.8613,-0.001745329238474369,0.0,0.0
1781679313987.8948,-0.001745329238474369,0.0,0.005235987715423107
1781679313992.9282,-0.001745329238474369,-0.003490658476948738,0.0
1781679313997.9617,-0.005235987715423107,-0.001745329238474369,0.0
1781679314002.9941,0.0,-0.003490658476948738,0.0
1781679314008.0276,0.0,0.0,0.001745329238474369
1781679314013.0613,-0.001745329238474369,-0.005235987715423107,0.001745329238474369
1781679314018.095,0.001745329238474369,0.0,0.001745329238474369
1781679314023.1287,-0.001745329238474369,0.003490658476948738,-0.005235987715423107
1781679314028.1624,0.0,0.0,0.0
1781679314033.196,-0.003490658476948738,0.0,-0.001745329238474369
1781679314038.23,-0.001745329238474369,0.0,0.0
1781679314043.2637,-0.003490658476948738,0.0,0.0
1781679314048.2976,-0.003490658476948738,-0.001745329238474369,0.001745329238474369
1781679314053.3306,0.0,0.0,-0.001745329238474369
1781679314058.3657,-0.005235987715423107,0.0,0.0
1781679314063.3987,0.0,0.0,-0.001745329238474369
1781679314068.4329,-0.001745329238474369,-0.003490658476948738,0.0
1781679314073.467,-0.003490658476948738,0.001745329238474369,0.0
1781679314078.5012,0.0,0.001745329238474369,0.0
1781679314083.5354,-0.003490658476948738,0.001745329238474369,0.0
1781679314088.5696,0.0,0.001745329238474369,0.001745329238474369
1781679314093.604,0.0,0.0,-0.001745329238474369
1781679314098.6384,0.0,-0.003490658476948738,0.0
1781679314103.6729,-0.003490658476948738,0.001745329238474369,0.0
1781679314108.7073,0.001745329238474369,0.0,0.0
1781679314113.7417,0.0,-0.001745329238474369,0.0
1781679314118.7764,0.0,-0.001745329238474369,0.0
1781679314123.81,-0.003490658476948738,0.003490658476948738,0.0
1781679314128.8447,0.0,0.0,-0.003490658476948738
1781679314133.8794,0.0,-0.001745329238474369,0.0
1781679314138.914,-0.001745329238474369,0.0,0.0
1781679314143.949,-0.001745329238474369,-0.001745329238474369,0.0
1781679314148.9836,-0.003490658476948738,0.0,0.0
1781679314154.0186,-0.001745329238474369,0.001745329238474369,0.001745329238474369
1781679314159.0535,-0.001745329238474369,0.001745329238474369,0.0
1781679314164.0884,0.0,0.003490658476948738,0.0
1781679314169.1235,0.003490658476948738,0.0,0.0
1781679314174.1587,-0.001745329238474369,0.0,0.0
1781679314179.1926,-0.003490658476948738,0.0,0.0
1781679314184.2278,0.0,0.001745329238474369,-0.001745329238474369
1781679314189.263,0.0,0.001745329238474369,0.0
1781679314194.2983,0.0,0.0,0.0
1781679314199.3335,-0.001745329238474369,0.0,0.0
1781679314204.369,-0.001745329238474369,0.0,0.0
1781679314209.4043,-0.003490658476948738,0.0,0.0
1781679314214.4397,0.0,0.0,0.0
1781679314219.4753,0.0,0.001745329238474369,-0.001745329238474369
1781679314224.5107,0.0,-0.003490658476948738,-0.001745329238474369
1781679314229.5464,-0.003490658476948738,0.0,0.0
1781679314234.581,0.0,-0.001745329238474369,-0.001745329238474369
1781679314239.6167,0.0,-0.003490658476948738,0.0
1781679314244.6523,-0.001745329238474369,-0.001745329238474369,0.0
1781679314249.688,-0.003490658476948738,0.0,-0.003490658476948738
1781679314254.7239,0.0,0.0,0.0
1781679314259.7598,-0.001745329238474369,0.0,0.0
1781679314264.7957,-0.001745329238474369,0.003490658476948738,0.0
1781679314269.8315,0.0,0.0,0.0
1781679314274.8677,-0.003490658476948738,-0.001745329238474369,0.0
1781679314279.9036,-0.001745329238474369,-0.001745329238474369,0.0
1781679314284.9397,-0.001745329238474369,0.0,0.0
1781679314289.9758,0.0,0.0,0.0
1781679314295.012,0.0,0.0,0.0
1781679314300.048,-0.003490658476948738,0.005235987715423107,0.0
1781679314305.0845,0.0,-0.001745329238474369,0.0
1781679314310.1199,-0.001745329238474369,-0.001745329238474369,0.0
1781679314315.1562,0.0,0.003490658476948738,-0.001745329238474369
1781679314320.1926,-0.001745329238474369,0.0,0.0
1781679314325.229,-0.0,-0.003490658476948738,0.005235987715423107
1781679314330.2654,0.0,-0.001745329238474369,-0.001745329238474369
1781679314335.302,-0.001745329238474369,0.0,-0.003490658476948738
1781679314340.3386,-0.001745329238474369,0.0,0.0
1781679314345.3752,-0.003490658476948738,-0.003490658476948738,0.0
1781679314350.4119,-0.003490658476948738,-0.003490658476948738,0.001745329238474369
1781679314355.4487,-0.001745329238474369,-0.001745329238474369,0.0
1781679314360.4854,-0.001745329238474369,0.001745329238474369,0.0
1781679314365.5212,-0.001745329238474369,0.0,-0.001745329238474369
1781679314370.558,-0.001745329238474369,0.003490658476948738,0.003490658476948738
1781679314375.595,-0.001745329238474369,-0.001745329238474369,0.0
1781679314380.6318,-0.001745329238474369,-0.005235987715423107,-0.001745329238474369
1781679314385.669,-0.0,-0.003490658476948738,0.001745329238474369
1781679314390.706,-0.003490658476948738,0.001745329238474369,-0.001745329238474369
1781679314395.7432,0.0,-0.005235987715423107,-0.001745329238474369
1781679314400.7803,-0.003490658476948738,-0.001745329238474369,0.006981316953897476
1781679314405.8174,0.0,-0.001745329238474369,-0.001745329238474369
1781679314410.8547,0.0,-0.001745329238474369,0.0
1781679314415.8918,0.0,0.0,0.0
1781679314420.9292,0.0,0.0,0.0
1781679314425.9656,-0.001745329238474369,0.001745329238474369,0.001745329238474369
1781679314431.003,0.0,-0.003490658476948738,0.0
1781679314436.0405,-0.005235987715423107,0.003490658476948738,0.0
1781679314441.078,0.0,-0.005235987715423107,-0.001745329238474369
1781679314446.1155,-0.001745329238474369,-0.003490658476948738,0.0
1781679314451.153,0.0,-0.003490658476948738,0.0
1781679314456.1907,-0.001745329238474369,0.0,0.0
1781679314461.2285,-0.0,-0.003490658476948738,0.001745329238474369
1781679314466.266,0.0,-0.001745329238474369,0.0
1781679314471.304,-0.001745329238474369,0.0,0.0
1781679314476.3418,0.0,0.0,0.001745329238474369
1781679314481.3796,-0.005235987715423107,0.001745329238474369,-0.001745329238474369
1781679314486.4175,0.0,0.0,0.0
1781679314491.4546,-0.001745329238474369,0.0,0.0
1781679314496.4924,0.0,0.003490658476948738,-0.001745329238474369
1781679314501.5305,-0.005235987715423107,-0.001745329238474369,-0.001745329238474369
1781679314506.5686,0.0,0.0,0.0
1781679314511.607,0.0,0.0,0.0
1781679314516.645,-0.003490658476948738,-0.001745329238474369,0.0
1781679314521.6833,0.0,-0.001745329238474369,0.0
1781679314526.7217,0.0,0.0,0.0
1781679314531.76,-0.001745329238474369,0.001745329238474369,0.0
1781679314536.7983,0.0,0.0,-0.001745329238474369
1781679314541.8357,0.0,-0.005235987715423107,0.0
1781679314546.8752,-0.005235987715423107,0.001745329238474369,0.0
1781679314551.9126,0.0,0.003490658476948738,0.0
1781679314556.9512,-0.001745329238474369,0.001745329238474369,0.001745329238474369
1781679314561.9897,0.0,0.0,0.0
1781679314567.0286,0.0,-0.001745329238474369,0.0
1781679314572.0671,0.0,0.001745329238474369,0.0
1781679314577.106,-0.003490658476948738,0.001745329238474369,0.0
1781679314582.1448,-0.005235987715423107,-0.001745329238474369,0.0
1781679314587.1836,-0.001745329238474369,-0.005235987715423107,0.0
1781679314592.2224,-0.005235987715423107,0.001745329238474369,0.001745329238474369
1781679314597.2615,-0.001745329238474369,0.0,0.0
1781679314602.3003,0.001745329238474369,-0.001745329238474369,0.001745329238474369
1781679314607.3384,-0.003490658476948738,0.0,-0.001745329238474369
1781679314612.3774,0.0,0.0,0.0
1781679314617.4165,-0.001745329238474369,0.0,0.0
1781679314622.4558,0.0,0.0,-0.001745329238474369
1781679314627.4949,0.0,0.0,0.0
1781679314632.5342,-0.005235987715423107,0.0,0.0
1781679314637.5625,-0.001745329238474369,0.0,0.0
1781679314642.5715,0.0,0.0,0.0
1781679314647.5803,-0.003490658476948738,0.001745329238474369,0.001745329238474369
1781679314652.5894,0.0,-0.005235987715423107,0.0
1781679314657.5984,-0.001745329238474369,-0.003490658476948738,0.0
1781679314662.6062,0.0,0.001745329238474369,0.001745329238474369
1781679314667.6162,-0.001745329238474369,-0.001745329238474369,0.003490658476948738
1781679314672.624,0.001745329238474369,-0.003490658476948738,0.003490658476948738
1781679314677.633,0.0,0.006981316953897476,-0.001745329238474369
1781679314682.642,-0.001745329238474369,0.001745329238474369,0.0
1781679314687.651,-0.003490658476948738,-0.001745329238474369,0.0
1781679314692.66,0.0,-0.001745329238474369,0.0
1781679314697.669,0.0,-0.001745329238474369,0.0
1781679314702.6777,0.0,0.0,0.0
1781679314707.6868,0.0,-0.001745329238474369,0.0
1781679314712.6958,0.0,0.0,0.0
1781679314717.7046,-0.001745329238474369,-0.001745329238474369,0.0
1781679314722.7136,0.0,0.0,0.0
1781679314727.7214,0.0,0.0,0.0
1781679314732.7314,-0.001745329238474369,0.0,0.0
1781679314737.7395,0.0,0.0,-0.001745329238474369
1781679314742.7483,0.0,-0.001745329238474369,0.0
1781679314747.7573,0.0,0.0,-0.001745329238474369
1781679314752.766,0.0,0.0,0.0
1781679314757.7751,-0.001745329238474369,0.0,0.0
1781679314762.7842,0.0,0.0,0.0
1781679314767.793,0.0,0.0,-0.001745329238474369
1781679314772.802,0.0,-0.003490658476948738,0.0
1781679314777.811,-0.005235987715423107,-0.001745329238474369,0.0
1781679314782.8198,0.0,0.0,0.0
1781679314787.828,-0.003490658476948738,0.0,0.0
1781679314792.838,0.0,-0.003490658476948738,0.0
1781679314797.8457,-0.001745329238474369,0.0,0.0
1781679314802.8547,0.0,-0.006981316953897476,-0.001745329238474369
1781679314807.8635,-0.001745329238474369,0.0,0.0
1781679314812.8726,-0.003490658476948738,0.0,-0.001745329238474369
1781679314817.8816,0.0,0.003490658476948738,-0.001745329238474369
1781679314822.8904,0.0,0.0,0.0
1781679314827.8994,-0.003490658476948738,-0.003490658476948738,0.001745329238474369
1781679314832.9084,0.0,-0.003490658476948738,0.0
1781679314837.9172,-0.003490658476948738,0.001745329238474369,0.0
1781679314842.9263,0.0,0.0,0.0
1781679314847.9353,0.0,0.0,0.0
1781679314852.943,0.0,0.001745329238474369,-0.001745329238474369
1781679314857.9521,0.0,0.0,0.001745329238474369
1781679314862.961,-0.001745329238474369,0.0,-0.001745329238474369
1781679314867.97,-0.001745329238474369,-0.003490658476948738,0.0
1781679314872.979,0.0,0.0,0.0
1781679314877.9878,0.0,-0.001745329238474369,-0.001745329238474369
1781679314882.9968,-0.003490658476948738,0.0,-0.003490658476948738
1781679314888.0059,-0.003490658476948738,-0.005235987715423107,0.0
1781679314893.0146,-0.001745329238474369,-0.001745329238474369,0.0
1781679314898.0237,-0.001745329238474369,-0.003490658476948738,0.0
1781679314903.0327,0.0,0.0,0.0
1781679314908.0415,0.0,0.0,0.0
1781679314913.0505,0.0,-0.001745329238474369,0.0
1781679314918.0596,0.0,0.0,0.001745329238474369
1781679314923.0674,0.0,0.003490658476948738,0.0
1781679314928.0764,-0.001745329238474369,-0.003490658476948738,0.001745329238474369
1781679314933.0852,-0.001745329238474369,-0.001745329238474369,0.001745329238474369
1781679314938.0942,-0.0,-0.001745329238474369,0.003490658476948738
1781679314943.1033,-0.001745329238474369,0.001745329238474369,-0.001745329238474369
1781679314948.112,-0.001745329238474369,0.0,-0.001745329238474369
1781679314953.121,-0.001745329238474369,0.001745329238474369,-0.005235987715423107
1781679314958.1301,-0.001745329238474369,0.0,0.0
1781679314963.139,0.0,-0.001745329238474369,0.0
1781679314968.148,0.0,0.0,-0.001745329238474369
1781679314973.157,-0.003490658476948738,0.0,0.0
1781679314978.1658,-0.0,-0.003490658476948738,0.005235987715423107
1781679314983.1738,0.0,0.0,0.0
1781679314988.1829,0.0,-0.003490658476948738,-0.003490658476948738
1781679314993.1917,0.0,0.001745329238474369,0.001745329238474369
1781679314998.2007,0.0,0.001745329238474369,0.0
1781679315003.2097,-0.003490658476948738,-0.005235987715423107,0.0
1781679315008.2185,-0.0,-0.001745329238474369,0.003490658476948738
1781679315013.2275,-0.001745329238474369,0.0,0.0
1781679315018.2366,-0.003490658476948738,0.0,-0.001745329238474369
1781679315023.2454,0.0,0.0,0.0
1781679315028.2544,0.001745329238474369,0.001745329238474369,0.005235987715423107
1781679315033.2634,0.0,0.0,0.0
1781679315038.2712,-0.001745329238474369,0.0,-0.001745329238474369
1781679315043.2803,-0.001745329238474369,0.001745329238474369,0.0
1781679315048.2893,-0.003490658476948738,-0.001745329238474369,0.001745329238474369
1781679315053.299,0.0,0.0,0.001745329238474369
1781679315058.3071,-0.0,-0.001745329238474369,0.005235987715423107
1781679315063.3162,-0.003490658476948738,-0.001745329238474369,0.001745329238474369
1781679315068.325,0.0,0.005235987715423107,0.0
1781679315073.334,0.0,0.0,0.0
1781679315078.343,-0.001745329238474369,0.0,0.0
1781679315083.3518,-0.001745329238474369,0.0,0.0
1781679315088.3608,-0.001745329238474369,0.0,0.003490658476948738
1781679315093.3699,0.0,-0.001745329238474369,-0.001745329238474369
1781679315098.3777,0.0,0.0,0.0
1781679315103.3867,-0.003490658476948738,0.0,0.001745329238474369
1781679315108.3967,0.0,-0.001745329238474369,0.0
1781679315113.4045,-0.001745329238474369,-0.001745329238474369,0.0
1781679315118.4136,-0.003490658476948738,0.0,0.0
1781679315123.4226,0.0,-0.001745329238474369,0.0
1781679315128.4314,0.0,0.0,0.001745329238474369
1781679315133.4404,-0.001745329238474369,0.0,0.001745329238474369
1781679315138.4495,-0.001745329238474369,-0.001745329238474369,0.0
1781679315143.4583,-0.001745329238474369,0.0,-0.001745329238474369
1781679315148.4673,0.0,0.0,-0.003490658476948738
1781679315153.4763,-0.001745329238474369,-0.001745329238474369,0.0
1781679315158.485,0.0,0.001745329238474369,0.0
1781679315163.4941,0.0,0.0,-0.003490658476948738
1781679315168.5022,0.0,-0.001745329238474369,-0.003490658476948738
1781679315173.511,-0.003490658476948738,0.0,0.003490658476948738
1781679315178.52,-0.003490658476948738,-0.003490658476948738,0.0
1781679315183.529,-0.001745329238474369,-0.001745329238474369,0.001745329238474369
1781679315188.5378,0.0,-0.001745329238474369,-0.001745329238474369
1781679315193.5469,-0.0,-0.005235987715423107,0.001745329238474369
1781679315198.556,-0.005235987715423107,0.0,-0.001745329238474369
1781679315203.565,0.0,0.001745329238474369,-0.001745329238474369
1781679315208.5737,0.0,0.003490658476948738,0.0
1781679315213.5828,-0.003490658476948738,0.0,0.0
1781679315218.5918,-0.001745329238474369,-0.001745329238474369,-0.001745329238474369
1781679315223.5996,-0.001745329238474369,0.0,0.0
1781679315228.6086,0.0,0.0,0.0
1781679315233.6177,0.0,-0.001745329238474369,0.0
1781679315238.6265,-0.003490658476948738,-0.005235987715423107,-0.003490658476948738
1781679315243.6355,-0.003490658476948738,0.0,0.003490658476948738
1781679315248.6445,0.0,-0.001745329238474369,0.0
1781679315253.6533,-0.003490658476948738,0.0,0.0
1781679315258.6624,0.0,0.0,0.0
1781679315263.6714,-0.003490658476948738,0.001745329238474369,0.001745329238474369
1781679315268.6802,-0.001745329238474369,0.0,-0.003490658476948738
1781679315273.6892,-0.001745329238474369,-0.001745329238474369,0.0
1781679315278.6982,0.0,0.0,0.0
1781679315283.7073,-0.003490658476948738,-0.003490658476948738,-0.001745329238474369
1781679315288.715,0.0,0.0,0.003490658476948738
1781679315293.724,0.0,0.001745329238474369,-0.001745329238474369
1781679315298.7332,-0.001745329238474369,0.005235987715423107,0.0
1781679315303.742,-0.001745329238474369,-0.003490658476948738,0.003490658476948738
1781679315308.751,0.0,-0.001745329238474369,-0.001745329238474369
1781679315313.76,0.0,0.0,0.001745329238474369
1781679315318.7688,0.0,0.005235987715423107,0.0
1781679315323.7778,-0.005235987715423107,0.003490658476948738,0.0
1781679315328.7869,0.0,0.001745329238474369,0.0
1781679315333.796,-0.001745329238474369,0.0,-0.003490658476948738
1781679315338.8047,-0.003490658476948738,-0.001745329238474369,0.0
1781679315343.8137,-0.001745329238474369,-0.001745329238474369,0.0
1781679315348.8228,-0.001745329238474369,0.0,0.001745329238474369
1781679315353.8315,0.001745329238474369,-0.003490658476948738,-0.0
1781679315358.8396,0.0,0.0,0.0
1781679315363.8486,0.0,0.001745329238474369,0.0
1781679315368.8574,0.0,0.0,0.0
1781679315373.8665,-0.001745329238474369,0.0,-0.001745329238474369
1781679315378.8755,0.0,0.0,0.0
1781679315383.8845,-0.005235987715423107,-0.001745329238474369,0.001745329238474369
1781679315388.8933,0.0,0.0,-0.003490658476948738
1781679315393.9023,0.0,0.0,0.0
1781679315398.9114,0.0,-0.001745329238474369,-0.001745329238474369
1781679315403.9202,-0.001745329238474369,0.0,0.001745329238474369
1781679315408.9292,-0.001745329238474369,0.0,0.0
1781679315413.9373,-0.001745329238474369,-0.003490658476948738,0.0
1781679315418.946,0.0,0.0,0.0
1781679315423.955,-0.001745329238474369,0.0,0.0
1781679315428.964,0.0,0.0,0.0
1781679315433.9731,-0.001745329238474369,0.0,0.0
1781679315438.982,0.0,-0.001745329238474369,0.0
1781679315443.991,-0.003490658476948738,0.0,0.0
1781679315449.0,-0.001745329238474369,0.0,0.0
1781679315454.009,0.0,0.0,0.0
1781679315459.0178,-0.005235987715423107,-0.005235987715423107,0.0
1781679315464.0269,-0.001745329238474369,0.0,0.0
1781679315469.036,-0.001745329238474369,0.0,-0.005235987715423107
1781679315474.0437,-0.005235987715423107,0.0,0.0
1781679315479.0537,0.0,-0.001745329238474369,0.0
1781679315484.0618,0.0,0.0,-0.001745329238474369
1781679315489.0708,0.0,-0.001745329238474369,0.0
1781679315494.0796,-0.001745329238474369,-0.005235987715423107,-0.003490658476948738
1781679315499.0886,0.0,0.0,0.0
1781679315504.0977,-0.001745329238474369,0.0,-0.001745329238474369
1781679315509.1064,0.0,0.0,0.0
1781679315514.1155,-0.001745329238474369,0.001745329238474369,0.001745329238474369
1781679315519.1245,0.0,-0.003490658476948738,0.0
1781679315524.1335,-0.003490658476948738,0.0,-0.001745329238474369
1781679315529.1423,0.0,0.0,-0.003490658476948738
1781679315534.1504,0.0,-0.001745329238474369,0.0
1781679315539.1604,-0.001745329238474369,0.0,0.001745329238474369
1781679315544.1694,-0.0,-0.005235987715423107,0.001745329238474369
1781679315549.1772,-0.001745329238474369,-0.005235987715423107,0.001745329238474369
1781679315554.1863,0.0,0.0,0.0
1781679315559.1953,0.0,0.001745329238474369,0.0
1781679315564.204,-0.001745329238474369,-0.001745329238474369,0.0
1781679315569.2131,-0.003490658476948738,-0.001745329238474369,0.0
1781679315574.2222,-0.001745329238474369,0.005235987715423107,-0.001745329238474369
1781679315579.2312,-0.0,-0.001745329238474369,0.001745329238474369
1781679315584.24,-0.005235987715423107,0.0,0.001745329238474369
1781679315589.249,0.0,0.0,0.001745329238474369
1781679315594.258,0.0,0.001745329238474369,0.0
1781679315599.266,-0.003490658476948738,0.003490658476948738,0.0
1781679315604.276,0.0,0.001745329238474369,-0.003490658476948738
1781679315609.284,-0.001745329238474369,-0.003490658476948738,-0.001745329238474369
1781679315614.293,-0.001745329238474369,0.0,0.0
1781679315619.3018,-0.0,-0.001745329238474369,0.005235987715423107
1781679315624.3108,-0.001745329238474369,0.001745329238474369,0.0
1781679315629.3198,-0.001745329238474369,0.001745329238474369,0.0
1781679315634.3289,-0.001745329238474369,0.0,0.001745329238474369
1781679315639.3376,0.0,-0.003490658476948738,-0.005235987715423107
1781679315644.3462,0.0,-0.001745329238474369,0.0
1781679315649.3547,0.0,0.0,0.0
1781679315654.3633,0.0,-0.005235987715423107,0.0
1781679315659.3718,-0.001745329238474369,0.0,0.0
1781679315664.3804,-0.003490658476948738,0.0,0.0
1781679315669.388,0.0,-0.001745329238474369,0.0
1781679315674.3965,-0.001745329238474369,-0.003490658476948738,-0.001745329238474369
1781679315679.405,0.0,0.0,0.0
1781679315684.4136,-0.001745329238474369,-0.001745329238474369,0.0
1781679315689.422,-0.001745329238474369,0.001745329238474369,-0.001745329238474369
1781679315694.4307,-0.001745329238474369,0.0,0.0
1781679315699.4392,-0.001745329238474369,0.0,0.0
1781679315704.4478,0.0,0.001745329238474369,-0.001745329238474369
1781679315709.4563,0.0,0.0,0.003490658476948738
1781679315714.4648,-0.001745329238474369,0.0,0.0
1781679315719.4734,0.0,0.003490658476948738,0.0
1781679315724.482,0.0,0.001745329238474369,0.001745329238474369
1781679315729.4895,0.0,0.0,0.0
1781679315734.498,-0.001745329238474369,0.0,-0.001745329238474369
1781679315739.5076,0.0,0.0,0.0
1781679315744.5151,-0.005235987715423107,0.001745329238474369,0.0
1781679315749.5237,0.0,0.0,0.0
1781679315754.5322,0.0,0.0,0.0
1781679315759.5408,-0.003490658476948738,0.0,0.0
1781679315764.5493,-0.001745329238474369,0.0,-0.001745329238474369
1781679315769.5579,-0.001745329238474369,0.0,0.0
1781679315774.5664,0.0,0.0,0.0
1781679315779.575,-0.001745329238474369,0.0,0.0
1781679315784.5835,-0.001745329238474369,0.0,0.0
1781679315789.591,0.0,0.0,0.0
1781679315794.5996,0.0,0.0,0.003490658476948738
1781679315799.6082,-0.001745329238474369,0.0,-0.001745329238474369
1781679315804.6167,0.0,-0.001745329238474369,0.0
1781679315809.6252,-0.001745329238474369,0.0,-0.001745329238474369
1781679315814.6338,-0.001745329238474369,0.0,0.0
1781679315819.6423,0.0,-0.001745329238474369,0.0
1781679315824.651,-0.005235987715423107,-0.001745329238474369,0.0
1781679315829.6594,0.0,-0.001745329238474369,0.0
1781679315834.668,-0.003490658476948738,0.0,0.0
1781679315839.6765,0.0,-0.005235987715423107,-0.001745329238474369
1781679315844.685,-0.003490658476948738,0.0,0.0
1781679315849.6926,0.0,0.0,0.001745329238474369
1781679315854.7012,-0.001745329238474369,0.001745329238474369,-0.003490658476948738
1781679315859.7107,0.0,0.003490658476948738,0.001745329238474369
1781679315864.7183,0.0,-0.001745329238474369,-0.001745329238474369
1781679315869.7268,-0.001745329238474369,0.0,0.0
1781679315874.7354,-0.001745329238474369,0.001745329238474369,0.0
1781679315879.744,0.0,0.001745329238474369,0.0
1781679315884.7524,-0.005235987715423107,0.0,0.0
1781679315889.761,0.001745329238474369,-0.001745329238474369,0.001745329238474369
1781679315894.7695,-0.001745329238474369,0.001745329238474369,-0.001745329238474369
1781679315899.778,0.0,0.0,0.001745329238474369
1781679315904.7866,0.0,0.0,-0.001745329238474369
1781679315909.7952,-0.001745329238474369,0.0,0.001745329238474369
1781679315914.8037,0.0,0.003490658476948738,0.0
1781679315919.8113,0.0,0.0,0.0
1781679315924.8198,-0.003490658476948738,0.0,0.003490658476948738
1781679315929.8284,-0.001745329238474369,0.0,-0.001745329238474369
1781679315934.837,0.0,-0.001745329238474369,0.0
1781679315939.8455,0.0,0.0,0.0
1781679315944.854,-0.001745329238474369,0.001745329238474369,-0.001745329238474369
1781679315949.8625,0.0,0.003490658476948738,0.001745329238474369
1781679315954.871,0.0,0.0,0.0
1781679315959.8796,0.0,0.0,0.005235987715423107
1781679315964.8882,0.0,0.0,-0.001745329238474369
1781679315969.8967,-0.003490658476948738,0.0,0.001745329238474369
1781679315974.9043,0.0,0.003490658476948738,-0.005235987715423107
1781679315979.9128,-0.001745329238474369,0.0,0.001745329238474369
1781679315984.9214,-0.003490658476948738,-0.003490658476948738,-0.003490658476948738
1781679315989.931,-0.0,-0.001745329238474369,0.001745329238474369
1781679315994.9385,-0.001745329238474369,0.0,-0.001745329238474369
1781679315999.947,-0.003490658476948738,-0.003490658476948738,0.001745329238474369
1781679316004.9556,0.0,0.0,0.0
1781679316009.964,-0.001745329238474369,-0.001745329238474369,0.0
1781679316014.9727,0.0,0.0,0.0
1781679316019.9812,-0.003490658476948738,0.0,0.0
1781679316024.9897,-0.001745329238474369,0.0,-0.001745329238474369
1781679316029.9983,0.0,0.003490658476948738,0.0
1781679316035.0068,0.0,-0.001745329238474369,-0.005235987715423107
1781679316040.0142,-0.001745329238474369,0.0,0.001745329238474369
1781679316045.0227,0.0,0.0,-0.003490658476948738
1781679316050.0312,0.0,0.0,-0.001745329238474369
1781679316055.0398,-0.003490658476948738,-0.005235987715423107,0.0
1781679316060.0483,-0.001745329238474369,-0.001745329238474369,0.0
1781679316065.057,-0.003490658476948738,-0.001745329238474369,0.0
1781679316070.0654,-0.003490658476948738,0.0,0.0
1781679316075.074,0.0,-0.003490658476948738,-0.001745329238474369
1781679316080.0825,-0.0,-0.001745329238474369,0.003490658476948738
1781679316085.091,-0.001745329238474369,0.0,0.0
1781679316090.0996,0.0,-0.003490658476948738,0.0
1781679316095.1082,-0.003490658476948738,0.0,0.001745329238474369
1781679316100.1157,0.0,0.0,-0.003490658476948738
1781679316105.1243,-0.001745329238474369,0.0,-0.001745329238474369
1781679316110.1328,0.0,0.0,0.0
1781679316115.1414,-0.001745329238474369,-0.003490658476948738,0.0
1781679316120.15,0.0,-0.003490658476948738,0.0
1781679316125.1584,0.0,-0.005235987715423107,-0.001745329238474369
1781679316130.167,-0.001745329238474369,0.0,0.0
1781679316135.1755,-0.001745329238474369,-0.001745329238474369,-0.001745329238474369
1781679316140.184,0.0,0.0,0.001745329238474369
1781679316145.1926,-0.003490658476948738,0.0,0.0
1781679316150.2012,0.0,0.0,0.001745329238474369
1781679316155.2097,0.0,0.0,-0.005235987715423107
1781679316160.2183,-0.005235987715423107,-0.001745329238474369,0.0
1781679316165.2268,-0.003490658476948738,0.0,0.0
1781679316170.2344,0.0,0.0,-0.001745329238474369
1781679316175.243,0.0,0.0,0.0
1781679316180.2515,-0.001745329238474369,-0.003490658476948738,-0.001745329238474369
1781679316185.26,0.0,-0.001745329238474369,0.0
1781679316190.2686,0.0,0.0,-0.001745329238474369
1781679316195.277,-0.003490658476948738,0.001745329238474369,0.001745329238474369
1781679316200.2856,-0.0,-0.003490658476948738,0.003490658476948738
1781679316205.2942,-0.001745329238474369,0.001745329238474369,0.001745329238474369
1781679316210.3027,-0.001745329238474369,0.001745329238474369,0.003490658476948738
1781679316215.311,0.0,0.001745329238474369,0.0
1781679316220.3196,-0.003490658476948738,-0.001745329238474369,0.0
1781679316225.3281,-0.005235987715423107,-0.001745329238474369,0.0
1781679316230.3357,-0.003490658476948738,0.001745329238474369,0.0
1781679316235.3442,0.0,0.001745329238474369,0.005235987715423107
1781679316240.3528,-0.001745329238474369,0.001745329238474369,0.0
1781679316245.3613,0.0,0.003490658476948738,-0.001745329238474369
1781679316250.3699,0.0,0.0,0.001745329238474369
1781679316255.3784,-0.001745329238474369,0.0,-0.001745329238474369
1781679316260.387,0.0,-0.001745329238474369,0.0
1781679316265.3955,0.0,-0.001745329238474369,0.0
1781679316270.404,0.0,0.0,0.001745329238474369
1781679316275.4126,-0.003490658476948738,-0.003490658476948738,-0.001745329238474369
1781679316280.4211,-0.003490658476948738,0.0,-0.001745329238474369
1781679316285.4297,0.0,0.0,0.0
1781679316290.4373,0.0,0.0,-0.003490658476948738
1781679316295.4468,-0.001745329238474369,-0.003490658476948738,0.003490658476948738
1781679316300.4543,0.0,0.003490658476948738,-0.001745329238474369
1781679316305.463,0.0,0.001745329238474369,-0.001745329238474369
1781679316310.4714,-0.001745329238474369,-0.001745329238474369,0.0
1781679316315.48,0.0,0.0,0.003490658476948738
1781679316320.4885,-0.003490658476948738,-0.001745329238474369,0.001745329238474369
1781679316325.497,-0.001745329238474369,-0.003490658476948738,0.0
1781679316330.5056,-0.003490658476948738,-0.001745329238474369,-0.001745329238474369
1781679316335.514,-0.003490658476948738,0.0,0.0
1781679316340.5225,-0.001745329238474369,0.001745329238474369,0.0
1781679316345.531,0.0,0.0,0.001745329238474369
1781679316350.5396,-0.003490658476948738,0.0,0.0
1781679316355.548,-0.001745329238474369,0.0,0.0
1781679316360.5557,0.0,0.0,0.0
1781679316365.5652,0.0,0.003490658476948738,0.0
1781679316370.5728,-0.001745329238474369,0.003490658476948738,-0.001745329238474369
1781679316375.5813,0.0,0.0,0.0
1781679316380.5898,0.0,0.0,0.0
1781679316385.5984,0.0,0.0,0.0
1781679316390.607,-0.003490658476948738,0.003490658476948738,-0.001745329238474369
1781679316395.6155,-0.001745329238474369,0.001745329238474369,-0.001745329238474369
1781679316400.624,-0.003490658476948738,0.0,0.0
1781679316405.6326,-0.001745329238474369,0.0,0.0
1781679316410.641,0.0,0.003490658476948738,-0.003490658476948738
1781679316415.6497,-0.001745329238474369,0.0,0.0
1781679316420.6582,-0.001745329238474369,-0.003490658476948738,0.0
1781679316425.6667,0.0,0.001745329238474369,0.0
1781679316430.6743,-0.001745329238474369,0.0,0.0
1781679316435.6826,0.0,0.0,0.0
1781679316440.6912,0.0,0.0,0.003490658476948738
1781679316445.6997,0.0,0.0,0.0
1781679316450.7083,-0.003490658476948738,0.001745329238474369,0.0
1781679316455.7168,-0.003490658476948738,-0.003490658476948738,0.0
1781679316460.7253,-0.003490658476948738,0.0,-0.001745329238474369
1781679316465.734,-0.0,-0.003490658476948738,0.001745329238474369
1781679316470.7424,-0.001745329238474369,-0.003490658476948738,-0.001745329238474369
1781679316475.751,-0.001745329238474369,0.0,0.0
1781679316480.7585,0.0,0.0,-0.001745329238474369
1781679316485.768,-0.003490658476948738,-0.001745329238474369,0.0
1781679316490.7766,0.0,0.0,0.001745329238474369
1781679316495.7842,0.0,-0.005235987715423107,0.0
1781679316500.7927,-0.001745329238474369,0.0,-0.001745329238474369
1781679316505.8013,0.0,-0.001745329238474369,0.0
1781679316510.8098,0.0,0.0,-0.001745329238474369
1781679316515.8184,-0.003490658476948738,0.0,0.0
1781679316520.827,-0.001745329238474369,-0.001745329238474369,0.0
1781679316525.8354,-0.003490658476948738,0.001745329238474369,0.0
1781679316530.844,0.0,0.0,0.0
1781679316535.8523,-0.003490658476948738,0.001745329238474369,0.0
1781679316540.8608,0.0,-0.003490658476948738,0.0
1781679316545.8694,0.0,0.001745329238474369,0.001745329238474369
1781679316550.877,-0.003490658476948738,0.003490658476948738,0.0
1781679316555.8865,0.0,0.0,0.0
1781679316560.894,-0.001745329238474369,0.0,-0.001745329238474369
1781679316565.9026,-0.003490658476948738,0.0,0.0
1781679316570.9111,0.0,0.0,-0.003490658476948738
1781679316575.9197,0.0,0.0,-0.001745329238474369
1781679316580.9282,-0.001745329238474369,0.001745329238474369,0.001745329238474369
1781679316585.9368,-0.001745329238474369,0.001745329238474369,0.0
1781679316590.9453,0.0,0.0,0.0
1781679316595.9539,0.0,-0.003490658476948738,0.0
1781679316600.9624,0.0,0.0,-0.005235987715423107
1781679316605.971,0.0,0.0,0.0
1781679316610.9795,-0.001745329238474369,0.0,0.0
1781679316615.988,-0.001745329238474369,0.005235987715423107,0.0
1781679316620.9954,0.0,0.001745329238474369,0.003490658476948738
1781679316626.004,0.0,0.0,-0.003490658476948738
1781679316631.0125,0.0,0.001745329238474369,0.0
1781679316636.021,0.0,0.0,0.001745329238474369
1781679316641.0295,0.0,-0.003490658476948738,0.0
1781679316646.038,-0.001745329238474369,0.0,0.0
1781679316651.0466,-0.001745329238474369,0.0,0.003490658476948738
1781679316656.0552,0.0,0.0,0.001745329238474369
1781679316661.0637,0.0,0.0,-0.001745329238474369
1781679316666.0725,0.0,0.0,0.0
1781679316671.081,0.0,-0.001745329238474369,0.0
1781679316676.0896,0.0,-0.003490658476948738,0.0
1781679316681.0981,-0.001745329238474369,0.0,0.0
1781679316686.1057,0.0,0.003490658476948738,0.0
1781679316691.1143,-0.001745329238474369,0.0,0.0
1781679316696.1228,0.0,-0.001745329238474369,-0.001745329238474369
1781679316701.1313,0.0,0.005235987715423107,0.0
1781679316706.14,-0.003490658476948738,0.0,-0.001745329238474369
1781679316711.1484,-0.001745329238474369,0.0,0.0
1781679316716.157,-0.001745329238474369,0.0,0.001745329238474369
1781679316721.1658,-0.005235987715423107,-0.003490658476948738,0.0
1781679316726.1743,-0.001745329238474369,0.0,0.0
1781679316731.1829,0.0,0.0,0.0
1781679316736.1914,-0.001745329238474369,-0.003490658476948738,0.003490658476948738
1781679316741.2,0.0,0.0,0.001745329238474369
1781679316746.2085,-0.003490658476948738,0.003490658476948738,-0.003490658476948738
1781679316751.216,-0.001745329238474369,0.0,0.0
1781679316756.2246,-0.001745329238474369,0.0,0.0
1781679316761.2332,0.0,0.0,-0.001745329238474369
1781679316766.2417,-0.003490658476948738,0.001745329238474369,0.003490658476948738
1781679316771.2502,-0.001745329238474369,-0.001745329238474369,-0.005235987715423107
1781679316776.2588,0.0,-0.005235987715423107,0.0
1781679316781.2673,-0.001745329238474369,0.0,0.001745329238474369
1781679316786.2761,-0.001745329238474369,0.0,0.0
1781679316791.2847,-0.003490658476948738,0.001745329238474369,0.001745329238474369
1781679316796.2932,0.0,0.0,0.0
1781679316801.3018,0.0,0.0,0.0
1781679316806.3103,-0.001745329238474369,0.001745329238474369,0.0
1781679316811.3188,0.0,-0.001745329238474369,0.0
1781679316816.3264,0.0,0.0,0.0
1781679316821.335,0.0,-0.006981316953897476,-0.001745329238474369
1781679316826.3435,0.0,0.001745329238474369,0.0
1781679316831.352,-0.003490658476948738,0.0,0.0
1781679316836.3606,-0.003490658476948738,0.0,0.0
1781679316841.3691,0.0,0.0,-0.001745329238474369
1781679316846.378,-0.003490658476948738,0.0,0.0
1781679316851.3865,0.0,0.005235987715423107,0.001745329238474369
1781679316856.395,-0.003490658476948738,0.0,0.001745329238474369
1781679316861.4036,0.0,0.0,0.0
1781679316866.412,-0.001745329238474369,0.001745329238474369,0.003490658476948738
1781679316871.4207,0.0,0.0,0.0
1781679316876.4292,-0.001745329238474369,-0.005235987715423107,0.0
1781679316881.4368,-0.003490658476948738,0.0,-0.001745329238474369
1781679316886.4453,-0.001745329238474369,0.003490658476948738,0.0
1781679316891.4539,0.0,0.001745329238474369,0.0
1781679316896.4624,0.0,0.0,0.001745329238474369
1781679316901.471,-0.003490658476948738,0.0,0.0
1781679316906.4795,0.0,0.0,0.0
1781679316911.4883,0.0,0.0,0.0
1781679316916.4968,-0.003490658476948738,-0.006981316953897476,0.0
1781679316921.5054,0.0,0.0,0.0
1781679316926.514,-0.005235987715423107,-0.001745329238474369,0.0
1781679316931.5225,-0.003490658476948738,-0.003490658476948738,0.0
1781679316936.531,0.0,0.003490658476948738,0.0
1781679316941.5396,0.0,0.001745329238474369,0.0
1781679316946.547,-0.003490658476948738,-0.005235987715423107,-0.001745329238474369
1781679316951.5557,0.0,0.001745329238474369,0.0
1781679316956.5642,0.0,0.0,-0.001745329238474369
1781679316961.5728,-0.005235987715423107,0.001745329238474369,0.0
1781679316966.5813,0.001745329238474369,0.003490658476948738,0.0
1781679316971.5898,0.001745329238474369,0.003490658476948738,-0.001745329238474369
1781679316976.5984,-0.001745329238474369,0.0,0.001745329238474369
1781679316981.6072,0.0,-0.001745329238474369,0.0
1781679316986.6157,-0.003490658476948738,0.0,0.0
1781679316991.6243,-0.003490658476948738,0.0,0.0
1781679316996.6328,-0.003490658476948738,0.0,0.0
1781679317001.6414,0.0,0.0,-0.001745329238474369
1781679317006.65,-0.001745329238474369,0.0,0.0
1781679317011.6575,0.0,0.0,0.0
1781679317016.666,0.0,0.005235987715423107,-0.005235987715423107
1781679317021.6746,-0.001745329238474369,0.001745329238474369,0.0
1781679317026.683,-0.001745329238474369,-0.005235987715423107,-0.001745329238474369
1781679317031.6917,-0.001745329238474369,-0.001745329238474369,-0.001745329238474369
1781679317036.7002,0.0,0.001745329238474369,0.001745329238474369
1781679317041.7087,-0.001745329238474369,0.0,0.0
1781679317046.7173,0.0,0.0,0.0
1781679317051.726,-0.001745329238474369,0.001745329238474369,-0.001745329238474369
1781679317056.7346,0.0,0.0,0.0
1781679317061.7432,0.0,0.0,0.001745329238474369
1781679317066.7517,0.0,-0.003490658476948738,0.0
1781679317071.7603,-0.001745329238474369,0.0,0.0
1781679317076.7678,0.0,0.001745329238474369,0.0
1781679317081.7764,0.0,0.003490658476948738,0.001745329238474369
1781679317086.785,0.0,0.0,0.0
1781679317091.7935,-0.001745329238474369,0.0,-0.001745329238474369
1781679317096.802,0.0,0.0,0.001745329238474369
1781679317101.8105,0.0,0.001745329238474369,0.0
1781679317106.819,-0.003490658476948738,-0.003490658476948738,0.003490658476948738
1781679317111.8276,0.0,-0.001745329238474369,-0.001745329238474369
1781679317116.8362,-0.001745329238474369,0.0,0.0
1781679317121.8447,-0.001745329238474369,-0.005235987715423107,0.0
1781679317126.8535,0.0,0.0,0.0
1781679317131.862,0.0,0.0,0.0
1781679317136.8706,0.0,0.0,0.0
1781679317141.8792,-0.005235987715423107,0.0,0.0
1781679317146.8867,-0.001745329238474369,0.0,0.0
1781679317151.8953,0.0,0.0,0.0
1781679317156.9038,0.0,0.001745329238474369,0.0
1781679317161.9124,-0.003490658476948738,-0.003490658476948738,-0.003490658476948738
1781679317166.921,0.0,0.0,-0.001745329238474369
1781679317171.9294,0.0,-0.003490658476948738,0.0
1781679317176.938,-0.003490658476948738,0.001745329238474369,0.0
1781679317181.9465,-0.005235987715423107,0.005235987715423107,0.0
1781679317186.955,-0.003490658476948738,0.0,-0.005235987715423107
1781679317191.9636,0.0,-0.001745329238474369,-0.001745329238474369
1781679317196.9722,-0.001745329238474369,0.005235987715423107,0.0
1781679317201.981,-0.001745329238474369,0.001745329238474369,-0.005235987715423107
1781679317206.9883,-0.001745329238474369,0.001745329238474369,0.0
1781679317211.997,0.0,-0.001745329238474369,-0.001745329238474369
1781679317217.0056,-0.001745329238474369,0.0,0.0
1781679317222.0142,-0.001745329238474369,0.0,0.0
1781679317227.0227,0.0,0.0,0.0
1781679317232.0312,0.0,0.001745329238474369,0.0
1781679317237.0398,0.0,0.0,-0.001745329238474369
1781679317242.0483,0.0,0.003490658476948738,0.001745329238474369
1781679317247.057,0.0,-0.001745329238474369,0.0
1781679317252.0654,-0.001745329238474369,-0.001745329238474369,-0.001745329238474369
1781679317257.074,-0.003490658476948738,-0.003490658476948738,0.0
1781679317262.0825,0.0,0.0,0.0
1781679317267.091,-0.001745329238474369,0.001745329238474369,0.0
1781679317272.0986,0.0,-0.001745329238474369,0.0
1781679317277.1082,0.0,0.0,-0.001745329238474369
1781679317282.1157,-0.001745329238474369,0.0,-0.005235987715423107
1781679317287.1243,0.0,-0.003490658476948738,0.0
1781679317292.1328,-0.0,-0.003490658476948738,0.001745329238474369
1781679317297.1416,-0.005235987715423107,0.0,0.0
1781679317302.1501,0.0,0.001745329238474369,0.0
1781679317307.1587,0.0,0.0,-0.003490658476948738
1781679317312.1672,0.0,0.0,0.001745329238474369
1781679317317.1758,0.0,0.0,-0.003490658476948738
1781679317322.1843,0.0,0.0,0.0
1781679317327.1929,0.0,0.0,0.0
1781679317332.2014,-0.003490658476948738,0.0,0.0
1781679317337.209,-0.005235987715423107,0.0,0.0
1781679317342.2175,-0.001745329238474369,0.0,0.0
1781679317347.226,0.001745329238474369,0.0,0.0
1781679317352.2346,-0.001745329238474369,-0.006981316953897476,0.0
1781679317357.2432,0.0,0.0,-0.003490658476948738
1781679317362.2517,-0.001745329238474369,0.0,0.001745329238474369
1781679317367.2603,0.0,0.0,0.0
1781679317372.2688,-0.0,-0.003490658476948738,0.001745329238474369
1781679317377.2773,-0.001745329238474369,0.001745329238474369,0.0
1781679317382.286,-0.001745329238474369,0.0,0.0
1781679317387.2947,0.0,0.0,-0.001745329238474369
1781679317392.3032,-0.003490658476948738,0.0,0.001745329238474369
1781679317397.3118,-0.003490658476948738,0.0,0.0
1781679317402.3193,0.0,-0.003490658476948738,0.0
1781679317407.328,0.0,-0.003490658476948738,0.0
1781679317412.3364,0.0,0.0,0.0
1781679317417.345,-0.001745329238474369,0.0,0.0
1781679317422.3535,0.0,-0.001745329238474369,0.0
1781679317427.362,-0.003490658476948738,0.001745329238474369,0.0
1781679317432.3706,-0.003490658476948738,-0.001745329238474369,0.0
1781679317437.3792,0.0,0.001745329238474369,-0.001745329238474369
1781679317442.3877,-0.001745329238474369,0.0,0.0
1781679317447.3962,-0.001745329238474369,0.0,0.0
1781679317452.4048,0.0,-0.001745329238474369,0.0
1781679317457.4133,0.0,0.001745329238474369,0.0
1781679317462.4219,0.0,-0.005235987715423107,0.0
1781679317467.4294,0.0,-0.003490658476948738,-0.001745329238474369
1781679317472.439,-0.0,-0.003490658476948738,0.001745329238474369
1781679317477.4465,0.0,0.0,-0.001745329238474369
1781679317482.455,-0.001745329238474369,0.0,0.0
1781679317487.4636,-0.003490658476948738,0.0,0.001745329238474369
1781679317492.4724,0.0,0.0,0.0
1781679317497.481,-0.003490658476948738,0.003490658476948738,-0.001745329238474369
1781679317502.4895,0.0,0.0,0.0
1781679317507.498,0.0,0.0,0.001745329238474369
1781679317512.5066,0.0,0.003490658476948738,-0.001745329238474369
1781679317517.5151,0.0,0.001745329238474369,0.0
1781679317522.5237,-0.001745329238474369,0.0,0.003490658476948738
1781679317527.5322,0.0,0.0,0.0
1781679317532.5398,-0.005235987715423107,-0.003490658476948738,0.0
1781679317537.5493,0.0,-0.001745329238474369,0.0
1781679317542.557,-0.001745329238474369,0.001745329238474369,0.0
1781679317547.5654,0.0,0.0,0.0
1781679317552.574,0.0,0.0,-0.001745329238474369
1781679317557.5825,-0.003490658476948738,-0.001745329238474369,0.001745329238474369
1781679317562.591,0.0,0.0,0.0
1781679317567.5996,-0.001745329238474369,-0.005235987715423107,0.0
1781679317572.6082,0.0,0.0,0.0
1781679317577.6167,-0.001745329238474369,0.001745329238474369,-0.001745329238474369
1781679317582.6252,-0.003490658476948738,0.001745329238474369,0.003490658476948738
1781679317587.6338,-0.001745329238474369,0.0,0.0
1781679317592.6423,0.0,0.0,0.0
1781679317597.651,0.0,0.0,0.0
1781679317602.6584,0.0,0.0,0.0
1781679317607.667,0.0,-0.001745329238474369,-0.001745329238474369
1781679317612.6758,-0.005235987715423107,0.0,0.0
1781679317617.6843,0.0,0.0,0.0
1781679317622.6929,-0.003490658476948738,0.003490658476948738,0.0
1781679317627.7014,-0.001745329238474369,0.0,0.0
1781679317632.71,-0.001745329238474369,0.0,0.0
1781679317637.7185,-0.001745329238474369,0.0,-0.003490658476948738
1781679317642.727,-0.0,-0.001745329238474369,0.003490658476948738
1781679317647.7356,0.0,0.0,0.0
1781679317652.7441,-0.003490658476948738,0.0,-0.003490658476948738
1781679317657.7527,0.0,-0.003490658476948738,0.0
1781679317662.76,-0.001745329238474369,0.0,-0.001745329238474369
1781679317667.7695,0.0,0.001745329238474369,0.0
1781679317672.777,-0.001745329238474369,0.005235987715423107,-0.001745329238474369
1781679317677.7856,-0.003490658476948738,0.0,-0.003490658476948738
1781679317682.794,-0.001745329238474369,-0.005235987715423107,0.0
1781679317687.8025,-0.001745329238474369,-0.001745329238474369,0.0
1781679317692.811,-0.001745329238474369,0.0,0.0
1781679317697.8196,-0.0,-0.003490658476948738,0.001745329238474369
1781679317702.828,-0.001745329238474369,0.001745329238474369,-0.003490658476948738
1781679317707.8364,0.0,0.0,0.0
1781679317712.845,0.0,-0.003490658476948738,0.0
1781679317717.8535,0.0,0.0,-0.001745329238474369
1781679317722.8618,0.0,0.001745329238474369,0.0
1781679317727.8694,0.0,0.001745329238474369,-0.001745329238474369
1781679317732.878,0.0,0.0,0.0
1781679317737.8865,-0.003490658476948738,-0.003490658476948738,0.001745329238474369
1781679317742.8948,0.0,-0.003490658476948738,-0.003490658476948738
1781679317747.9033,-0.001745329238474369,0.003490658476948738,0.003490658476948738
1781679317752.9119,0.0,0.0,-0.001745329238474369
1781679317757.9204,0.0,0.0,0.001745329238474369
1781679317762.9287,0.0,0.0,0.003490658476948738
1781679317767.9373,-0.001745329238474369,0.0,-0.001745329238474369
1781679317772.9458,-0.001745329238474369,0.0,0.001745329238474369
1781679317777.9543,0.0,0.0,0.0
1781679317782.9626,-0.003490658476948738,0.0,0.0
1781679317787.9712,0.0,0.0,0.001745329238474369
1781679317792.9797,0.0,0.001745329238474369,0.0
1781679317797.9883,0.0,0.0,0.0
1781679317802.9968,0.0,-0.001745329238474369,0.0
1781679317808.0042,0.0,0.0,-0.001745329238474369
1781679317813.0127,-0.001745329238474369,0.0,0.0
1781679317818.0212,0.0,0.0,0.0
1781679317823.0295,0.0,-0.003490658476948738,0.0
1781679317828.038,-0.001745329238474369,0.0,0.0
1781679317833.0466,-0.003490658476948738,0.0,0.0
1781679317838.0552,-0.001745329238474369,-0.001745329238474369,-0.005235987715423107
1781679317843.0635,-0.003490658476948738,-0.003490658476948738,0.003490658476948738
1781679317848.072,-0.001745329238474369,-0.001745329238474369,0.0
1781679317853.0806,-0.001745329238474369,0.005235987715423107,0.0
1781679317858.089,-0.001745329238474369,0.001745329238474369,0.0
1781679317863.0974,0.0,0.0,0.001745329238474369
1781679317868.105,0.0,0.0,0.0
1781679317873.1135,0.0,0.0,-0.001745329238474369
1781679317878.122,0.0,0.0,0.0
1781679317883.1304,0.001745329238474369,0.0,-0.003490658476948738
1781679317888.139,0.0,-0.001745329238474369,0.0
1781679317893.1475,0.0,0.003490658476948738,0.0
1781679317898.156,0.0,0.001745329238474369,0.0
1781679317903.1643,0.0,-0.001745329238474369,0.0
1781679317908.1729,-0.001745329238474369,-0.001745329238474369,-0.003490658476948738
1781679317913.1814,-0.001745329238474369,-0.003490658476948738,0.0
1781679317918.19,0.0,0.0,0.0
1781679317923.1973,-0.001745329238474369,0.0,0.0
1781679317928.2068,0.0,0.0,-0.001745329238474369
1781679317933.2153,-0.003490658476948738,-0.001745329238474369,-0.003490658476948738
1781679317938.2227,0.0,0.001745329238474369,0.001745329238474369
1781679317943.2312,-0.0,-0.005235987715423107,0.001745329238474369
1781679317948.2397,-0.001745329238474369,0.0,0.0
1781679317953.2483,-0.001745329238474369,0.0,0.0
1781679317958.2566,-0.001745329238474369,0.003490658476948738,0.0
1781679317963.2651,0.0,0.0,-0.001745329238474369
1781679317968.2737,-0.001745329238474369,-0.005235987715423107,0.0
1781679317973.2822,0.0,0.001745329238474369,0.0
1781679317978.2905,0.0,-0.003490658476948738,0.0
1781679317983.299,0.0,0.0,0.0
1781679317988.3076,-0.001745329238474369,-0.003490658476948738,0.001745329238474369
1781679317993.3162,0.0,-0.003490658476948738,-0.001745329238474369
1781679317998.3235,-0.001745329238474369,0.0,0.0
1781679318003.332,0.0,-0.001745329238474369,-0.003490658476948738
1781679318008.3406,-0.001745329238474369,0.0,0.0
1781679318013.3489,-0.001745329238474369,0.0,0.0
1781679318018.3574,0.0,0.0,0.003490658476948738
1781679318023.366,-0.001745329238474369,0.001745329238474369,0.0
1781679318028.3745,0.0,0.0,-0.001745329238474369
1781679318033.3828,-0.001745329238474369,0.001745329238474369,0.0
1781679318038.3914,0.0,-0.001745329238474369,0.0
1781679318043.4,-0.003490658476948738,0.0,0.0
1781679318048.4082,0.0,0.0,0.0
1781679318053.4167,0.0,0.0,-0.001745329238474369
1781679318058.4253,0.0,0.001745329238474369,0.001745329238474369
1781679318063.4329,-0.001745329238474369,0.0,0.0
1781679318068.4412,-0.001745329238474369,0.003490658476948738,0.0
1781679318073.4497,0.0,0.001745329238474369,0.0
1781679318078.4583,0.0,-0.001745329238474369,-0.001745329238474369
1781679318083.4666,-0.001745329238474369,0.001745329238474369,0.001745329238474369
1781679318088.475,-0.003490658476948738,-0.001745329238474369,0.0
1781679318093.4836,0.0,0.0,-0.001745329238474369
1781679318098.4922,0.0,0.0,0.0
1781679318103.5005,0.0,0.0,0.0
1781679318108.509,0.0,0.003490658476948738,0.0
1781679318113.5176,0.0,-0.001745329238474369,-0.001745329238474369
1781679318118.526,-0.005235987715423107,-0.001745329238474369,0.005235987715423107
1781679318123.5344,0.0,0.0,0.0
1781679318128.543,-0.001745329238474369,-0.001745329238474369,0.0
1781679318133.5515,0.0,0.0,0.001745329238474369
1781679318138.5588,0.0,-0.001745329238474369,0.0
1781679318143.5674,-0.001745329238474369,0.0,0.0
1781679318148.576,-0.001745329238474369,0.0,-0.001745329238474369
1781679318153.5842,0.0,0.0,0.0
1781679318158.5928,0.001745329238474369,0.0,0.001745329238474369
1781679318163.6013,-0.003490658476948738,0.0,0.0
1781679318168.6096,0.0,0.0,-0.001745329238474369
1781679318173.6182,-0.001745329238474369,0.0,0.0
1781679318178.6267,0.0,0.0,0.0
1781679318183.6353,-0.005235987715423107,0.0,0.003490658476948738
1781679318188.6436,0.0,-0.001745329238474369,0.0
1781679318193.652,-0.001745329238474369,0.0,0.0
1781679318198.6597,-0.005235987715423107,0.0,-0.003490658476948738
1781679318203.668,-0.001745329238474369,0.0,0.0
1781679318208.6765,0.0,-0.001745329238474369,0.0
1781679318213.685,-0.001745329238474369,0.0,0.0
1781679318218.6934,0.0,0.0,0.0
1781679318223.702,0.0,0.0,0.0
1781679318228.7104,-0.003490658476948738,-0.001745329238474369,0.0
1781679318233.719,-0.001745329238474369,0.0,0.0
1781679318238.7273,-0.006981316953897476,0.0,0.0
1781679318243.7358,0.0,-0.001745329238474369,0.0
1781679318248.7444,0.0,0.001745329238474369,-0.001745329238474369
1781679318253.7527,0.0,0.003490658476948738,0.0
1781679318258.7612,-0.001745329238474369,0.0,0.001745329238474369
1781679318263.7698,-0.001745329238474369,0.0,-0.005235987715423107
1781679318268.777,-0.003490658476948738,0.0,0.0
1781679318273.7856,0.0,0.0,-0.001745329238474369
1781679318278.7942,0.0,0.001745329238474369,0.0
1781679318283.8025,-0.001745329238474369,0.0,0.0
1781679318288.811,0.0,0.0,0.0
1781679318293.8196,0.0,-0.001745329238474369,0.0
1781679318298.8281,0.0,-0.003490658476948738,0.0
1781679318303.8364,0.0,0.0,-0.001745329238474369
1781679318308.845,0.0,0.0,0.0
1781679318313.8535,0.0,0.0,0.001745329238474369
1781679318318.8618,-0.001745329238474369,0.003490658476948738,0.0
1781679318323.8694,0.0,0.0,-0.001745329238474369
1781679318328.879,0.0,0.0,0.0
1781679318333.8862,-0.0,-0.001745329238474369,0.001745329238474369
1781679318338.8948,-0.001745329238474369,-0.001745329238474369,0.001745329238474369
1781679318343.9033,0.0,0.0,0.003490658476948738
1781679318348.9116,0.0,0.0,0.0
1781679318353.9202,0.0,-0.001745329238474369,-0.001745329238474369
1781679318358.9287,0.0,0.001745329238474369,-0.003490658476948738
1781679318363.937,-0.001745329238474369,0.0,0.0
1781679318368.9456,-0.003490658476948738,0.001745329238474369,-0.001745329238474369
1781679318373.954,0.0,0.0,0.0
1781679318378.9626,-0.001745329238474369,0.001745329238474369,0.0
1781679318383.971,-0.001745329238474369,-0.003490658476948738,0.0
1781679318388.9795,-0.003490658476948738,-0.001745329238474369,0.0
1781679318393.988,0.0,-0.001745329238474369,0.0
1781679318398.9954,-0.001745329238474369,0.0,0.0
1781679318404.004,-0.001745329238474369,0.0,0.0
1781679318409.0125,0.0,0.0,-0.001745329238474369
1781679318414.0208,0.0,0.0,0.001745329238474369
1781679318419.0293,0.0,-0.001745329238474369,0.0
1781679318424.0378,-0.003490658476948738,0.001745329238474369,0.0
1781679318429.0461,0.0,0.0,0.0
1781679318434.0547,-0.003490658476948738,0.0,0.0
1781679318439.0632,0.0,-0.001745329238474369,0.0
1781679318444.0715,-0.003490658476948738,0.001745329238474369,0.0
1781679318449.08,-0.003490658476948738,0.003490658476948738,0.0
1781679318454.0886,0.0,0.0,0.0
1781679318459.097,0.0,0.001745329238474369,0.0
1781679318464.1045,0.0,0.0,-0.001745329238474369
1781679318469.114,-0.003490658476948738,0.0,0.0
1781679318474.1213,-0.003490658476948738,0.0,-0.003490658476948738
1781679318479.13,0.0,0.0,0.003490658476948738
1781679318484.1384,-0.001745329238474369,0.0,0.0
1781679318489.1467,-0.003490658476948738,-0.001745329238474369,0.0
1781679318494.1553,0.0,-0.003490658476948738,-0.001745329238474369
1781679318499.1638,-0.003490658476948738,0.0,0.0
1781679318504.172,-0.001745329238474369,0.0,0.0
1781679318509.1807,0.0,-0.001745329238474369,0.0
1781679318514.1892,-0.001745329238474369,0.0,0.0
1781679318519.1975,0.0,0.0,-0.001745329238474369
1781679318524.205,0.0,0.0,-0.003490658476948738
1781679318529.2146,-0.001745329238474369,-0.003490658476948738,0.0
1781679318534.223,0.0,0.0,-0.001745329238474369
1781679318539.2305,-0.001745329238474369,0.0,0.0
1781679318544.2388,0.0,0.0,0.0
1781679318549.2473,0.0,0.001745329238474369,0.0
1781679318554.2559,-0.003490658476948738,-0.001745329238474369,0.0
1781679318559.2642,-0.0,-0.001745329238474369,0.003490658476948738
1781679318564.2727,0.0,0.0,0.0
1781679318569.2812,0.0,0.001745329238474369,0.0
1781679318574.2896,-0.001745329238474369,0.0,0.0
1781679318579.298,-0.001745329238474369,0.0,0.0
1781679318584.3066,0.0,0.0,-0.001745329238474369
1781679318589.315,-0.005235987715423107,0.0,0.0
1781679318594.3235,-0.001745329238474369,0.0,0.0
1781679318599.331,0.001745329238474369,0.001745329238474369,0.0
1781679318604.3394,-0.001745329238474369,0.003490658476948738,0.0
1781679318609.348,0.0,0.0,0.0
1781679318614.3564,0.0,0.003490658476948738,-0.001745329238474369
1781679318619.3647,-0.001745329238474369,-0.001745329238474369,0.0
1781679318624.3733,-0.003490658476948738,0.0,0.0
1781679318629.3818,0.0,0.0,0.0
1781679318634.3901,0.0,0.0,0.0
1781679318639.3987,0.0,0.0,-0.001745329238474369
1781679318644.4072,-0.003490658476948738,-0.003490658476948738,0.0
1781679318649.417,0.0,0.006981316953897476,0.0
1781679318654.4258,0.0,0.0,0.0
1781679318659.4343,-0.001745329238474369,0.0,0.0
1781679318664.4429,0.0,-0.001745329238474369,0.0
1781679318669.4507,0.0,0.001745329238474369,0.003490658476948738
1781679318674.4592,-0.001745329238474369,0.001745329238474369,0.0
1781679318679.468,0.0,0.0,0.0
1781679318684.4766,0.0,0.003490658476948738,0.005235987715423107
1781679318689.4854,0.0,0.0,-0.001745329238474369
1781679318694.494,-0.001745329238474369,0.001745329238474369,0.0
1781679318699.5027,0.0,0.0,0.0
1781679318704.5112,-0.001745329238474369,0.0,0.0
1781679318709.52,0.0,-0.001745329238474369,0.0
1781679318714.5286,0.0,0.0,0.001745329238474369
1781679318719.537,-0.003490658476948738,-0.001745329238474369,0.0
1781679318724.546,0.0,0.0,0.0
1781679318729.5544,0.0,0.0,-0.003490658476948738
1781679318734.5632,0.0,0.0,0.0
1781679318739.5718,-0.001745329238474369,0.0,0.0
1781679318744.5796,-0.001745329238474369,0.0,-0.003490658476948738
1781679318749.5881,0.0,0.0,0.001745329238474369
1781679318754.597,0.0,0.0,-0.001745329238474369
1781679318759.6055,0.0,0.003490658476948738,0.0
1781679318764.6143,-0.006981316953897476,-0.001745329238474369,-0.001745329238474369
1781679318769.6228,-0.003490658476948738,0.0,0.005235987715423107
1781679318774.6316,0.0,0.0,0.001745329238474369
1781679318779.6401,0.0,-0.001745329238474369,0.0
1781679318784.6487,0.0,0.0,-0.001745329238474369
1781679318789.6575,0.0,0.0,0.0
1781679318794.666,-0.001745329238474369,0.001745329238474369,0.0
1781679318799.6748,0.0,0.001745329238474369,0.0
1781679318804.6833,0.0,0.0,0.0
1781679318809.6912,0.0,0.0,0.0
1781679318814.6997,0.0,-0.001745329238474369,0.0
1781679318819.7085,-0.003490658476948738,0.0,-0.005235987715423107
1781679318824.717,-0.005235987715423107,-0.005235987715423107,0.0
1781679318829.7258,0.0,0.0,-0.001745329238474369
1781679318834.7344,0.0,0.0,0.0
1781679318839.7432,0.0,0.001745329238474369,0.0
1781679318844.7517,-0.003490658476948738,0.0,-0.001745329238474369
1781679318849.7605,-0.003490658476948738,-0.001745329238474369,0.0
1781679318854.769,-0.001745329238474369,0.0,0.0
1781679318859.7778,0.0,-0.005235987715423107,0.0
1781679318864.7864,0.0,0.0,0.0
1781679318869.794,0.0,0.003490658476948738,0.0
1781679318874.8037,-0.001745329238474369,0.005235987715423107,0.001745329238474369
1781679318879.8113,-0.003490658476948738,-0.003490658476948738,-0.005235987715423107
1781679318884.82,-0.001745329238474369,0.0,-0.001745329238474369
1781679318889.8286,0.0,0.0,0.001745329238474369
1781679318894.8374,-0.003490658476948738,-0.003490658476948738,0.0
1781679318899.846,0.0,0.001745329238474369,-0.001745329238474369
1781679318904.8547,0.0,0.0,0.0
1781679318909.8633,-0.001745329238474369,0.0,0.0
1781679318914.872,-0.001745329238474369,-0.003490658476948738,-0.001745329238474369
1781679318919.8806,-0.001745329238474369,-0.001745329238474369,0.0
1781679318924.8894,-0.001745329238474369,-0.003490658476948738,0.0
1781679318929.898,-0.001745329238474369,-0.001745329238474369,-0.001745329238474369
1781679318934.9067,-0.003490658476948738,0.0,0.001745329238474369
1781679318939.9143,0.0,0.0,0.0
1781679318944.924,0.0,0.0,0.0
1781679318949.9316,-0.001745329238474369,0.0,0.0
1781679318954.9404,-0.005235987715423107,-0.001745329238474369,0.003490658476948738
1781679318959.949,0.0,0.0,-0.001745329238474369
1781679318964.9578,-0.001745329238474369,0.0,0.0
1781679318969.9663,-0.005235987715423107,0.0,0.0
1781679318974.975,0.0,0.0,-0.005235987715423107
1781679318979.9836,-0.001745329238474369,-0.001745329238474369,0.0
1781679318984.9924,-0.0,-0.005235987715423107,0.003490658476948738
1781679318990.001,0.0,-0.001745329238474369,0.0
1781679318995.0098,-0.001745329238474369,0.0,0.0
1781679319000.0183,-0.001745329238474369,0.0,0.0
1781679319005.0261,0.0,0.001745329238474369,0.0
1781679319010.0347,-0.001745329238474369,-0.001745329238474369,0.0
1781679319015.0435,0.0,0.0,0.0
1781679319020.052,0.0,-0.003490658476948738,0.0
1781679319025.0608,-0.005235987715423107,0.0,0.0
1781679319030.0693,-0.001745329238474369,0.0,0.0
1781679319035.0781,-0.001745329238474369,-0.001745329238474369,-0.001745329238474369
1781679319040.0867,0.0,0.0,0.001745329238474369
1781679319045.0955,-0.001745329238474369,0.0,0.0
1781679319050.104,-0.001745329238474369,0.0,-0.003490658476948738
1781679319055.1128,-0.003490658476948738,0.0,0.001745329238474369
1781679319060.1213,-0.003490658476948738,0.0,-0.003490658476948738
1781679319065.1301,0.0,0.003490658476948738,0.0
1781679319070.1387,0.0,0.001745329238474369,0.0
1781679319075.1465,0.0,-0.003490658476948738,0.0
1781679319080.156,0.0,0.0,0.0
1781679319085.1638,0.0,0.0,0.0
1781679319090.1724,0.0,-0.001745329238474369,0.0
1781679319095.1812,-0.001745329238474369,0.0,0.0
1781679319100.1897,0.0,0.003490658476948738,0.0
1781679319105.1985,0.0,0.0,0.0
1781679319110.207,0.0,0.001745329238474369,0.0
1781679319115.2158,0.0,0.001745329238474369,-0.005235987715423107
1781679319120.2244,0.0,0.0,0.001745329238474369
1781679319125.2332,-0.003490658476948738,0.0,0.0
1781679319130.242,0.001745329238474369,0.0,0.001745329238474369
1781679319135.2505,-0.001745329238474369,-0.001745329238474369,-0.001745329238474369
1781679319140.2593,0.0,-0.003490658476948738,0.0
1781679319145.2668,-0.001745329238474369,-0.001745329238474369,0.001745329238474369
1781679319150.2756,0.0,0.0,0.0
1781679319155.2842,-0.001745329238474369,-0.001745329238474369,0.0
1781679319160.293,-0.003490658476948738,0.0,-0.001745329238474369
1781679319165.3015,-0.001745329238474369,0.0,0.0
1781679319170.3103,0.0,0.0,0.001745329238474369
1781679319175.3188,-0.003490658476948738,0.0,0.0
1781679319180.3276,0.0,-0.005235987715423107,0.0
1781679319185.3362,-0.001745329238474369,0.0,0.0
1781679319190.345,0.0,0.001745329238474369,-0.001745329238474369
1781679319195.3535,-0.003490658476948738,0.0,-0.003490658476948738
1781679319200.3623,0.0,0.0,0.0
1781679319205.3708,0.0,0.0,0.0
1781679319210.3796,0.0,0.0,0.0
1781679319215.3872,-0.001745329238474369,0.0,0.0
1781679319220.397,-0.003490658476948738,0.0,0.001745329238474369
1781679319225.4045,-0.005235987715423107,0.0,0.0
1781679319230.4133,-0.001745329238474369,-0.001745329238474369,0.0
1781679319235.422,0.0,0.0,0.0
1781679319240.4307,0.0,-0.003490658476948738,0.0
1781679319245.4395,-0.001745329238474369,0.0,0.0
1781679319250.448,-0.001745329238474369,0.005235987715423107,0.0
1781679319255.4568,-0.001745329238474369,0.0,0.0
1781679319260.4653,-0.001745329238474369,0.001745329238474369,0.0
1781679319265.474,-0.001745329238474369,-0.001745329238474369,-0.003490658476948738
1781679319270.4827,-0.003490658476948738,-0.001745329238474369,0.0
1781679319275.4915,0.0,0.0,-0.001745329238474369
1781679319280.499,-0.001745329238474369,0.0,0.0
1781679319285.5078,-0.001745329238474369,-0.001745329238474369,0.0
1781679319290.5164,0.0,0.001745329238474369,0.0
1781679319295.5251,0.0,0.0,0.0
1781679319300.5337,0.0,0.001745329238474369,0.001745329238474369
1781679319305.5425,-0.001745329238474369,0.0,-0.001745329238474369
1781679319310.5513,0.0,0.0,0.0
1781679319315.5598,0.0,-0.001745329238474369,0.0
1781679319320.5686,0.0,0.001745329238474369,0.0
1781679319325.5771,0.0,0.005235987715423107,0.0
1781679319330.586,-0.001745329238474369,0.0,0.0
1781679319335.5945,0.0,0.0,0.001745329238474369
1781679319340.6033,0.001745329238474369,0.003490658476948738,0.0
1781679319345.6118,-0.001745329238474369,-0.001745329238474369,-0.003490658476948738
1781679319350.6196,0.0,0.003490658476948738,0.0
1781679319355.6282,-0.003490658476948738,0.001745329238474369,0.0
1781679319360.637,-0.001745329238474369,-0.001745329238474369,-0.001745329238474369
1781679319365.6458,0.0,0.0,0.0
1781679319370.6543,-0.003490658476948738,-0.003490658476948738,0.0
1781679319375.663,-0.001745329238474369,-0.001745329238474369,0.0
1781679319380.6716,0.0,-0.001745329238474369,0.0
1781679319385.6804,0.0,0.0,0.0
1781679319390.689,0.001745329238474369,0.001745329238474369,0.0
1781679319395.6978,-0.001745329238474369,0.001745329238474369,-0.003490658476948738
1781679319400.7065,-0.001745329238474369,0.0,0.0
1781679319405.715,0.0,0.0,0.0
1781679319410.7239,-0.001745329238474369,0.001745329238474369,0.0
1781679319415.7314,0.0,0.0,0.0
1781679319420.7402,0.0,0.0,0.0
1781679319425.7498,-0.003490658476948738,0.005235987715423107,0.0
1781679319430.7576,-0.005235987715423107,-0.001745329238474369,0.0
1781679319435.766,0.0,-0.001745329238474369,0.0
1781679319440.775,0.0,-0.003490658476948738,-0.001745329238474369
1781679319445.7834,0.0,0.005235987715423107,0.0
1781679319450.7922,-0.001745329238474369,0.0,0.0
1781679319455.801,0.0,0.0,0.0
1781679319460.8096,-0.0,-0.003490658476948738,0.001745329238474369
1781679319465.8184,0.0,-0.001745329238474369,0.0
1781679319470.827,0.0,-0.001745329238474369,0.0
1781679319475.8357,0.0,-0.003490658476948738,0.0
1781679319480.8442,-0.001745329238474369,-0.005235987715423107,0.0
1781679319485.853,0.0,0.003490658476948738,-0.001745329238474369
1781679319490.8608,-0.001745329238474369,0.0,0.0
1781679319495.8694,0.0,0.0,0.003490658476948738
1781679319500.8782,-0.003490658476948738,-0.003490658476948738,0.0
1781679319505.8867,-0.005235987715423107,-0.001745329238474369,-0.001745329238474369
1781679319510.8955,0.0,0.0,0.0
1781679319515.904,0.0,-0.003490658476948738,0.0
1781679319520.9128,-0.001745329238474369,0.0,0.0
1781679319525.9216,0.0,0.0,-0.001745329238474369
1781679319530.9302,0.0,0.0,-0.001745329238474369
1781679319535.939,-0.001745329238474369,-0.001745329238474369,0.0
1781679319540.9475,0.0,0.003490658476948738,0.0
1781679319545.9563,-0.003490658476948738,0.0,0.0
1781679319550.965,-0.001745329238474369,0.0,0.0
1781679319555.9727,-0.001745329238474369,0.001745329238474369,0.0
1781679319560.9814,-0.003490658476948738,-0.001745329238474369,0.001745329238474369
1781679319565.99,0.0,0.0,-0.003490658476948738
1781679319570.9988,-0.003490658476948738,-0.001745329238474369,0.0
1781679319576.0073,0.0,-0.003490658476948738,0.0
1781679319581.016,-0.003490658476948738,-0.003490658476948738,0.0
1781679319586.025,-0.001745329238474369,0.0,0.0
1781679319591.0334,-0.001745329238474369,0.003490658476948738,0.0
1781679319596.0422,-0.001745329238474369,0.0,0.0
1781679319601.0508,0.0,0.0,-0.001745329238474369
1781679319606.0596,-0.005235987715423107,0.001745329238474369,0.0
1781679319611.068,-0.001745329238474369,0.0,0.0
1781679319616.077,-0.001745329238474369,0.0,0.0
1781679319621.0854,-0.001745329238474369,0.0,0.0
1781679319626.093,-0.001745329238474369,-0.001745329238474369,-0.003490658476948738
1781679319631.1028,0.0,-0.006981316953897476,0.0
1781679319636.1104,-0.001745329238474369,-0.003490658476948738,0.0
1781679319641.119,0.0,0.005235987715423107,0.005235987715423107
1781679319646.1277,0.0,0.0,0.0
1781679319651.1357,-0.001745329238474369,0.003490658476948738,0.0
1781679319656.1443,-0.003490658476948738,0.0,0.0
1781679319661.1528,-0.001745329238474369,-0.001745329238474369,0.0
1781679319666.1614,0.0,0.0,0.005235987715423107
1781679319671.1702,-0.001745329238474369,-0.003490658476948738,0.001745329238474369
1781679319676.1787,-0.001745329238474369,-0.003490658476948738,0.0
1781679319681.1873,0.0,0.0,0.0
1781679319686.1958,0.0,0.0,-0.001745329238474369
1781679319691.2043,0.0,0.0,0.001745329238474369
1781679319696.213,0.0,-0.001745329238474369,0.0
1781679319701.2214,0.0,0.0,-0.003490658476948738
1781679319706.229,0.0,0.0,0.0
1781679319711.2375,0.0,0.0,0.0
1781679319716.246,-0.003490658476948738,-0.001745329238474369,0.0
1781679319721.2546,-0.001745329238474369,0.0,0.001745329238474369
1781679319726.2632,0.0,0.0,-0.001745329238474369
1781679319731.2717,0.0,0.0,0.0
1781679319736.2803,0.0,0.0,0.0
1781679319741.289,-0.001745329238474369,0.0,0.0
1781679319746.2976,0.0,0.0,0.0
1781679319751.3062,-0.003490658476948738,-0.001745329238474369,0.0
1781679319756.3147,0.0,0.001745329238474369,-0.005235987715423107
1781679319761.3232,0.0,0.003490658476948738,0.001745329238474369
1781679319766.3308,0.0,0.0,-0.003490658476948738
1781679319771.3394,-0.001745329238474369,0.0,-0.001745329238474369
1781679319776.3489,0.0,0.001745329238474369,0.0
1781679319781.3564,0.0,0.003490658476948738,0.001745329238474369
1781679319786.365,0.0,-0.003490658476948738,0.0
1781679319791.3735,-0.003490658476948738,0.003490658476948738,0.0
1781679319796.382,0.0,-0.001745329238474369,-0.001745329238474369
1781679319801.3906,0.0,0.0,0.001745329238474369
1781679319806.3992,-0.001745329238474369,-0.005235987715423107,0.0
1781679319811.4077,-0.003490658476948738,-0.005235987715423107,0.0
1781679319816.4165,-0.001745329238474369,-0.001745329238474369,0.0
1781679319821.425,-0.003490658476948738,0.0,0.001745329238474369
1781679319826.4336,-0.003490658476948738,0.0,-0.003490658476948738
1781679319831.4421,-0.001745329238474369,0.0,-0.001745329238474369
1781679319836.4507,0.0,0.0,-0.001745329238474369
1781679319841.4583,-0.003490658476948738,0.0,0.0
1781679319846.4668,0.0,0.001745329238474369,0.003490658476948738
1781679319851.4753,0.0,0.0,0.0
1781679319856.484,-0.001745329238474369,0.0,0.003490658476948738
1781679319861.4924,0.0,-0.003490658476948738,-0.003490658476948738
1781679319866.501,-0.001745329238474369,0.001745329238474369,0.0
1781679319871.5095,-0.001745329238474369,0.0,0.0
1781679319876.518,-0.003490658476948738,-0.001745329238474369,0.0
1781679319881.5266,-0.001745329238474369,0.001745329238474369,0.001745329238474369
1781679319886.5352,0.0,0.0,-0.001745329238474369
1781679319891.5437,0.0,0.0,0.0
1781679319896.5525,0.0,-0.003490658476948738,0.0
1781679319901.561,-0.001745329238474369,0.0,0.001745329238474369
1781679319906.5686,0.0,0.0,0.0
1781679319911.5781,-0.005235987715423107,-0.001745329238474369,-0.003490658476948738
1781679319916.5867,-0.003490658476948738,0.0,0.0
1781679319921.5942,-0.001745329238474369,-0.003490658476948738,-0.003490658476948738
1781679319926.6028,0.0,0.0,0.0
1781679319931.6113,-0.001745329238474369,0.0,0.0
1781679319936.6199,0.0,0.0,0.0
1781679319941.6284,0.0,0.0,0.0
1781679319946.637,0.0,0.005235987715423107,0.0
1781679319951.6455,-0.003490658476948738,0.0,-0.001745329238474369
1781679319956.654,0.0,0.0,0.0
1781679319961.6626,-0.003490658476948738,0.0,-0.001745329238474369
1781679319966.6711,0.0,0.0,0.001745329238474369
1781679319971.6797,-0.001745329238474369,0.001745329238474369,0.0
1781679319976.6873,-0.001745329238474369,0.001745329238474369,-0.003490658476948738
1781679319981.6958,-0.003490658476948738,0.0,-0.001745329238474369
1781679319986.7046,-0.001745329238474369,0.003490658476948738,-0.003490658476948738
1781679319991.7131,-0.003490658476948738,0.001745329238474369,0.0
1781679319996.7217,0.0,0.0,0.0
1781679320001.7302,-0.001745329238474369,0.0,-0.003490658476948738
1781679320006.7388,-0.001745329238474369,-0.003490658476948738,0.0
1781679320011.7473,-0.003490658476948738,-0.001745329238474369,0.0
1781679320016.7559,-0.001745329238474369,-0.001745329238474369,0.0
1781679320021.7644,-0.001745329238474369,0.0,0.0
1781679320026.773,0.0,0.0,0.0
1781679320031.7815,-0.001745329238474369,0.0,-0.001745329238474369
1781679320036.79,0.0,0.0,-0.001745329238474369
1781679320041.7986,0.0,0.001745329238474369,0.0
1781679320046.8062,0.0,0.001745329238474369,-0.001745329238474369
1781679320051.8147,0.0,0.001745329238474369,-0.001745329238474369
1781679320056.8242,-0.003490658476948738,0.0,0.0
1781679320061.8318,-0.005235987715423107,0.0,0.0
1781679320066.8403,0.0,0.0,-0.001745329238474369
1781679320071.8489,-0.003490658476948738,-0.001745329238474369,0.0
1781679320076.8574,-0.001745329238474369,0.005235987715423107,0.0
1781679320081.8662,0.0,0.001745329238474369,0.0
1781679320086.8748,0.0,0.001745329238474369,0.0
1781679320091.8833,-0.003490658476948738,0.001745329238474369,-0.001745329238474369
1781679320096.8918,-0.003490658476948738,0.0,0.0
1781679320101.9004,-0.001745329238474369,0.001745329238474369,-0.001745329238474369
1781679320106.909,-0.001745329238474369,0.0,0.0
1781679320111.9175,-0.005235987715423107,0.0,0.0
1781679320116.926,-0.005235987715423107,-0.003490658476948738,0.0
1781679320121.9336,0.0,-0.001745329238474369,0.0
1781679320126.9421,0.0,-0.001745329238474369,0.0
1781679320131.9507,-0.003490658476948738,-0.001745329238474369,0.0
1781679320136.9592,0.0,0.003490658476948738,-0.001745329238474369
1781679320141.9678,-0.001745329238474369,0.0,0.0
1781679320146.9763,0.001745329238474369,0.001745329238474369,0.0
1781679320151.9849,0.0,0.0,0.0
1781679320156.9934,-0.001745329238474369,-0.005235987715423107,0.005235987715423107
1781679320162.002,-0.005235987715423107,0.0,0.0
1781679320167.0105,-0.003490658476948738,0.0,-0.001745329238474369
1781679320172.019,-0.001745329238474369,0.0,0.0
1781679320177.0276,0.0,0.0,-0.003490658476948738
1781679320182.0361,0.0,0.0,0.0
1781679320187.045,-0.001745329238474369,0.0,0.0
1781679320192.0525,-0.003490658476948738,0.0,0.0
1781679320197.061,-0.001745329238474369,0.0,-0.003490658476948738
1781679320202.0696,0.0,0.0,0.0
1781679320207.0781,-0.001745329238474369,0.0,-0.001745329238474369
1781679320212.0867,0.0,0.0,0.0
1781679320217.0952,-0.001745329238474369,0.0,0.0
1781679320222.1038,0.0,0.0,0.0
1781679320227.1123,-0.003490658476948738,0.0,0.0
1781679320232.1208,-0.003490658476948738,-0.001745329238474369,0.001745329238474369
1781679320237.1294,0.0,-0.001745329238474369,-0.001745329238474369
1781679320242.138,0.0,0.0,0.0
1781679320247.1465,-0.001745329238474369,0.0,0.003490658476948738
1781679320252.154,-0.001745329238474369,0.001745329238474369,0.0
1781679320257.1626,-0.003490658476948738,0.0,0.0
1781679320262.1711,0.0,0.001745329238474369,0.0
1781679320267.1797,-0.001745329238474369,0.0,-0.001745329238474369
1781679320272.1882,0.0,-0.001745329238474369,0.0
1781679320277.1968,-0.001745329238474369,-0.001745329238474369,0.001745329238474369
1781679320282.2053,0.0,-0.005235987715423107,0.0
1781679320287.2139,-0.0,-0.001745329238474369,0.001745329238474369
1781679320292.2224,-0.001745329238474369,0.0,0.001745329238474369
1781679320297.231,0.0,0.0,0.0
1781679320302.2395,-0.003490658476948738,0.0,-0.001745329238474369
1781679320307.248,-0.003490658476948738,-0.003490658476948738,0.001745329238474369
1781679320312.2566,-0.001745329238474369,0.0,0.001745329238474369
1781679320317.2654,-0.001745329238474369,-0.001745329238474369,0.0
1781679320322.274,-0.003490658476948738,0.0,0.0
1781679320327.2825,0.0,0.0,0.003490658476948738
1781679320332.291,0.0,0.0,-0.001745329238474369
1781679320337.2986,-0.001745329238474369,-0.001745329238474369,-0.001745329238474369
1781679320342.308,0.0,-0.003490658476948738,0.0
1781679320347.3157,-0.001745329238474369,0.0,0.0
1781679320352.3242,0.0,-0.003490658476948738,0.0
1781679320357.3328,0.0,0.001745329238474369,-0.001745329238474369
1781679320362.3413,-0.001745329238474369,0.0,0.0
1781679320367.3499,-0.003490658476948738,0.0,0.0
1781679320372.3584,-0.001745329238474369,0.001745329238474369,0.0
1781679320377.367,-0.001745329238474369,0.0,-0.001745329238474369
1781679320382.3755,0.0,0.0,0.0
1781679320387.384,-0.001745329238474369,0.0,0.0
1781679320392.3926,-0.005235987715423107,0.0,0.0
1781679320397.4011,0.0,0.0,-0.001745329238474369
1781679320402.4097,-0.003490658476948738,0.0,0.0
1781679320407.4172,-0.003490658476948738,-0.003490658476948738,0.0
1781679320412.4258,0.0,-0.001745329238474369,-0.003490658476948738
1781679320417.4343,-0.001745329238474369,-0.003490658476948738,-0.001745329238474369
1781679320422.4429,-0.001745329238474369,-0.001745329238474369,0.0
1781679320427.4514,0.0,0.001745329238474369,0.0
1781679320432.46,-0.001745329238474369,0.0,0.0
1781679320437.4685,0.0,0.0,-0.005235987715423107
1781679320442.477,-0.001745329238474369,0.005235987715423107,0.0
1781679320447.4856,0.0,-0.003490658476948738,0.0
1781679320452.4941,-0.003490658476948738,0.0,0.0
1781679320457.5027,0.0,0.005235987715423107,0.0
1781679320462.5112,-0.001745329238474369,-0.006981316953897476,0.0
1781679320467.5198,-0.001745329238474369,0.0,0.001745329238474369
1781679320472.5283,-0.0,-0.003490658476948738,0.001745329238474369
1781679320477.536,-0.003490658476948738,0.0,0.0
1781679320482.5444,-0.001745329238474369,-0.001745329238474369,0.0
1781679320487.553,0.0,-0.001745329238474369,0.0
1781679320492.5618,0.0,0.0,-0.001745329238474369
1781679320497.5703,-0.001745329238474369,-0.005235987715423107,0.0
1781679320502.5789,-0.001745329238474369,-0.001745329238474369,0.001745329238474369
1781679320507.5874,0.0,-0.005235987715423107,0.0
1781679320512.596,-0.001745329238474369,-0.001745329238474369,0.0
1781679320517.6045,0.0,0.0,0.001745329238474369
1781679320522.613,-0.001745329238474369,0.003490658476948738,0.0
1781679320527.6216,-0.0,-0.001745329238474369,0.003490658476948738
1781679320532.6301,-0.003490658476948738,-0.001745329238474369,-0.001745329238474369
1781679320537.6377,0.0,0.0,0.0
1781679320542.6472,-0.003490658476948738,0.0,0.0
1781679320547.6548,0.0,0.0,0.003490658476948738
1781679320552.6643,-0.001745329238474369,-0.003490658476948738,0.001745329238474369
1781679320557.6719,0.0,0.0,0.0
1781679320562.6804,-0.003490658476948738,-0.001745329238474369,-0.001745329238474369
1781679320567.689,-0.001745329238474369,-0.001745329238474369,0.001745329238474369
1781679320572.6975,-0.003490658476948738,0.0,0.0
1781679320577.706,0.0,0.0,0.0
1781679320582.7146,-0.001745329238474369,0.001745329238474369,0.0
1781679320587.7231,0.0,0.0,0.0
1781679320592.7317,-0.003490658476948738,-0.001745329238474369,0.0
1781679320597.7402,-0.001745329238474369,0.0,0.0
1781679320602.7488,0.0,0.003490658476948738,0.0
1781679320607.7573,-0.005235987715423107,-0.001745329238474369,0.0
1781679320612.7659,0.0,0.0,0.003490658476948738
1781679320617.7744,0.0,0.001745329238474369,0.0
1781679320622.7822,-0.003490658476948738,0.001745329238474369,0.0
1781679320627.7908,-0.001745329238474369,0.0,-0.003490658476948738
1781679320632.7993,0.0,-0.001745329238474369,0.0
1781679320637.8079,0.0,-0.001745329238474369,0.0
1781679320642.8167,0.0,0.0,-0.001745329238474369
1781679320647.8252,0.0,0.0,-0.003490658476948738
1781679320652.834,-0.003490658476948738,0.0,0.001745329238474369
1781679320657.8425,0.0,0.0,0.0
1781679320662.8513,-0.001745329238474369,0.0,0.0
1781679320667.86,-0.003490658476948738,0.0,-0.003490658476948738
1781679320672.8687,0.0,0.001745329238474369,0.0
1781679320677.8774,-0.001745329238474369,0.0,0.0
1781679320682.8862,0.0,0.0,0.0
1781679320687.8938,-0.005235987715423107,0.0,0.0
1781679320692.9036,-0.0,-0.001745329238474369,0.001745329238474369
1781679320697.9114,-0.001745329238474369,0.0,-0.005235987715423107
1781679320702.92,-0.001745329238474369,0.001745329238474369,-0.001745329238474369
1781679320707.9287,-0.005235987715423107,-0.003490658476948738,0.0
1781679320712.9375,0.0,0.0,0.0
1781679320717.9463,-0.001745329238474369,0.0,-0.003490658476948738
1781679320722.9548,-0.001745329238474369,0.0,0.0
1781679320727.9636,0.0,0.001745329238474369,-0.001745329238474369
1781679320732.9724,-0.001745329238474369,0.001745329238474369,0.0
1781679320737.981,-0.001745329238474369,0.0,0.0
1781679320742.9897,-0.001745329238474369,0.0,0.0
1781679320747.9976,-0.003490658476948738,0.001745329238474369,0.0
1781679320753.007,-0.001745329238474369,-0.001745329238474369,0.0
1781679320758.0159,-0.003490658476948738,0.0,-0.001745329238474369
1781679320763.0237,-0.001745329238474369,0.0,0.003490658476948738
1781679320768.0334,-0.003490658476948738,0.0,0.0
1781679320773.041,-0.001745329238474369,0.0,0.0
1781679320778.0498,0.0,0.0,0.0
1781679320783.0586,0.0,0.0,0.0
1781679320788.0671,-0.003490658476948738,0.001745329238474369,-0.001745329238474369
1781679320793.076,-0.005235987715423107,0.0,0.0
1781679320798.0847,0.0,0.0,0.0
1781679320803.0933,0.0,0.0,0.0
1781679320808.102,-0.005235987715423107,0.001745329238474369,0.0
1781679320813.1108,-0.003490658476948738,0.0,-0.001745329238474369
1781679320818.1194,0.0,0.0,0.0
1781679320823.1282,0.0,0.0,0.0
1781679320828.137,0.0,0.001745329238474369,0.0
1781679320833.1458,-0.005235987715423107,0.001745329238474369,-0.005235987715423107
1781679320838.1533,0.0,0.0,0.001745329238474369
1781679320843.162,-0.001745329238474369,0.0,0.0
1781679320848.171,0.0,-0.001745329238474369,0.0
1781679320853.1794,-0.003490658476948738,0.0,0.0
1781679320858.1882,-0.003490658476948738,0.003490658476948738,0.0
1781679320863.197,-0.003490658476948738,0.0,0.0
1781679320868.2058,0.0,-0.003490658476948738,0.0
1781679320873.2144,-0.001745329238474369,0.001745329238474369,-0.001745329238474369
1781679320878.2231,-0.001745329238474369,0.0,0.0
1781679320883.232,-0.001745329238474369,-0.001745329238474369,0.0
1781679320888.2405,0.0,0.0,0.0
1781679320893.2493,0.0,-0.001745329238474369,0.0
1781679320898.258,-0.003490658476948738,0.0,-0.001745329238474369
1781679320903.2656,0.0,0.0,0.001745329238474369
1781679320908.2744,0.0,-0.003490658476948738,0.0
1781679320913.2832,0.0,0.0,0.001745329238474369
1781679320918.292,0.0,0.0,0.0
1781679320923.3005,0.0,0.0,-0.001745329238474369
1781679320928.3093,-0.001745329238474369,0.0,0.0
1781679320933.318,0.0,0.0,0.0
1781679320938.327,-0.003490658476948738,0.001745329238474369,0.001745329238474369
1781679320943.3354,-0.001745329238474369,0.0,0.0
1781679320948.3442,0.0,0.0,-0.001745329238474369
1781679320953.353,-0.003490658476948738,0.0,0.0
1781679320958.3616,0.0,0.001745329238474369,0.0
1781679320963.3704,0.0,0.0,0.0
1781679320968.3792,0.0,0.001745329238474369,0.003490658476948738
1781679320973.388,0.0,0.0,-0.001745329238474369
1781679320978.3965,0.0,0.0,0.0
1781679320983.4053,0.0,-0.001745329238474369,0.0
1781679320988.413,-0.001745329238474369,-0.001745329238474369,0.001745329238474369
1781679320993.4216,-0.001745329238474369,-0.001745329238474369,0.001745329238474369
1781679320998.4304,0.0,0.0,0.0
1781679321003.4392,-0.001745329238474369,0.0,0.0
1781679321008.448,0.0,0.001745329238474369,0.0
1781679321013.4565,0.0,-0.003490658476948738,0.0
1781679321018.4653,-0.001745329238474369,0.001745329238474369,-0.001745329238474369
1781679321023.474,0.0,0.0,0.003490658476948738
1781679321028.483,-0.001745329238474369,0.001745329238474369,-0.001745329238474369
1781679321033.4915,0.0,0.0,0.0
1781679321038.5002,0.0,0.0,-0.003490658476948738
1781679321043.508,-0.005235987715423107,0.0,0.0
1781679321048.5178,-0.001745329238474369,-0.001745329238474369,-0.001745329238474369
1781679321053.5254,-0.001745329238474369,0.0,0.0
1781679321058.5342,0.0,-0.003490658476948738,-0.001745329238474369
1781679321063.543,0.0,0.0,0.0
1781679321068.5515,-0.001745329238474369,-0.001745329238474369,0.0
1781679321073.5603,0.0,0.0,0.0
1781679321078.569,-0.003490658476948738,0.0,-0.003490658476948738
1781679321083.578,0.0,0.003490658476948738,0.0
1781679321088.5864,-0.001745329238474369,-0.001745329238474369,0.0
1781679321093.5952,0.0,0.0,0.001745329238474369
1781679321098.604,0.001745329238474369,0.001745329238474369,0.0
1781679321103.6128,-0.001745329238474369,0.0,0.0
1781679321108.6213,0.0,0.0,-0.001745329238474369
1781679321113.6301,0.0,0.0,0.0
1781679321118.639,0.0,0.0,0.005235987715423107
1781679321123.6467,0.0,0.001745329238474369,-0.001745329238474369
1781679321128.6562,0.0,0.0,0.0
1781679321133.664,0.0,0.0,-0.001745329238474369
1781679321138.6729,0.0,0.0,0.003490658476948738
1781679321143.6816,0.0,0.0,-0.001745329238474369
1781679321148.6902,-0.001745329238474369,0.0,0.0
1781679321153.699,-0.003490658476948738,-0.005235987715423107,0.0
1781679321158.7078,-0.003490658476948738,-0.003490658476948738,0.0
1781679321163.7166,0.0,-0.001745329238474369,0.0
1781679321168.725,-0.001745329238474369,0.0,-0.001745329238474369
1781679321173.734,-0.001745329238474369,0.0,0.0
1781679321178.7427,0.0,0.003490658476948738,0.001745329238474369
1781679321183.7515,-0.001745329238474369,-0.003490658476948738,0.0
1781679321188.76,-0.001745329238474369,-0.001745329238474369,-0.001745329238474369
1781679321193.7688,0.0,0.001745329238474369,-0.001745329238474369
1781679321198.7766,0.0,0.001745329238474369,0.0
1781679321203.7854,0.0,0.001745329238474369,0.0
1781679321208.794,-0.001745329238474369,0.0,0.0
1781679321213.8027,-0.003490658476948738,-0.003490658476948738,0.0
1781679321218.8115,0.0,0.0,0.0
1781679321223.8203,-0.001745329238474369,0.0,0.0
1781679321228.8289,0.0,-0.001745329238474369,0.0
1781679321233.8376,-0.005235987715423107,0.0,0.0
1781679321238.8464,-0.003490658476948738,0.001745329238474369,0.0
1781679321243.8552,0.0,-0.001745329238474369,0.0
1781679321248.864,0.0,-0.001745329238474369,0.0
1781679321253.8726,-0.001745329238474369,-0.001745329238474369,-0.003490658476948738
1781679321258.8813,0.0,0.001745329238474369,0.0
1781679321263.8892,-0.0,-0.001745329238474369,0.001745329238474369
1781679321268.898,0.0,0.0,0.001745329238474369
1781679321273.9065,0.0,0.003490658476948738,0.0
1781679321278.9153,0.0,0.0,0.001745329238474369
1781679321283.924,-0.001745329238474369,0.0,-0.003490658476948738
1781679321288.9329,-0.001745329238474369,-0.001745329238474369,0.0
1781679321293.9414,-0.001745329238474369,-0.001745329238474369,0.001745329238474369
1781679321298.9502,0.0,0.0,0.0
1781679321303.959,-0.001745329238474369,0.0,0.0
1781679321308.9678,0.0,-0.003490658476948738,0.0
1781679321313.9763,-0.001745329238474369,0.0,-0.001745329238474369
1781679321318.985,0.0,0.0,0.0
1781679321323.994,0.0,0.0,0.001745329238474369
1781679321329.0027,0.0,0.001745329238474369,0.0
1781679321334.0115,0.0,0.0,0.0
1781679321339.02,0.0,0.0,0.0
1781679321344.0288,-0.003490658476948738,0.001745329238474369,0.0
1781679321349.0366,-0.003490658476948738,-0.003490658476948738,-0.001745329238474369
1781679321354.0454,0.0,0.0,-0.005235987715423107
1781679321359.054,-0.003490658476948738,-0.003490658476948738,0.001745329238474369
1781679321364.0627,-0.001745329238474369,0.001745329238474369,0.0
1781679321369.0715,-0.001745329238474369,0.0,0.001745329238474369
1781679321374.0803,-0.003490658476948738,-0.003490658476948738,0.0
1781679321379.089,0.0,0.003490658476948738,0.0
1781679321384.0977,-0.003490658476948738,0.0,0.0
1781679321389.1064,-0.001745329238474369,0.0,0.0
1781679321394.1152,-0.001745329238474369,0.0,-0.001745329238474369
1781679321399.124,-0.001745329238474369,0.001745329238474369,0.001745329238474369
1781679321404.1328,0.0,-0.003490658476948738,0.0
1781679321409.1414,-0.003490658476948738,-0.005235987715423107,0.0
1781679321414.1501,0.0,0.0,0.0
1781679321419.158,0.0,0.0,0.0
1781679321424.1667,-0.001745329238474369,0.001745329238474369,0.001745329238474369
1781679321429.1753,-0.005235987715423107,0.0,0.0
1781679321434.184,0.0,0.0,0.001745329238474369
1781679321439.1929,0.0,-0.001745329238474369,0.0
1781679321444.2017,-0.001745329238474369,0.0,-0.003490658476948738
1781679321449.2104,0.0,-0.003490658476948738,-0.001745329238474369
1781679321454.219,-0.001745329238474369,0.0,0.0
1781679321459.2278,0.0,0.0,-0.003490658476948738
1781679321464.2366,-0.001745329238474369,0.0,0.0
1781679321469.2454,0.0,0.001745329238474369,0.0
1781679321474.2542,-0.001745329238474369,0.0,0.001745329238474369
1781679321479.2627,0.0,0.0,0.0
1781679321484.2705,-0.001745329238474369,-0.005235987715423107,-0.001745329238474369
1781679321489.2793,-0.003490658476948738,-0.003490658476948738,-0.003490658476948738
1781679321494.288,0.0,0.005235987715423107,0.0
1781679321499.2969,-0.003490658476948738,0.0,0.0
1781679321504.3054,0.0,-0.005235987715423107,0.0
1781679321509.3142,0.0,0.001745329238474369,0.0
1781679321514.323,0.0,0.0,0.0
1781679321519.3318,-0.005235987715423107,0.0,0.003490658476948738
1781679321524.3406,0.0,0.001745329238474369,0.0
1781679321529.349,0.0,0.0,-0.001745329238474369
1781679321534.358,0.0,0.0,0.0
1781679321539.3667,0.0,0.0,0.0
1781679321544.3755,-0.003490658476948738,0.0,0.001745329238474369
1781679321549.3843,0.0,-0.001745329238474369,0.0
1781679321554.3918,0.0,0.0,0.0
1781679321559.4006,0.0,-0.003490658476948738,0.0
1781679321564.4094,0.0,-0.001745329238474369,0.0
1781679321569.4182,-0.003490658476948738,0.0,0.0
1781679321574.427,0.0,0.0,0.003490658476948738
1781679321579.4355,0.0,0.0,0.0
1781679321584.4443,-0.003490658476948738,0.0,0.0
1781679321589.4531,0.0,0.005235987715423107,0.0
1781679321594.462,0.0,0.001745329238474369,-0.003490658476948738
1781679321599.4707,-0.001745329238474369,-0.001745329238474369,0.0
1781679321604.4795,0.0,0.0,0.0
1781679321609.488,-0.001745329238474369,0.0,0.0
1781679321614.4968,0.0,-0.001745329238474369,0.0
1781679321619.5056,0.0,0.0,0.0
1781679321624.5144,-0.001745329238474369,0.001745329238474369,0.0
1781679321629.5232,0.001745329238474369,0.003490658476948738,0.0
1781679321634.5308,-0.001745329238474369,0.0,0.001745329238474369
1781679321639.5396,-0.003490658476948738,0.0,0.0
1781679321644.5483,-0.001745329238474369,-0.005235987715423107,0.0
1781679321649.5571,0.0,0.003490658476948738,0.001745329238474369
1781679321654.5657,0.0,0.0,-0.003490658476948738
1781679321659.5742,0.0,0.0,0.0
1781679321664.583,0.0,0.0,-0.001745329238474369
1781679321669.5916,-0.001745329238474369,-0.005235987715423107,0.0
1781679321674.6,0.0,0.001745329238474369,0.0
1781679321679.609,-0.003490658476948738,0.0,0.0
1781679321684.6174,0.0,-0.005235987715423107,0.0
1781679321689.626,-0.001745329238474369,0.0,0.0
1781679321694.6345,-0.001745329238474369,-0.001745329238474369,-0.003490658476948738
1781679321699.6423,-0.001745329238474369,-0.001745329238474369,0.003490658476948738
1781679321704.651,0.0,-0.001745329238474369,-0.005235987715423107
1781679321709.6604,0.0,0.0,0.001745329238474369
1781679321714.668,-0.001745329238474369,-0.001745329238474369,0.0
1781679321719.6768,0.0,-0.003490658476948738,-0.003490658476948738
1781679321724.6853,0.0,0.0,0.001745329238474369
1781679321729.6938,-0.003490658476948738,0.0,0.0
1781679321734.7026,-0.001745329238474369,-0.001745329238474369,0.0
1781679321739.7112,0.0,0.0,-0.001745329238474369
1781679321744.7197,-0.001745329238474369,-0.001745329238474369,-0.001745329238474369
1781679321749.7283,0.0,0.0,0.0
1781679321754.737,0.0,0.0,0.0
1781679321759.7456,0.0,0.0,-0.003490658476948738
1781679321764.7542,-0.001745329238474369,0.003490658476948738,0.0
1781679321769.763,0.0,0.005235987715423107,0.0
1781679321774.7715,-0.001745329238474369,0.003490658476948738,0.0
1781679321779.779,-0.001745329238474369,0.0,0.001745329238474369
1781679321784.7876,0.0,0.0,0.0
1781679321789.7964,-0.001745329238474369,0.0,0.0
1781679321794.805,-0.001745329238474369,0.0,0.003490658476948738
1781679321799.8135,0.0,0.0,0.0
1781679321804.8223,-0.001745329238474369,0.003490658476948738,0.0
1781679321809.8308,0.0,0.0,0.001745329238474369
1781679321814.8394,-0.001745329238474369,-0.005235987715423107,0.0
1781679321819.848,-0.001745329238474369,0.001745329238474369,-0.001745329238474369
1781679321824.8567,-0.001745329238474369,-0.003490658476948738,-0.003490658476948738
1781679321829.8652,0.0,0.0,0.0
1781679321834.8738,-0.001745329238474369,0.001745329238474369,0.001745329238474369
1781679321839.8826,0.0,0.0,0.0
1781679321844.8901,0.0,0.0,-0.001745329238474369
1781679321849.8997,-0.005235987715423107,0.003490658476948738,0.0
1781679321854.9072,0.0,0.001745329238474369,0.0
1781679321859.916,-0.001745329238474369,0.0,0.0
1781679321864.9246,-0.001745329238474369,-0.001745329238474369,0.0
1781679321869.933,0.0,0.0,0.0
1781679321874.9417,0.0,0.0,0.001745329238474369
1781679321879.9504,0.0,0.003490658476948738,0.0
1781679321884.959,0.0,0.001745329238474369,0.0
1781679321889.9675,-0.001745329238474369,0.001745329238474369,0.0
1781679321894.9763,0.0,0.0,-0.001745329238474369
1781679321899.9849,0.0,-0.001745329238474369,0.0
1781679321904.9934,0.0,-0.001745329238474369,0.0
1781679321910.002,0.0,0.0,-0.003490658476948738
1781679321915.0098,-0.0,-0.003490658476948738,0.001745329238474369
1781679321920.0193,-0.005235987715423107,0.001745329238474369,0.0
1781679321925.0269,-0.001745329238474369,0.0,0.0
1781679321930.0356,-0.001745329238474369,0.0,0.0
1781679321935.0442,0.0,-0.005235987715423107,-0.001745329238474369
1781679321940.0527,-0.001745329238474369,0.0,0.0
1781679321945.0613,-0.001745329238474369,-0.005235987715423107,0.001745329238474369
1781679321950.07,-0.005235987715423107,-0.001745329238474369,-0.003490658476948738
1781679321955.0786,0.0,-0.003490658476948738,-0.001745329238474369
1781679321960.0872,0.0,-0.001745329238474369,0.0
1781679321965.096,0.001745329238474369,0.0,0.0
1781679321970.1045,-0.001745329238474369,0.0,0.0
1781679321975.113,0.0,0.0,0.0
1781679321980.1216,-0.005235987715423107,0.001745329238474369,0.0
1781679321985.1304,0.0,0.005235987715423107,0.0
1781679321990.139,0.0,0.0,0.0
1781679321995.1465,-0.003490658476948738,0.001745329238474369,0.0
1781679322000.1562,-0.003490658476948738,-0.003490658476948738,0.003490658476948738
1781679322005.1638,-0.001745329238474369,-0.003490658476948738,-0.001745329238474369
1781679322010.1724,-0.003490658476948738,0.0,0.0
1781679322015.181,-0.003490658476948738,0.0,0.001745329238474369
1781679322020.1897,0.0,0.0,0.0
1781679322025.1982,-0.001745329238474369,0.001745329238474369,-0.001745329238474369
1781679322030.2068,-0.001745329238474369,0.0,0.001745329238474369
1781679322035.2153,-0.001745329238474369,-0.005235987715423107,0.0
1781679322040.224,-0.003490658476948738,0.0,-0.001745329238474369
1781679322045.2327,-0.003490658476948738,0.0,0.0
1781679322050.2412,0.0,0.0,0.001745329238474369
1781679322055.25,0.0,0.0,0.0
1781679322060.2585,0.0,-0.006981316953897476,0.0
1781679322065.267,0.0,0.0,0.0
1781679322070.2747,0.001745329238474369,0.0,0.001745329238474369
1781679322075.2834,0.0,0.0,0.0
1781679322080.292,0.0,0.0,0.001745329238474369
1781679322085.3005,0.0,0.001745329238474369,0.0
1781679322090.309,-0.001745329238474369,0.0,0.0
1781679322095.3179,-0.001745329238474369,0.0,0.0
1781679322100.3264,-0.001745329238474369,0.0,0.001745329238474369
1781679322105.335,-0.003490658476948738,-0.001745329238474369,-0.003490658476948738
1781679322110.3438,0.0,-0.001745329238474369,0.0
1781679322115.3523,0.0,0.001745329238474369,0.0
1781679322120.3608,0.0,0.001745329238474369,0.0
1781679322125.3694,0.0,-0.001745329238474369,0.0
1781679322130.3782,-0.003490658476948738,0.0,0.0
1781679322135.3867,0.0,0.0,0.0
1781679322140.3943,-0.003490658476948738,0.0,0.0
1781679322145.4028,-0.003490658476948738,0.0,-0.005235987715423107
1781679322150.4116,-0.003490658476948738,0.0,0.001745329238474369
1781679322155.4202,0.0,-0.003490658476948738,0.0
1781679322160.4287,-0.001745329238474369,0.0,-0.001745329238474369
1781679322165.4375,0.0,0.003490658476948738,0.0
1781679322170.446,-0.001745329238474369,0.0,0.0
1781679322175.4546,-0.001745329238474369,-0.003490658476948738,0.0
1781679322180.4631,-0.001745329238474369,0.0,0.0
1781679322185.472,-0.001745329238474369,0.0,0.0
1781679322190.4805,0.0,0.005235987715423107,0.0
1781679322195.489,0.001745329238474369,0.003490658476948738,0.001745329238474369
1781679322200.4978,0.0,0.0,0.0
1781679322205.5063,0.0,0.0,0.0
1781679322210.515,0.0,0.0,0.003490658476948738
1781679322215.5234,0.0,0.0,0.0
1781679322220.5322,-0.003490658476948738,-0.003490658476948738,-0.001745329238474369
1781679322225.5398,-0.001745329238474369,0.0,0.0
1781679322230.5483,-0.001745329238474369,0.0,-0.001745329238474369
1781679322235.557,0.0,0.0,0.0
1781679322240.5657,-0.001745329238474369,0.001745329238474369,0.001745329238474369
1781679322245.5742,0.0,0.003490658476948738,-0.001745329238474369
1781679322250.5828,0.0,0.0,-0.001745329238474369
1781679322255.5916,0.0,-0.001745329238474369,-0.001745329238474369
1781679322260.6,-0.001745329238474369,0.0,0.0
1781679322265.6086,-0.001745329238474369,-0.001745329238474369,0.0
1781679322270.6172,-0.001745329238474369,-0.001745329238474369,-0.003490658476948738
1781679322275.626,0.0,0.0,0.0
1781679322280.6345,-0.005235987715423107,0.001745329238474369,-0.001745329238474369
1781679322285.643,-0.003490658476948738,0.001745329238474369,0.0
1781679322290.6516,0.0,-0.003490658476948738,0.0
1781679322295.6594,0.0,0.001745329238474369,-0.001745329238474369
1781679322300.668,0.0,0.0,0.001745329238474369
1781679322305.6775,0.0,0.0,-0.005235987715423107
1781679322310.685,-0.001745329238474369,0.0,0.0
1781679322315.6938,0.0,0.0,0.0
1781679322320.7024,0.0,-0.001745329238474369,0.0
1781679322325.711,0.0,0.001745329238474369,0.0
1781679322330.7197,0.0,0.0,0.0
1781679322335.7283,-0.001745329238474369,-0.003490658476948738,-0.001745329238474369
1781679322340.7368,-0.001745329238474369,0.0,0.001745329238474369
1781679322345.7454,-0.001745329238474369,-0.001745329238474369,0.0
1781679322350.7542,0.001745329238474369,0.0,0.0
1781679322355.7627,0.0,-0.001745329238474369,0.0
1781679322360.7712,-0.001745329238474369,0.0,0.0
1781679322365.78,0.0,0.0,0.003490658476948738
1781679322370.7876,-0.001745329238474369,-0.001745329238474369,0.0
1781679322375.7961,-0.001745329238474369,-0.006981316953897476,0.0
1781679322380.8047,0.0,0.0,0.005235987715423107
1781679322385.8135,-0.005235987715423107,-0.001745329238474369,0.0
1781679322390.822,0.0,-0.001745329238474369,-0.001745329238474369
1781679322395.8306,0.0,-0.001745329238474369,0.0
1781679322400.839,0.0,0.0,0.0
1781679322405.848,0.0,0.0,0.0
1781679322410.8564,-0.001745329238474369,0.0,-0.003490658476948738
1781679322415.865,-0.001745329238474369,-0.001745329238474369,0.0
1781679322420.8735,0.0,0.001745329238474369,0.0
1781679322425.8823,0.0,0.003490658476948738,0.0
1781679322430.8909,0.0,0.001745329238474369,0.0
1781679322435.8994,-0.001745329238474369,0.001745329238474369,0.0
1781679322440.9082,0.0,0.001745329238474369,0.0
1781679322445.9158,-0.001745329238474369,0.0,-0.003490658476948738
1781679322450.9243,-0.001745329238474369,0.0,0.0
1781679322455.9329,0.0,0.0,0.0
1781679322460.9417,0.0,0.0,0.0
1781679322465.9502,0.0,0.001745329238474369,0.001745329238474369
1781679322470.9587,0.0,0.003490658476948738,-0.005235987715423107
1781679322475.9673,-0.001745329238474369,0.0,0.0
1781679322480.976,-0.001745329238474369,-0.001745329238474369,0.0
1781679322485.9846,0.0,0.0,0.0
1781679322490.9932,-0.001745329238474369,0.0,0.0
1781679322496.002,0.0,0.0,-0.001745329238474369
1781679322501.0105,-0.001745329238474369,0.0,0.001745329238474369
1781679322506.019,0.0,0.0,0.0
1781679322511.0276,0.0,0.003490658476948738,-0.001745329238474369
1781679322516.0364,-0.003490658476948738,-0.001745329238474369,0.0
1781679322521.045,-0.003490658476948738,0.001745329238474369,0.005235987715423107
1781679322526.0535,0.0,0.0,-0.003490658476948738
1781679322531.061,0.0,0.003490658476948738,0.0
1781679322536.0698,-0.001745329238474369,0.0,0.0
1781679322541.0784,-0.001745329238474369,0.0,0.001745329238474369
1781679322546.087,-0.003490658476948738,0.0,-0.003490658476948738
1781679322551.0955,-0.001745329238474369,0.001745329238474369,0.0
1781679322556.1042,0.0,0.001745329238474369,0.001745329238474369
1781679322561.1128,0.0,0.0,-0.001745329238474369
1781679322566.1213,-0.001745329238474369,-0.001745329238474369,0.001745329238474369
1781679322571.1301,0.0,0.001745329238474369,0.0
1781679322576.1387,-0.001745329238474369,0.0,0.0
1781679322581.1472,-0.003490658476948738,0.0,0.003490658476948738
1781679322586.1558,0.0,-0.003490658476948738,0.0
1781679322591.1636,-0.003490658476948738,0.001745329238474369,-0.001745329238474369
1781679322596.172,0.0,0.005235987715423107,0.003490658476948738
1781679322601.1807,-0.003490658476948738,0.0,0.0
1781679322606.1892,0.0,0.0,0.0
1781679322611.198,0.0,0.0,-0.001745329238474369
1781679322616.2065,-0.001745329238474369,0.001745329238474369,-0.001745329238474369
1781679322621.215,0.0,0.003490658476948738,0.001745329238474369
1781679322626.2236,0.0,-0.003490658476948738,0.0
1781679322631.2324,-0.001745329238474369,0.003490658476948738,0.0
1781679322636.241,0.0,0.0,0.0
1781679322641.2495,0.0,0.0,-0.001745329238474369
1781679322646.2583,0.0,0.001745329238474369,0.0
1781679322651.2668,0.0,0.001745329238474369,0.001745329238474369
1781679322656.2754,0.0,-0.003490658476948738,0.0
1781679322661.284,-0.001745329238474369,-0.005235987715423107,0.001745329238474369
1781679322666.2925,0.0,0.001745329238474369,0.0
1781679322671.3008,0.0,0.001745329238474369,-0.001745329238474369
1781679322676.3093,0.0,-0.001745329238474369,0.0
1781679322681.317,-0.001745329238474369,0.0,0.0
1781679322686.3254,-0.001745329238474369,0.0,0.001745329238474369
1781679322691.334,0.0,-0.005235987715423107,-0.003490658476948738
1781679322696.3425,0.0,0.0,0.001745329238474369
1781679322701.351,-0.003490658476948738,0.0,-0.001745329238474369
1781679322706.3596,0.0,0.0,0.0
1781679322711.3682,-0.001745329238474369,0.001745329238474369,0.0
1781679322716.3767,0.001745329238474369,0.0,0.0
1781679322721.3853,-0.001745329238474369,0.001745329238474369,0.0
1781679322726.3936,0.0,0.0,0.0
1781679322731.402,0.0,0.003490658476948738,-0.001745329238474369
1781679322736.4106,0.0,0.003490658476948738,0.0
1781679322741.4182,-0.001745329238474369,0.003490658476948738,0.0
1781679322746.4277,-0.001745329238474369,-0.003490658476948738,-0.001745329238474369
1781679322751.4353,0.0,-0.003490658476948738,0.0
1781679322756.4438,-0.001745329238474369,-0.001745329238474369,-0.001745329238474369
1781679322761.4524,-0.003490658476948738,-0.003490658476948738,0.0
1781679322766.461,0.0,0.0,-0.003490658476948738
1781679322771.4695,-0.001745329238474369,0.0,-0.003490658476948738
1781679322776.4778,-0.001745329238474369,0.001745329238474369,0.0
1781679322781.4863,0.0,0.0,0.0
1781679322786.4949,-0.001745329238474369,-0.001745329238474369,0.0
1781679322791.5034,-0.001745329238474369,0.0,0.0
1781679322796.512,-0.003490658476948738,-0.006981316953897476,0.0
1781679322801.5205,-0.001745329238474369,0.0,0.0
1781679322806.529,-0.001745329238474369,0.0,0.0
1781679322811.5376,0.0,0.0,0.0
1781679322816.5461,-0.001745329238474369,0.0,-0.001745329238474369
1781679322821.5537,-0.001745329238474369,0.0,0.0
1781679322826.562,0.001745329238474369,0.0,0.001745329238474369
1781679322831.5706,-0.003490658476948738,0.0,0.0
1781679322836.579,0.0,-0.001745329238474369,-0.003490658476948738
1781679322841.5876,-0.001745329238474369,0.003490658476948738,0.0
1781679322846.5962,0.0,0.005235987715423107,-0.001745329238474369
1781679322851.6047,0.0,0.0,-0.001745329238474369
1781679322856.6133,-0.001745329238474369,0.0,0.0
1781679322861.6218,-0.001745329238474369,0.0,0.001745329238474369
1781679322866.6304,0.0,0.0,-0.001745329238474369
1781679322871.639,0.0,0.0,0.0
1781679322876.6472,0.0,0.0,0.0
1781679322881.6558,-0.001745329238474369,0.0,0.001745329238474369
1781679322886.6643,0.0,0.0,-0.001745329238474369
1781679322891.6729,-0.003490658476948738,0.0,0.001745329238474369
1781679322896.6814,0.0,0.003490658476948738,0.0
1781679322901.689,0.0,-0.001745329238474369,-0.001745329238474369
1781679322906.6975,-0.003490658476948738,-0.005235987715423107,0.0
1781679322911.706,-0.003490658476948738,0.001745329238474369,0.0
1781679322916.7146,-0.001745329238474369,0.0,-0.001745329238474369
1781679322921.723,-0.001745329238474369,0.0,0.0
1781679322926.7314,-0.001745329238474369,0.0,0.001745329238474369
1781679322931.74,-0.001745329238474369,0.0,0.0
1781679322936.7485,-0.001745329238474369,0.0,-0.003490658476948738
1781679322941.757,0.0,0.0,-0.001745329238474369
1781679322946.7656,0.0,0.0,0.0
1781679322951.7742,0.0,0.0,0.0
1781679322956.7827,-0.003490658476948738,0.001745329238474369,-0.003490658476948738
1781679322961.7913,-0.001745329238474369,0.0,-0.005235987715423107
1781679322966.7996,-0.001745329238474369,0.0,0.0
1781679322971.808,-0.001745329238474369,0.0,0.0
1781679322976.8167,0.0,-0.005235987715423107,0.0
1781679322981.8242,-0.001745329238474369,0.003490658476948738,0.0
1781679322986.8328,0.0,-0.003490658476948738,0.0
1781679322991.8413,0.0,0.001745329238474369,0.001745329238474369
1781679322996.8499,0.0,-0.003490658476948738,0.0
1781679323001.8584,-0.001745329238474369,0.0,-0.001745329238474369
1781679323006.867,0.0,0.001745329238474369,0.001745329238474369
1781679323011.8752,0.0,0.0,0.0
1781679323016.8838,0.0,0.0,0.0
1781679323021.8923,0.0,0.0,0.0
1781679323026.901,-0.003490658476948738,-0.001745329238474369,0.001745329238474369
1781679323031.9094,-0.001745329238474369,0.0,0.0
1781679323036.918,0.0,-0.001745329238474369,0.0
1781679323041.9265,-0.003490658476948738,-0.001745329238474369,-0.001745329238474369
1781679323046.9338,-0.005235987715423107,0.0,0.0
1781679323051.9424,-0.001745329238474369,-0.001745329238474369,0.0
1781679323056.952,-0.003490658476948738,0.0,-0.001745329238474369
1781679323061.9595,0.0,-0.001745329238474369,0.0
1781679323066.968,-0.003490658476948738,-0.005235987715423107,0.0
1781679323071.9766,0.0,-0.001745329238474369,-0.001745329238474369
1781679323076.985,0.0,0.001745329238474369,-0.001745329238474369
1781679323081.9937,-0.003490658476948738,0.0,-0.001745329238474369
1781679323087.0022,0.0,0.0,0.0
1781679323092.0105,-0.003490658476948738,0.0,-0.001745329238474369
1781679323097.019,-0.001745329238474369,0.0,0.0
1781679323102.0276,-0.001745329238474369,0.0,0.0
1781679323107.0361,-0.001745329238474369,0.0,0.0
1781679323112.0447,-0.003490658476948738,0.001745329238474369,0.001745329238474369
1781679323117.0532,-0.001745329238474369,0.003490658476948738,0.0
1781679323122.0618,0.0,0.001745329238474369,0.0
1781679323127.069,-0.003490658476948738,0.0,0.0
1781679323132.0776,-0.003490658476948738,0.0,0.0
1781679323137.0862,-0.001745329238474369,0.0,0.0
1781679323142.0947,-0.001745329238474369,0.001745329238474369,0.0
1781679323147.1033,0.0,0.0,0.0
1781679323152.1118,-0.001745329238474369,-0.003490658476948738,0.0
1781679323157.1204,0.0,-0.006981316953897476,0.0
1781679323162.129,-0.001745329238474369,0.0,-0.001745329238474369
1781679323167.1372,0.0,-0.001745329238474369,0.0
1781679323172.1458,-0.003490658476948738,0.003490658476948738,0.0
1781679323177.1543,0.0,0.0,0.0
1781679323182.1628,0.0,0.0,0.0
1781679323187.1714,0.0,0.0,0.0
1781679323192.18,-0.001745329238474369,0.0,0.0
1781679323197.1885,0.0,-0.003490658476948738,0.0
1781679323202.197,0.0,0.0,0.001745329238474369
1781679323207.2043,-0.003490658476948738,0.0,-0.003490658476948738
1781679323212.213,0.0,0.0,0.0
1781679323217.2214,-0.0,-0.005235987715423107,0.001745329238474369
1781679323222.23,-0.001745329238474369,0.003490658476948738,0.0
1781679323227.2385,-0.005235987715423107,0.0,0.0
1781679323232.247,-0.001745329238474369,-0.003490658476948738,0.0
1781679323237.2556,0.0,0.0,0.001745329238474369
1781679323242.264,0.0,0.001745329238474369,0.0
1781679323247.2725,-0.001745329238474369,0.0,0.0
1781679323252.281,0.0,0.001745329238474369,0.005235987715423107
1781679323257.2896,0.0,-0.001745329238474369,0.0
1781679323262.298,0.0,0.0,0.001745329238474369
1781679323267.3066,-0.001745329238474369,0.0,-0.003490658476948738
1781679323272.3152,-0.001745329238474369,-0.001745329238474369,0.0
1781679323277.3225,-0.001745329238474369,0.0,0.0
1781679323282.331,0.0,0.005235987715423107,0.0
1781679323287.3396,-0.003490658476948738,-0.006981316953897476,0.001745329238474369
1781679323292.3481,-0.001745329238474369,0.0,0.0
1781679323297.3567,0.0,0.003490658476948738,0.0
1781679323302.3652,0.0,0.0,-0.005235987715423107
1781679323307.3738,-0.001745329238474369,0.0,0.001745329238474369
1781679323312.382,-0.001745329238474369,0.0,0.003490658476948738
1781679323317.3906,0.0,0.001745329238474369,0.001745329238474369
1781679323322.3992,0.0,-0.001745329238474369,-0.003490658476948738
1781679323327.4077,0.0,0.0,0.0
1781679323332.4163,0.0,0.0,0.0
1781679323337.4248,-0.001745329238474369,0.0,0.0
1781679323342.4333,-0.001745329238474369,-0.001745329238474369,0.001745329238474369
1781679323347.4417,0.0,-0.003490658476948738,0.0
1781679323352.4502,0.0,0.0,0.0
1781679323357.4587,0.0,0.005235987715423107,0.0
1781679323362.4663,-0.003490658476948738,0.001745329238474369,0.0
1781679323367.4749,0.0,0.0,0.0
1781679323372.4834,-0.0,-0.001745329238474369,0.001745329238474369
1781679323377.4917,-0.001745329238474369,0.0,-0.001745329238474369
1781679323382.5002,-0.001745329238474369,0.0,-0.003490658476948738
1781679323387.5088,0.0,0.0,-0.001745329238474369
1781679323392.5173,-0.001745329238474369,0.003490658476948738,0.0
1781679323397.526,0.0,0.001745329238474369,0.001745329238474369
1781679323402.5344,-0.005235987715423107,0.0,0.0
1781679323407.543,0.0,0.0,-0.001745329238474369
1781679323412.5513,-0.003490658476948738,-0.003490658476948738,0.0
1781679323417.5598,0.0,0.0,0.0
1781679323422.5684,-0.003490658476948738,0.0,-0.005235987715423107
1781679323427.577,-0.001745329238474369,0.0,0.0
1781679323432.5845,-0.001745329238474369,0.0,-0.001745329238474369
1781679323437.593,-0.001745329238474369,0.0,0.0
1781679323442.6013,-0.001745329238474369,-0.003490658476948738,0.001745329238474369
1781679323447.6099,-0.001745329238474369,0.0,0.001745329238474369
1781679323452.6184,-0.001745329238474369,0.0,-0.001745329238474369
1781679323457.627,-0.003490658476948738,-0.001745329238474369,0.001745329238474369
1781679323462.6355,0.0,0.001745329238474369,-0.003490658476948738
1781679323467.644,0.0,0.0,-0.001745329238474369
1781679323472.6523,-0.001745329238474369,0.0,0.001745329238474369
1781679323477.661,-0.001745329238474369,0.0,0.0
1781679323482.6694,-0.001745329238474369,0.0,0.0
1781679323487.678,0.0,-0.001745329238474369,0.0
1781679323492.6865,0.0,0.0,0.001745329238474369
1781679323497.695,-0.001745329238474369,0.0,-0.001745329238474369
1781679323502.7036,-0.001745329238474369,-0.005235987715423107,0.0
1781679323507.712,0.0,0.0,0.0
1781679323512.7195,-0.003490658476948738,0.001745329238474369,-0.001745329238474369
1781679323517.728,0.0,-0.003490658476948738,0.0
1781679323522.7366,-0.001745329238474369,0.005235987715423107,-0.001745329238474369
1781679323527.745,-0.003490658476948738,-0.003490658476948738,-0.001745329238474369
1781679323532.7534,-0.001745329238474369,0.0,0.0
1781679323537.762,-0.001745329238474369,-0.005235987715423107,0.0
1781679323542.7705,0.0,-0.001745329238474369,-0.001745329238474369
1781679323547.779,0.0,0.001745329238474369,0.0
1781679323552.7876,0.0,-0.001745329238474369,-0.001745329238474369
1781679323557.7961,0.0,-0.001745329238474369,0.0
1781679323562.8044,0.0,-0.005235987715423107,0.0
1781679323567.813,-0.005235987715423107,0.0,0.0
1781679323572.8215,-0.001745329238474369,0.001745329238474369,0.0
1781679323577.83,-0.003490658476948738,-0.003490658476948738,0.0
1781679323582.8386,0.0,0.0,0.0
1781679323587.8462,0.0,0.0,0.0
1781679323592.8545,-0.003490658476948738,-0.003490658476948738,0.0
1781679323597.863,0.0,0.0,-0.003490658476948738
1781679323602.8716,0.0,0.0,0.0
1781679323607.8801,-0.001745329238474369,0.0,-0.003490658476948738
1781679323612.8887,-0.003490658476948738,0.0,-0.003490658476948738
1781679323617.8972,-0.003490658476948738,0.0,0.0
1781679323622.9055,-0.001745329238474369,-0.001745329238474369,0.003490658476948738
1781679323627.914,-0.003490658476948738,-0.001745329238474369,0.001745329238474369
1781679323632.9226,-0.001745329238474369,0.0,-0.003490658476948738
1781679323637.9312,-0.001745329238474369,0.0,0.0
1781679323642.9397,-0.001745329238474369,0.001745329238474369,0.0
1781679323647.9482,0.0,0.0,0.0
1781679323652.9556,0.0,0.0,0.0
1781679323657.9653,-0.005235987715423107,0.0,0.0
1781679323662.974,0.0,0.0,-0.001745329238474369
1781679323667.983,0.0,-0.001745329238474369,0.0
