1781679126193.0718,-0.04903324693441391,-9.492836952209473,0.26477953791618347
1781679126209.1404,-0.06864655017852783,-9.492836952209473,0.26477953791618347
1781679126225.2104,-0.04903324693441391,-9.492836952209473,0.24516624212265015
1781679126241.281,-0.08825984597206116,-9.473223686218262,0.26477953791618347
1781679126257.3528,-0.04903324693441391,-9.473223686218262,0.26477953791618347
1781679126273.4263,-0.06864655017852783,-9.492836952209473,0.24516624212265015
1781679126289.499,-0.029419949278235435,-9.473223686218262,0.24516624212265015
1781679126305.5713,-0.04903324693441391,-9.473223686218262,0.22555294632911682
1781679126321.646,-0.029419949278235435,-9.492836952209473,0.26477953791618347
1781679126337.7212,-0.06864655017852783,-9.492836952209473,0.24516624212265015
1781679126353.7937,-0.04903324693441391,-9.473223686218262,0.26477953791618347
1781679126369.869,-0.06864655017852783,-9.473223686218262,0.22555294632911682
1781679126385.9443,-0.04903324693441391,-9.492836952209473,0.26477953791618347
1781679126402.019,-0.04903324693441391,-9.473223686218262,0.26477953791618347
1781679126418.0935,-0.06864655017852783,-9.473223686218262,0.24516624212265015
1781679126434.1692,-0.04903324693441391,-9.473223686218262,0.24516624212265015
1781679126450.2466,-0.04903324693441391,-9.473223686218262,0.26477953791618347
1781679126466.3232,-0.029419949278235435,-9.492836952209473,0.24516624212265015
1781679126482.4014,-0.04903324693441391,-9.473223686218262,0.24516624212265015
1781679126498.4797,-0.029419949278235435,-9.473223686218262,0.24516624212265015
1781679126514.5598,-0.06864655017852783,-9.473223686218262,0.24516624212265015
1781679126530.6404,-0.029419949278235435,-9.473223686218262,0.2843928337097168
1781679126546.7202,-0.06864655017852783,-9.492836952209473,0.24516624212265015
1781679126562.787,-0.04903324693441391,-9.473223686218262,0.24516624212265015
1781679126578.86,-0.06864655017852783,-9.473223686218262,0.24516624212265015
1781679126594.9346,-0.029419949278235435,-9.492836952209473,0.26477953791618347
1781679126611.0098,-0.06864655017852783,-9.473223686218262,0.22555294632911682
1781679126627.0852,-0.04903324693441391,-9.473223686218262,0.26477953791618347
1781679126643.1604,-0.06864655017852783,-9.473223686218262,0.24516624212265015
1781679126659.2363,-0.04903324693441391,-9.473223686218262,0.24516624212265015
1781679126675.3145,-0.06864655017852783,-9.492836952209473,0.2843928337097168
1781679126691.3923,-0.029419949278235435,-9.492836952209473,0.24516624212265015
1781679126707.4697,-0.06864655017852783,-9.473223686218262,0.26477953791618347
1781679126723.5466,-0.04903324693441391,-9.473223686218262,0.2843928337097168
1781679126739.624,-0.06864655017852783,-9.473223686218262,0.24516624212265015
1781679126755.7031,-0.06864655017852783,-9.492836952209473,0.24516624212265015
1781679126771.7827,-0.04903324693441391,-9.473223686218262,0.24516624212265015
1781679126787.8628,-0.04903324693441391,-9.473223686218262,0.26477953791618347
1781679126803.9443,-0.04903324693441391,-9.492836952209473,0.24516624212265015
1781679126820.0266,-0.04903324693441391,-9.492836952209473,0.24516624212265015
1781679126836.1104,-0.04903324693441391,-9.473223686218262,0.26477953791618347
1781679126852.1936,-0.04903324693441391,-9.492836952209473,0.26477953791618347
1781679126868.2786,-0.06864655017852783,-9.473223686218262,0.26477953791618347
1781679126884.3638,-0.06864655017852783,-9.473223686218262,0.22555294632911682
1781679126900.4497,-0.029419949278235435,-9.473223686218262,0.26477953791618347
1781679126916.5364,-0.06864655017852783,-9.473223686218262,0.24516624212265015
1781679126932.6233,-0.06864655017852783,-9.473223686218262,0.24516624212265015
1781679126948.71,-0.06864655017852783,-9.492836952209473,0.22555294632911682
1781679126964.798,-0.029419949278235435,-9.492836952209473,0.24516624212265015
1781679126980.8877,-0.04903324693441391,-9.473223686218262,0.26477953791618347
1781679126996.977,-0.04903324693441391,-9.473223686218262,0.22555294632911682
1781679127013.0688,-0.06864655017852783,-9.492836952209473,0.24516624212265015
1781679127029.1611,-0.04903324693441391,-9.473223686218262,0.26477953791618347
1781679127045.252,-0.04903324693441391,-9.473223686218262,0.26477953791618347
1781679127061.3445,-0.04903324693441391,-9.473223686218262,0.24516624212265015
1781679127077.4353,-0.04903324693441391,-9.473223686218262,0.24516624212265015
1781679127093.5288,-0.029419949278235435,-9.473223686218262,0.26477953791618347
1781679127109.623,-0.04903324693441391,-9.473223686218262,0.26477953791618347
1781679127125.7175,-0.04903324693441391,-9.492836952209473,0.24516624212265015
1781679127141.8118,-0.06864655017852783,-9.473223686218262,0.22555294632911682
1781679127157.9053,-0.04903324693441391,-9.473223686218262,0.24516624212265015
1781679127173.9995,-0.06864655017852783,-9.492836952209473,0.24516624212265015
1781679127190.0955,-0.04903324693441391,-9.473223686218262,0.24516624212265015
1781679127206.1917,-0.06864655017852783,-9.492836952209473,0.2843928337097168
1781679127222.2886,-0.04903324693441391,-9.492836952209473,0.24516624212265015
1781679127238.386,-0.04903324693441391,-9.492836952209473,0.24516624212265015
1781679127254.4841,-0.04903324693441391,-9.473223686218262,0.24516624212265015
1781679127270.5815,-0.04903324693441391,-9.492836952209473,0.26477953791618347
1781679127286.6797,-0.04903324693441391,-9.473223686218262,0.26477953791618347
1781679127302.7793,-0.06864655017852783,-9.473223686218262,0.26477953791618347
1781679127318.8794,-0.06864655017852783,-9.473223686218262,0.24516624212265015
1781679127334.9792,-0.04903324693441391,-9.492836952209473,0.26477953791618347
1781679127351.0793,-0.04903324693441391,-9.473223686218262,0.26477953791618347
1781679127367.1802,-0.04903324693441391,-9.492836952209473,0.24516624212265015
1781679127383.2815,-0.06864655017852783,-9.473223686218262,0.24516624212265015
1781679127399.3835,-0.04903324693441391,-9.473223686218262,0.22555294632911682
1781679127415.487,-0.04903324693441391,-9.473223686218262,0.24516624212265015
1781679127431.591,-0.04903324693441391,-9.473223686218262,0.24516624212265015
1781679127447.6956,-0.04903324693441391,-9.473223686218262,0.26477953791618347
1781679127463.8005,-0.04903324693441391,-9.45361042022705,0.24516624212265015
1781679127479.9043,-0.04903324693441391,-9.492836952209473,0.24516624212265015
1781679127496.0083,-0.04903324693441391,-9.473223686218262,0.24516624212265015
1781679127512.113,-0.04903324693441391,-9.492836952209473,0.26477953791618347
1781679127528.2195,-0.04903324693441391,-9.473223686218262,0.26477953791618347
1781679127544.3271,-0.04903324693441391,-9.473223686218262,0.24516624212265015
1781679127560.4346,-0.04903324693441391,-9.492836952209473,0.26477953791618347
1781679127576.4536,-0.04903324693441391,-9.492836952209473,0.24516624212265015
1781679127592.4436,-0.04903324693441391,-9.473223686218262,0.24516624212265015
1781679127608.4346,-0.04903324693441391,-9.492836952209473,0.22555294632911682
1781679127624.4255,-0.04903324693441391,-9.473223686218262,0.26477953791618347
1781679127640.4158,-0.04903324693441391,-9.473223686218262,0.24516624212265015
1781679127656.4055,-0.04903324693441391,-9.492836952209473,0.24516624212265015
1781679127672.3945,-0.06864655017852783,-9.473223686218262,0.24516624212265015
1781679127688.3845,-0.029419949278235435,-9.473223686218262,0.26477953791618347
1781679127704.3755,-0.04903324693441391,-9.492836952209473,0.2843928337097168
1781679127720.3643,-0.04903324693441391,-9.492836952209473,0.26477953791618347
1781679127736.3533,-0.04903324693441391,-9.473223686218262,0.26477953791618347
1781679127752.343,-0.04903324693441391,-9.492836952209473,0.26477953791618347
1781679127768.334,-0.04903324693441391,-9.492836952209473,0.24516624212265015
1781679127784.3237,-0.04903324693441391,-9.473223686218262,0.26477953791618347
1781679127800.3125,-0.06864655017852783,-9.492836952209473,0.24516624212265015
1781679127816.3025,-0.04903324693441391,-9.492836952209473,0.26477953791618347
1781679127832.2922,-0.04903324693441391,-9.492836952209473,0.24516624212265015
1781679127848.282,-0.04903324693441391,-9.473223686218262,0.24516624212265015
1781679127864.2717,-0.06864655017852783,-9.492836952209473,0.24516624212265015
1781679127880.2622,-0.04903324693441391,-9.473223686218262,0.24516624212265015
1781679127896.252,-0.029419949278235435,-9.473223686218262,0.24516624212265015
1781679127912.2417,-0.04903324693441391,-9.492836952209473,0.24516624212265015
1781679127928.2324,-0.04903324693441391,-9.492836952209473,0.26477953791618347
1781679127944.223,-0.06864655017852783,-9.473223686218262,0.26477953791618347
1781679127960.2136,-0.04903324693441391,-9.473223686218262,0.26477953791618347
1781679127976.2021,-0.04903324693441391,-9.473223686218262,0.24516624212265015
1781679127992.1926,-0.06864655017852783,-9.492836952209473,0.26477953791618347
1781679128008.1824,-0.04903324693441391,-9.473223686218262,0.24516624212265015
1781679128024.1729,-0.04903324693441391,-9.492836952209473,0.26477953791618347
1781679128040.1614,-0.04903324693441391,-9.492836952209473,0.22555294632911682
1781679128056.1497,-0.04903324693441391,-9.473223686218262,0.24516624212265015
1781679128072.1382,-0.04903324693441391,-9.473223686218262,0.26477953791618347
1781679128088.1267,-0.04903324693441391,-9.492836952209473,0.26477953791618347
1781679128104.1152,-0.06864655017852783,-9.492836952209473,0.26477953791618347
1781679128120.1025,-0.06864655017852783,-9.492836952209473,0.26477953791618347
1781679128136.0908,-0.029419949278235435,-9.492836952209473,0.24516624212265015
1781679128152.0784,-0.04903324693441391,-9.473223686218262,0.26477953791618347
1781679128168.0667,-0.04903324693441391,-9.492836952209473,0.26477953791618347
1781679128184.056,-0.04903324693441391,-9.492836952209473,0.24516624212265015
1781679128200.0442,-0.04903324693441391,-9.473223686218262,0.26477953791618347
1781679128216.0337,-0.04903324693441391,-9.473223686218262,0.26477953791618347
1781679128232.022,-0.04903324693441391,-9.473223686218262,0.24516624212265015
1781679128248.01,-0.04903324693441391,-9.473223686218262,0.24516624212265015
1781679128263.9973,-0.04903324693441391,-9.473223686218262,0.24516624212265015
1781679128279.9856,-0.04903324693441391,-9.492836952209473,0.26477953791618347
1781679128295.9736,-0.04903324693441391,-9.473223686218262,0.24516624212265015
1781679128311.96,-0.029419949278235435,-9.492836952209473,0.26477953791618347
1781679128327.948,-0.04903324693441391,-9.473223686218262,0.24516624212265015
1781679128343.9363,-0.04903324693441391,-9.473223686218262,0.26477953791618347
1781679128359.9243,-0.06864655017852783,-9.473223686218262,0.24516624212265015
1781679128375.9133,-0.04903324693441391,-9.473223686218262,0.26477953791618347
1781679128391.9036,-0.04903324693441391,-9.473223686218262,0.26477953791618347
1781679128407.8936,-0.04903324693441391,-9.473223686218262,0.26477953791618347
1781679128423.8835,-0.06864655017852783,-9.45361042022705,0.24516624212265015
1781679128439.8745,-0.04903324693441391,-9.473223686218262,0.26477953791618347
1781679128455.8635,-0.04903324693441391,-9.492836952209473,0.26477953791618347
1781679128471.8516,-0.04903324693441391,-9.473223686218262,0.26477953791618347
1781679128487.8406,-0.06864655017852783,-9.473223686218262,0.26477953791618347
1781679128503.8284,-0.04903324693441391,-9.492836952209473,0.24516624212265015
1781679128519.8164,-0.029419949278235435,-9.473223686218262,0.26477953791618347
1781679128535.8052,-0.04903324693441391,-9.492836952209473,0.24516624212265015
1781679128551.7942,-0.04903324693441391,-9.473223686218262,0.22555294632911682
1781679128567.783,-0.04903324693441391,-9.473223686218262,0.24516624212265015
1781679128583.7732,-0.04903324693441391,-9.473223686218262,0.24516624212265015
1781679128599.7615,-0.029419949278235435,-9.492836952209473,0.26477953791618347
1781679128615.7507,-0.04903324693441391,-9.473223686218262,0.24516624212265015
1781679128631.7407,-0.06864655017852783,-9.492836952209473,0.24516624212265015
1781679128647.732,-0.04903324693441391,-9.492836952209473,0.26477953791618347
1781679128663.7222,-0.04903324693441391,-9.473223686218262,0.26477953791618347
1781679128679.7124,-0.04903324693441391,-9.473223686218262,0.24516624212265015
1781679128695.7014,-0.04903324693441391,-9.492836952209473,0.26477953791618347
1781679128711.6904,-0.04903324693441391,-9.492836952209473,0.24516624212265015
1781679128727.6797,-0.04903324693441391,-9.473223686218262,0.24516624212265015
1781679128743.6697,-0.04903324693441391,-9.473223686218262,0.26477953791618347
1781679128759.6597,-0.06864655017852783,-9.473223686218262,0.26477953791618347
1781679128775.6477,-0.04903324693441391,-9.492836952209473,0.24516624212265015
1781679128791.6387,-0.04903324693441391,-9.473223686218262,0.26477953791618347
1781679128807.6296,-0.04903324693441391,-9.473223686218262,0.26477953791618347
1781679128823.6206,-0.04903324693441391,-9.492836952209473,0.26477953791618347
1781679128839.6096,-0.06864655017852783,-9.473223686218262,0.26477953791618347
1781679128855.5974,-0.04903324693441391,-9.492836952209473,0.24516624212265015
1781679128871.5864,-0.06864655017852783,-9.473223686218262,0.26477953791618347
1781679128887.5752,-0.04903324693441391,-9.473223686218262,0.24516624212265015
1781679128903.5652,-0.06864655017852783,-9.473223686218262,0.24516624212265015
1781679128919.556,-0.04903324693441391,-9.473223686218262,0.26477953791618347
1781679128935.545,-0.04903324693441391,-9.473223686218262,0.26477953791618347
1781679128951.5327,-0.029419949278235435,-9.492836952209473,0.26477953791618347
1781679128967.5215,-0.04903324693441391,-9.473223686218262,0.26477953791618347
1781679128983.5112,-0.04903324693441391,-9.473223686218262,0.26477953791618347
1781679128999.499,-0.04903324693441391,-9.473223686218262,0.26477953791618347
1781679129015.4878,-0.04903324693441391,-9.492836952209473,0.2843928337097168
1781679129031.4785,-0.06864655017852783,-9.45361042022705,0.26477953791618347
1781679129047.468,-0.04903324693441391,-9.492836952209473,0.26477953791618347
1781679129063.4558,-0.06864655017852783,-9.473223686218262,0.24516624212265015
1781679129079.4453,-0.009806649759411812,-9.473223686218262,0.2843928337097168
1781679129095.436,-0.06864655017852783,-9.473223686218262,0.24516624212265015
1781679129111.4236,-0.04903324693441391,-9.473223686218262,0.24516624212265015
1781679129127.4143,-0.06864655017852783,-9.492836952209473,0.26477953791618347
1781679129143.4067,-0.04903324693441391,-9.473223686218262,0.2843928337097168
1781679129159.3975,-0.06864655017852783,-9.473223686218262,0.24516624212265015
1781679129175.387,-0.04903324693441391,-9.492836952209473,0.22555294632911682
1781679129191.3774,-0.04903324693441391,-9.492836952209473,0.26477953791618347
1781679129207.368,-0.029419949278235435,-9.45361042022705,0.24516624212265015
1781679129223.3574,-0.06864655017852783,-9.473223686218262,0.24516624212265015
1781679129239.347,-0.029419949278235435,-9.473223686218262,0.24516624212265015
1781679129255.3364,-0.06864655017852783,-9.473223686218262,0.2843928337097168
1781679129271.3257,-0.04903324693441391,-9.473223686218262,0.26477953791618347
1781679129287.3152,-0.06864655017852783,-9.492836952209473,0.24516624212265015
1781679129303.3044,-0.04903324693441391,-9.473223686218262,0.26477953791618347
1781679129319.295,-0.04903324693441391,-9.473223686218262,0.26477953791618347
1781679129335.2864,-0.04903324693441391,-9.473223686218262,0.26477953791618347
1781679129351.2756,-0.06864655017852783,-9.473223686218262,0.24516624212265015
1781679129367.2659,-0.04903324693441391,-9.473223686218262,0.26477953791618347
1781679129383.256,-0.04903324693441391,-9.473223686218262,0.26477953791618347
1781679129399.2466,-0.06864655017852783,-9.473223686218262,0.24516624212265015
1781679129415.2368,-0.06864655017852783,-9.473223686218262,0.24516624212265015
1781679129431.227,-0.029419949278235435,-9.473223686218262,0.26477953791618347
1781679129447.216,-0.04903324693441391,-9.473223686218262,0.26477953791618347
1781679129463.2063,-0.06864655017852783,-9.473223686218262,0.22555294632911682
1781679129479.1975,-0.04903324693441391,-9.473223686218262,0.26477953791618347
1781679129495.1868,-0.04903324693441391,-9.473223686218262,0.26477953791618347
1781679129511.1758,-0.029419949278235435,-9.492836952209473,0.24516624212265015
1781679129527.165,-0.06864655017852783,-9.473223686218262,0.24516624212265015
1781679129543.154,-0.04903324693441391,-9.492836952209473,0.24516624212265015
1781679129559.142,-0.04903324693441391,-9.473223686218262,0.26477953791618347
1781679129575.1301,-0.04903324693441391,-9.492836952209473,0.26477953791618347
1781679129591.1196,-0.06864655017852783,-9.473223686218262,0.22555294632911682
1781679129607.11,-0.04903324693441391,-9.473223686218262,0.24516624212265015
1781679129623.1006,-0.06864655017852783,-9.473223686218262,0.26477953791618347
1781679129639.09,-0.04903324693441391,-9.473223686218262,0.24516624212265015
1781679129655.0806,-0.04903324693441391,-9.473223686218262,0.24516624212265015
1781679129671.068,-0.029419949278235435,-9.473223686218262,0.26477953791618347
1781679129687.0574,-0.04903324693441391,-9.492836952209473,0.26477953791618347
1781679129703.046,-0.06864655017852783,-9.473223686218262,0.26477953791618347
1781679129719.0342,-0.06864655017852783,-9.473223686218262,0.22555294632911682
1781679129735.0234,-0.04903324693441391,-9.473223686218262,0.26477953791618347
1781679129751.014,-0.04903324693441391,-9.492836952209473,0.24516624212265015
1781679129767.0032,-0.04903324693441391,-9.473223686218262,0.24516624212265015
1781679129782.9915,-0.06864655017852783,-9.473223686218262,0.26477953791618347
1781679129798.9807,-0.029419949278235435,-9.473223686218262,0.26477953791618347
1781679129814.971,-0.06864655017852783,-9.492836952209473,0.24516624212265015
1781679129830.9612,-0.06864655017852783,-9.473223686218262,0.26477953791618347
1781679129846.9504,-0.06864655017852783,-9.473223686218262,0.24516624212265015
1781679129862.9407,-0.029419949278235435,-9.473223686218262,0.26477953791618347
1781679129878.9297,-0.06864655017852783,-9.473223686218262,0.26477953791618347
1781679129894.919,-0.04903324693441391,-9.473223686218262,0.24516624212265015
1781679129910.907,-0.06864655017852783,-9.492836952209473,0.26477953791618347
1781679129926.8962,-0.029419949278235435,-9.473223686218262,0.26477953791618347
1781679129942.8843,-0.06864655017852783,-9.492836952209473,0.24516624212265015
1781679129958.8723,-0.04903324693441391,-9.473223686218262,0.24516624212265015
1781679129974.8616,-0.06864655017852783,-9.473223686218262,0.24516624212265015
1781679129990.8506,-0.04903324693441391,-9.492836952209473,0.26477953791618347
1781679130006.8386,-0.04903324693441391,-9.473223686218262,0.24516624212265015
1781679130022.8286,-0.04903324693441391,-9.473223686218262,0.24516624212265015
1781679130038.8176,-0.04903324693441391,-9.473223686218262,0.24516624212265015
1781679130054.8066,-0.04903324693441391,-9.473223686218262,0.26477953791618347
1781679130070.7966,-0.04903324693441391,-9.473223686218262,0.26477953791618347
1781679130086.7854,-0.06864655017852783,-9.492836952209473,0.22555294632911682
1781679130102.7744,-0.04903324693441391,-9.473223686218262,0.24516624212265015
1781679130118.7632,-0.04903324693441391,-9.473223686218262,0.24516624212265015
1781679130134.7512,-0.029419949278235435,-9.492836952209473,0.24516624212265015
1781679130150.739,-0.04903324693441391,-9.473223686218262,0.22555294632911682
1781679130166.7268,-0.04903324693441391,-9.492836952209473,0.26477953791618347
1781679130182.7136,-0.04903324693441391,-9.473223686218262,0.26477953791618347
1781679130198.7014,-0.04903324693441391,-9.473223686218262,0.26477953791618347
1781679130214.6892,-0.06864655017852783,-9.473223686218262,0.24516624212265015
1781679130230.6782,-0.029419949278235435,-9.473223686218262,0.22555294632911682
1781679130246.6667,-0.04903324693441391,-9.473223686218262,0.26477953791618347
1781679130262.6545,-0.04903324693441391,-9.492836952209473,0.22555294632911682
1781679130278.6423,-0.04903324693441391,-9.473223686218262,0.2843928337097168
1781679130294.629,-0.04903324693441391,-9.492836952209473,0.26477953791618347
1781679130310.6177,-0.06864655017852783,-9.492836952209473,0.24516624212265015
1781679130326.6045,-0.029419949278235435,-9.492836952209473,0.26477953791618347
1781679130342.594,-0.06864655017852783,-9.492836952209473,0.24516624212265015
1781679130358.5828,-0.029419949278235435,-9.492836952209473,0.26477953791618347
1781679130374.5723,-0.06864655017852783,-9.473223686218262,0.24516624212265015
1781679130390.5608,-0.04903324693441391,-9.492836952209473,0.22555294632911682
1781679130406.5515,-0.04903324693441391,-9.473223686218262,0.26477953791618347
1781679130422.542,-0.029419949278235435,-9.473223686218262,0.24516624212265015
1781679130438.5334,-0.04903324693441391,-9.492836952209473,0.26477953791618347
1781679130454.524,-0.04903324693441391,-9.473223686218262,0.26477953791618347
1781679130470.5146,-0.04903324693441391,-9.492836952209473,0.24516624212265015
1781679130486.5051,-0.04903324693441391,-9.473223686218262,0.26477953791618347
1781679130502.4944,-0.04903324693441391,-9.492836952209473,0.24516624212265015
1781679130518.484,-0.04903324693441391,-9.492836952209473,0.22555294632911682
1781679130534.4734,-0.04903324693441391,-9.473223686218262,0.2843928337097168
1781679130550.4626,-0.06864655017852783,-9.473223686218262,0.24516624212265015
1781679130566.4512,-0.04903324693441391,-9.492836952209473,0.24516624212265015
1781679130582.4426,-0.06864655017852783,-9.473223686218262,0.26477953791618347
1781679130598.4338,-0.029419949278235435,-9.473223686218262,0.26477953791618347
1781679130614.4248,-0.04903324693441391,-9.492836952209473,0.24516624212265015
1781679130630.4158,-0.029419949278235435,-9.473223686218262,0.24516624212265015
1781679130646.407,-0.06864655017852783,-9.492836952209473,0.26477953791618347
1781679130662.397,-0.029419949278235435,-9.473223686218262,0.26477953791618347
1781679130678.388,-0.04903324693441391,-9.492836952209473,0.26477953791618347
1781679130694.38,-0.029419949278235435,-9.473223686218262,0.24516624212265015
1781679130710.3699,-0.04903324693441391,-9.473223686218262,0.26477953791618347
1781679130726.3599,-0.04903324693441391,-9.473223686218262,0.24516624212265015
1781679130742.3496,-0.06864655017852783,-9.492836952209473,0.26477953791618347
1781679130758.3416,-0.029419949278235435,-9.492836952209473,0.26477953791618347
1781679130774.3345,-0.06864655017852783,-9.45361042022705,0.24516624212265015
1781679130790.3254,-0.04903324693441391,-9.473223686218262,0.26477953791618347
1781679130806.3152,-0.04903324693441391,-9.45361042022705,0.24516624212265015
1781679130822.305,-0.04903324693441391,-9.492836952209473,0.24516624212265015
1781679130838.295,-0.04903324693441391,-9.492836952209473,0.26477953791618347
1781679130854.2847,-0.04903324693441391,-9.492836952209473,0.2843928337097168
1781679130870.2764,-0.04903324693441391,-9.473223686218262,0.24516624212265015
1781679130886.268,-0.06864655017852783,-9.492836952209473,0.24516624212265015
1781679130902.2598,-0.029419949278235435,-9.492836952209473,0.26477953791618347
1781679130918.2515,-0.04903324693441391,-9.473223686218262,0.24516624212265015
1781679130934.2412,-0.04903324693441391,-9.473223686218262,0.22555294632911682
1781679130950.233,-0.04903324693441391,-9.473223686218262,0.24516624212265015
1781679130966.2224,-0.029419949278235435,-9.473223686218262,0.26477953791618347
1781679130982.2131,-0.04903324693441391,-9.492836952209473,0.24516624212265015
1781679130998.2017,-0.04903324693441391,-9.473223686218262,0.24516624212265015
1781679131014.1914,-0.06864655017852783,-9.473223686218262,0.26477953791618347
1781679131030.18,-0.029419949278235435,-9.492836952209473,0.26477953791618347
1781679131046.1675,-0.06864655017852783,-9.473223686218262,0.26477953791618347
1781679131062.157,-0.04903324693441391,-9.492836952209473,0.22555294632911682
1781679131078.1455,-0.06864655017852783,-9.473223686218262,0.24516624212265015
1781679131094.134,-0.04903324693441391,-9.473223686218262,0.26477953791618347
1781679131110.1233,-0.04903324693441391,-9.473223686218262,0.26477953791618347
1781679131126.1118,-0.04903324693441391,-9.473223686218262,0.24516624212265015
1781679131142.1003,-0.04903324693441391,-9.492836952209473,0.26477953791618347
1781679131158.0896,-0.04903324693441391,-9.492836952209473,0.24516624212265015
1781679131174.077,-0.04903324693441391,-9.492836952209473,0.26477953791618347
1781679131190.0664,-0.029419949278235435,-9.473223686218262,0.26477953791618347
1781679131206.0547,-0.04903324693441391,-9.473223686218262,0.26477953791618347
1781679131222.043,-0.04903324693441391,-9.473223686218262,0.24516624212265015
1781679131238.0312,-0.04903324693441391,-9.473223686218262,0.26477953791618347
1781679131254.0217,-0.04903324693441391,-9.492836952209473,0.24516624212265015
1781679131270.01,-0.04903324693441391,-9.473223686218262,0.24516624212265015
1781679131286.0002,-0.06864655017852783,-9.473223686218262,0.26477953791618347
1781679131301.9873,-0.04903324693441391,-9.473223686218262,0.24516624212265015
1781679131317.9746,-0.06864655017852783,-9.492836952209473,0.26477953791618347
1781679131333.9648,-0.04903324693441391,-9.473223686218262,0.24516624212265015
1781679131349.953,-0.04903324693441391,-9.492836952209473,0.24516624212265015
1781679131365.943,-0.04903324693441391,-9.492836952209473,0.26477953791618347
1781679131381.933,-0.04903324693441391,-9.492836952209473,0.24516624212265015
1781679131397.9224,-0.04903324693441391,-9.473223686218262,0.26477953791618347
1781679131413.9114,-0.029419949278235435,-9.473223686218262,0.26477953791618347
1781679131429.8994,-0.04903324693441391,-9.473223686218262,0.24516624212265015
1781679131445.8875,-0.04903324693441391,-9.492836952209473,0.24516624212265015
1781679131461.8774,-0.04903324693441391,-9.473223686218262,0.26477953791618347
1781679131477.8674,-0.029419949278235435,-9.473223686218262,0.26477953791618347
1781679131493.8574,-0.04903324693441391,-9.473223686218262,0.26477953791618347
1781679131509.8464,-0.04903324693441391,-9.473223686218262,0.24516624212265015
1781679131525.8354,-0.04903324693441391,-9.492836952209473,0.26477953791618347
1781679131541.8232,-0.04903324693441391,-9.492836952209473,0.26477953791618347
1781679131557.8113,-0.06864655017852783,-9.492836952209473,0.24516624212265015
1781679131573.8003,-0.029419949278235435,-9.492836952209473,0.26477953791618347
1781679131589.7905,-0.04903324693441391,-9.473223686218262,0.24516624212265015
1781679131605.7817,-0.04903324693441391,-9.473223686218262,0.26477953791618347
1781679131621.773,-0.06864655017852783,-9.492836952209473,0.26477953791618347
1781679131637.7642,-0.029419949278235435,-9.473223686218262,0.24516624212265015
1781679131653.7554,-0.06864655017852783,-9.473223686218262,0.24516624212265015
1781679131669.7456,-0.029419949278235435,-9.492836952209473,0.22555294632911682
1781679131685.7527,-0.06864655017852783,-9.492836952209473,0.24516624212265015
1781679131701.7268,-0.04903324693441391,-9.473223686218262,0.24516624212265015
1781679131717.718,-0.06864655017852783,-9.473223686218262,0.26477953791618347
1781679131733.708,-0.029419949278235435,-9.473223686218262,0.2843928337097168
1781679131749.6982,-0.06864655017852783,-9.492836952209473,0.22555294632911682
1781679131765.6882,-0.04903324693441391,-9.473223686218262,0.26477953791618347
1781679131781.6782,-0.04903324693441391,-9.492836952209473,0.26477953791618347
1781679131797.6685,-0.04903324693441391,-9.473223686218262,0.24516624212265015
1781679131813.6584,-0.06864655017852783,-9.473223686218262,0.26477953791618347
1781679131829.6484,-0.029419949278235435,-9.473223686218262,0.24516624212265015
1781679131845.6375,-0.06864655017852783,-9.492836952209473,0.24516624212265015
1781679131861.6274,-0.04903324693441391,-9.473223686218262,0.24516624212265015
1781679131877.6184,-0.06864655017852783,-9.492836952209473,0.26477953791618347
1781679131893.6125,-0.04903324693441391,-9.473223686218262,0.26477953791618347
1781679131909.6045,-0.04903324693441391,-9.473223686218262,0.26477953791618347
1781679131925.5974,-0.06864655017852783,-9.473223686218262,0.26477953791618347
1781679131941.5884,-0.04903324693441391,-9.492836952209473,0.24516624212265015
1781679131957.5784,-0.04903324693441391,-9.473223686218262,0.26477953791618347
1781679131973.569,-0.04903324693441391,-9.473223686218262,0.26477953791618347
1781679131989.561,-0.04903324693441391,-9.473223686218262,0.26477953791618347
1781679132005.553,-0.029419949278235435,-9.473223686218262,0.26477953791618347
1781679132021.546,-0.06864655017852783,-9.473223686218262,0.26477953791618347
1781679132037.5386,-0.04903324693441391,-9.492836952209473,0.24516624212265015
1781679132053.5295,-0.06864655017852783,-9.473223686218262,0.26477953791618347
1781679132069.5203,-0.04903324693441391,-9.45361042022705,0.26477953791618347
1781679132085.5132,-0.06864655017852783,-9.473223686218262,0.26477953791618347
1781679132101.505,-0.06864655017852783,-9.473223686218262,0.24516624212265015
1781679132117.4988,-0.04903324693441391,-9.492836952209473,0.2843928337097168
1781679132133.4915,-0.029419949278235435,-9.473223686218262,0.2843928337097168
1781679132149.4863,-0.04903324693441391,-9.473223686218262,0.26477953791618347
1781679132165.479,-0.06864655017852783,-9.492836952209473,0.24516624212265015
1781679132181.472,-0.04903324693441391,-9.473223686218262,0.24516624212265015
1781679132197.4636,-0.04903324693441391,-9.473223686218262,0.24516624212265015
1781679132213.4563,-0.04903324693441391,-9.473223686218262,0.24516624212265015
1781679132229.449,-0.04903324693441391,-9.473223686218262,0.26477953791618347
1781679132245.4417,-0.04903324693441391,-9.492836952209473,0.24516624212265015
1781679132261.4353,-0.04903324693441391,-9.492836952209473,0.24516624212265015
1781679132277.426,-0.04903324693441391,-9.492836952209473,0.26477953791618347
1781679132293.4187,-0.06864655017852783,-9.473223686218262,0.24516624212265015
1781679132309.4124,-0.04903324693441391,-9.473223686218262,0.22555294632911682
1781679132325.406,-0.04903324693441391,-9.473223686218262,0.26477953791618347
1781679132341.3975,-0.04903324693441391,-9.473223686218262,0.26477953791618347
1781679132357.3892,-0.04903324693441391,-9.473223686218262,0.24516624212265015
1781679132373.3816,-0.029419949278235435,-9.492836952209473,0.24516624212265015
1781679132389.3733,-0.06864655017852783,-9.473223686218262,0.26477953791618347
1781679132405.3657,-0.04903324693441391,-9.473223686218262,0.24516624212265015
1781679132421.3584,-0.04903324693441391,-9.473223686218262,0.26477953791618347
1781679132437.3499,-0.04903324693441391,-9.473223686218262,0.24516624212265015
1781679132453.3403,-0.04903324693441391,-9.473223686218262,0.24516624212265015
1781679132469.333,-0.04903324693441391,-9.473223686218262,0.24516624212265015
1781679132485.3254,-0.04903324693441391,-9.473223686218262,0.26477953791618347
1781679132501.3179,-0.06864655017852783,-9.473223686218262,0.26477953791618347
1781679132517.3103,-0.04903324693441391,-9.473223686218262,0.24516624212265015
1781679132533.3027,-0.06864655017852783,-9.473223686218262,0.24516624212265015
1781679132549.2952,-0.04903324693441391,-9.473223686218262,0.26477953791618347
1781679132565.2876,-0.04903324693441391,-9.45361042022705,0.26477953791618347
1781679132581.28,-0.029419949278235435,-9.473223686218262,0.24516624212265015
1781679132597.2732,-0.06864655017852783,-9.473223686218262,0.24516624212265015
1781679132613.2664,-0.04903324693441391,-9.473223686218262,0.26477953791618347
1781679132629.2585,-0.04903324693441391,-9.473223686218262,0.26477953791618347
1781679132645.2498,-0.04903324693441391,-9.492836952209473,0.24516624212265015
1781679132661.243,-0.06864655017852783,-9.473223686218262,0.26477953791618347
1781679132677.2358,-0.04903324693441391,-9.492836952209473,0.24516624212265015
1781679132693.227,-0.06864655017852783,-9.492836952209473,0.24516624212265015
1781679132709.219,-0.04903324693441391,-9.492836952209473,0.26477953791618347
1781679132725.2112,-0.04903324693441391,-9.45361042022705,0.24516624212265015
1781679132741.2021,-0.04903324693441391,-9.473223686218262,0.26477953791618347
1781679132757.1921,-0.06864655017852783,-9.473223686218262,0.26477953791618347
1781679132773.1843,-0.04903324693441391,-9.492836952209473,0.26477953791618347
1781679132789.1753,-0.04903324693441391,-9.45361042022705,0.26477953791618347
1781679132805.1672,-0.04903324693441391,-9.473223686218262,0.24516624212265015
1781679132821.1582,-0.04903324693441391,-9.473223686218262,0.26477953791618347
1781679132837.149,-0.04903324693441391,-9.492836952209473,0.24516624212265015
1781679132853.139,-0.04903324693441391,-9.492836952209473,0.26477953791618347
1781679132869.1309,-0.04903324693441391,-9.473223686218262,0.24516624212265015
1781679132885.1226,-0.04903324693441391,-9.512450218200684,0.22555294632911682
1781679132901.1155,-0.04903324693441391,-9.473223686218262,0.26477953791618347
1781679132917.1074,-0.04903324693441391,-9.492836952209473,0.26477953791618347
1781679132933.099,-0.04903324693441391,-9.473223686218262,0.26477953791618347
1781679132949.0898,-0.04903324693441391,-9.473223686218262,0.26477953791618347
1781679132965.0796,-0.04903324693441391,-9.473223686218262,0.24516624212265015
1781679132981.0715,-0.06864655017852783,-9.473223686218262,0.26477953791618347
1781679132997.0632,-0.04903324693441391,-9.473223686218262,0.26477953791618347
1781679133013.055,-0.04903324693441391,-9.473223686218262,0.24516624212265015
1781679133029.0457,-0.04903324693441391,-9.473223686218262,0.26477953791618347
1781679133045.0361,-0.04903324693441391,-9.492836952209473,0.22555294632911682
1781679133061.0278,-0.04903324693441391,-9.473223686218262,0.24516624212265015
1781679133077.0195,-0.04903324693441391,-9.45361042022705,0.26477953791618347
1781679133093.01,-0.06864655017852783,-9.473223686218262,0.24516624212265015
1781679133109.0027,-0.04903324693441391,-9.473223686218262,0.26477953791618347
1781679133124.9954,-0.04903324693441391,-9.473223686218262,0.24516624212265015
1781679133140.9868,-0.04903324693441391,-9.473223686218262,0.24516624212265015
1781679133156.9805,-0.04903324693441391,-9.473223686218262,0.26477953791618347
1781679133172.972,-0.04903324693441391,-9.473223686218262,0.24516624212265015
1781679133188.9624,-0.04903324693441391,-9.473223686218262,0.26477953791618347
1781679133204.953,-0.04903324693441391,-9.492836952209473,0.24516624212265015
1781679133220.9434,-0.04903324693441391,-9.45361042022705,0.24516624212265015
1781679133236.9338,-0.04903324693441391,-9.473223686218262,0.22555294632911682
1781679133252.9253,-0.04903324693441391,-9.473223686218262,0.24516624212265015
1781679133268.9155,-0.06864655017852783,-9.473223686218262,0.24516624212265015
1781679133284.906,-0.029419949278235435,-9.473223686218262,0.24516624212265015
1781679133300.8975,-0.04903324693441391,-9.473223686218262,0.26477953791618347
1781679133316.8896,-0.06864655017852783,-9.473223686218262,0.24516624212265015
1781679133332.882,-0.06864655017852783,-9.473223686218262,0.24516624212265015
1781679133348.8733,-0.04903324693441391,-9.473223686218262,0.26477953791618347
1781679133364.8635,-0.04903324693441391,-9.473223686218262,0.24516624212265015
1781679133380.854,-0.04903324693441391,-9.473223686218262,0.26477953791618347
1781679133396.8442,-0.04903324693441391,-9.473223686218262,0.26477953791618347
1781679133412.8345,-0.04903324693441391,-9.473223686218262,0.26477953791618347
1781679133428.8257,-0.029419949278235435,-9.492836952209473,0.26477953791618347
1781679133444.8179,-0.04903324693441391,-9.473223686218262,0.26477953791618347
1781679133460.8079,-0.04903324693441391,-9.473223686218262,0.2843928337097168
1781679133476.798,-0.04903324693441391,-9.473223686218262,0.24516624212265015
1781679133492.7893,-0.04903324693441391,-9.492836952209473,0.24516624212265015
1781679133508.7803,-0.04903324693441391,-9.492836952209473,0.22555294632911682
1781679133524.7705,-0.04903324693441391,-9.492836952209473,0.26477953791618347
1781679133540.7615,-0.04903324693441391,-9.492836952209473,0.26477953791618347
1781679133556.7546,-0.04903324693441391,-9.473223686218262,0.26477953791618347
1781679133572.7468,-0.04903324693441391,-9.492836952209473,0.24516624212265015
1781679133588.742,-0.04903324693441391,-9.473223686218262,0.24516624212265015
1781679133604.737,-0.04903324693441391,-9.492836952209473,0.26477953791618347
1781679133620.7322,-0.04903324693441391,-9.473223686218262,0.24516624212265015
1781679133636.727,-0.04903324693441391,-9.473223686218262,0.24516624212265015
1781679133652.7222,-0.04903324693441391,-9.492836952209473,0.26477953791618347
1781679133668.7163,-0.04903324693441391,-9.473223686218262,0.24516624212265015
1781679133684.7092,-0.04903324693441391,-9.473223686218262,0.26477953791618347
1781679133700.7043,-0.06864655017852783,-9.473223686218262,0.24516624212265015
1781679133716.6963,-0.029419949278235435,-9.492836952209473,0.24516624212265015
1781679133732.6904,-0.06864655017852783,-9.492836952209473,0.26477953791618347
1781679133748.6814,-0.04903324693441391,-9.492836952209473,0.26477953791618347
1781679133764.6743,-0.06864655017852783,-9.473223686218262,0.24516624212265015
1781679133780.6675,-0.04903324693441391,-9.492836952209473,0.24516624212265015
1781679133796.6594,-0.04903324693441391,-9.473223686218262,0.26477953791618347
1781679133812.6523,-0.04903324693441391,-9.473223686218262,0.24516624212265015
1781679133828.6462,-0.04903324693441391,-9.492836952209473,0.24516624212265015
1781679133844.6401,-0.04903324693441391,-9.473223686218262,0.22555294632911682
1781679133860.632,-0.06864655017852783,-9.473223686218262,0.24516624212265015
1781679133876.626,-0.04903324693441391,-9.473223686218262,0.24516624212265015
1781679133892.621,-0.04903324693441391,-9.473223686218262,0.26477953791618347
1781679133908.6138,-0.04903324693441391,-9.473223686218262,0.26477953791618347
1781679133924.6077,-0.04903324693441391,-9.473223686218262,0.24516624212265015
1781679133940.6016,-0.04903324693441391,-9.473223686218262,0.26477953791618347
1781679133956.5945,-0.04903324693441391,-9.492836952209473,0.24516624212265015
1781679133972.5894,-0.04903324693441391,-9.473223686218262,0.22555294632911682
1781679133988.5823,-0.04903324693441391,-9.492836952209473,0.2843928337097168
1781679134004.574,-0.04903324693441391,-9.473223686218262,0.24516624212265015
1781679134020.5679,-0.04903324693441391,-9.473223686218262,0.24516624212265015
1781679134036.5598,-0.06864655017852783,-9.473223686218262,0.24516624212265015
1781679134052.5554,-0.04903324693441391,-9.473223686218262,0.24516624212265015
1781679134068.5503,-0.06864655017852783,-9.492836952209473,0.2843928337097168
1781679134084.5432,-0.04903324693441391,-9.492836952209473,0.24516624212265015
1781679134100.536,-0.06864655017852783,-9.473223686218262,0.24516624212265015
1781679134116.5276,-0.04903324693441391,-9.492836952209473,0.26477953791618347
1781679134132.5205,-0.04903324693441391,-9.473223686218262,0.26477953791618347
1781679134148.5132,-0.04903324693441391,-9.492836952209473,0.24516624212265015
1781679134164.505,-0.04903324693441391,-9.473223686218262,0.24516624212265015
1781679134180.4966,-0.029419949278235435,-9.473223686218262,0.26477953791618347
1781679134196.4873,-0.04903324693441391,-9.473223686218262,0.24516624212265015
1781679134212.477,-0.04903324693441391,-9.492836952209473,0.24516624212265015
1781679134228.4697,-0.04903324693441391,-9.492836952209473,0.22555294632911682
1781679134244.4604,-0.029419949278235435,-9.473223686218262,0.26477953791618347
1781679134260.4521,-0.04903324693441391,-9.492836952209473,0.26477953791618347
1781679134276.4448,-0.04903324693441391,-9.492836952209473,0.24516624212265015
1781679134292.4365,-0.04903324693441391,-9.473223686218262,0.26477953791618347
1781679134308.429,-0.029419949278235435,-9.492836952209473,0.26477953791618347
1781679134324.4207,-0.04903324693441391,-9.473223686218262,0.24516624212265015
1781679134340.4143,-0.04903324693441391,-9.492836952209473,0.22555294632911682
1781679134356.408,-0.029419949278235435,-9.512450218200684,0.24516624212265015
1781679134372.3994,-0.04903324693441391,-9.473223686218262,0.2843928337097168
1781679134388.393,-0.04903324693441391,-9.473223686218262,0.24516624212265015
1781679134404.3867,-0.04903324693441391,-9.492836952209473,0.24516624212265015
1781679134420.3813,-0.04903324693441391,-9.473223686218262,0.24516624212265015
1781679134436.3738,-0.04903324693441391,-9.473223686218262,0.26477953791618347
1781679134452.3674,-0.04903324693441391,-9.473223686218262,0.26477953791618347
1781679134468.3599,-0.04903324693441391,-9.473223686218262,0.24516624212265015
1781679134484.3525,-0.04903324693441391,-9.473223686218262,0.24516624212265015
1781679134500.345,-0.04903324693441391,-9.492836952209473,0.24516624212265015
1781679134516.3384,-0.04903324693441391,-9.473223686218262,0.26477953791618347
1781679134532.332,-0.04903324693441391,-9.492836952209473,0.24516624212265015
1781679134548.3254,-0.04903324693441391,-9.473223686218262,0.24516624212265015
1781679134564.3198,-0.04903324693441391,-9.473223686218262,0.26477953791618347
1781679134580.3142,-0.04903324693441391,-9.473223686218262,0.22555294632911682
1781679134596.3083,-0.04903324693441391,-9.473223686218262,0.24516624212265015
1781679134612.3022,-0.06864655017852783,-9.473223686218262,0.24516624212265015
1781679134628.294,-0.04903324693441391,-9.492836952209473,0.26477953791618347
1781679134644.285,-0.04903324693441391,-9.473223686218262,0.24516624212265015
1781679134660.2778,-0.04903324693441391,-9.473223686218262,0.24516624212265015
1781679134676.2666,-0.04903324693441391,-9.492836952209473,0.26477953791618347
1781679134692.2595,-0.029419949278235435,-9.492836952209473,0.24516624212265015
1781679134708.2493,-0.06864655017852783,-9.492836952209473,0.24516624212265015
1781679134724.241,-0.04903324693441391,-9.473223686218262,0.24516624212265015
1781679134740.2327,-0.04903324693441391,-9.492836952209473,0.26477953791618347
1781679134756.2256,-0.04903324693441391,-9.473223686218262,0.26477953791618347
1781679134772.2173,-0.04903324693441391,-9.492836952209473,0.24516624212265015
1781679134788.209,-0.04903324693441391,-9.492836952209473,0.26477953791618347
1781679134804.2007,-0.04903324693441391,-9.492836952209473,0.26477953791618347
1781679134820.1934,-0.04903324693441391,-9.492836952209473,0.26477953791618347
1781679134836.186,-0.06864655017852783,-9.492836952209473,0.24516624212265015
1781679134852.1777,-0.04903324693441391,-9.492836952209473,0.24516624212265015
1781679134868.1685,-0.04903324693441391,-9.473223686218262,0.26477953791618347
1781679134884.159,-0.04903324693441391,-9.473223686218262,0.26477953791618347
1781679134900.1497,-0.06864655017852783,-9.473223686218262,0.24516624212265015
1781679134916.1401,-0.04903324693441391,-9.473223686218262,0.24516624212265015
1781679134932.1318,-0.06864655017852783,-9.492836952209473,0.26477953791618347
1781679134948.1233,-0.04903324693441391,-9.492836952209473,0.26477953791618347
1781679134964.114,-0.06864655017852783,-9.473223686218262,0.26477953791618347
1781679134980.1045,-0.04903324693441391,-9.492836952209473,0.24516624212265015
1781679134996.095,-0.029419949278235435,-9.473223686218262,0.26477953791618347
1781679135012.0854,-0.04903324693441391,-9.492836952209473,0.24516624212265015
1781679135028.077,-0.04903324693441391,-9.492836952209473,0.24516624212265015
1781679135044.0684,-0.04903324693441391,-9.473223686218262,0.24516624212265015
1781679135060.062,-0.04903324693441391,-9.492836952209473,0.24516624212265015
1781679135076.0554,-0.029419949278235435,-9.473223686218262,0.24516624212265015
1781679135092.0469,-0.04903324693441391,-9.473223686218262,0.24516624212265015
1781679135108.038,-0.04903324693441391,-9.473223686218262,0.24516624212265015
1781679135124.0295,-0.04903324693441391,-9.492836952209473,0.26477953791618347
1781679135140.019,-0.04903324693441391,-9.473223686218262,0.26477953791618347
1781679135156.0083,-0.04903324693441391,-9.473223686218262,0.26477953791618347
1781679135171.9976,-0.06864655017852783,-9.473223686218262,0.24516624212265015
1781679135187.989,-0.04903324693441391,-9.473223686218262,0.26477953791618347
1781679135203.9802,-0.04903324693441391,-9.473223686218262,0.24516624212265015
1781679135219.9727,-0.04903324693441391,-9.473223686218262,0.24516624212265015
1781679135235.962,-0.04903324693441391,-9.473223686218262,0.26477953791618347
1781679135251.9531,-0.04903324693441391,-9.492836952209473,0.26477953791618347
1781679135267.9443,-0.04903324693441391,-9.492836952209473,0.24516624212265015
1781679135283.9336,-0.04903324693441391,-9.473223686218262,0.24516624212265015
1781679135299.9219,-0.04903324693441391,-9.473223686218262,0.26477953791618347
1781679135315.911,-0.04903324693441391,-9.473223686218262,0.24516624212265015
1781679135331.9011,-0.06864655017852783,-9.492836952209473,0.24516624212265015
1781679135347.8914,-0.04903324693441391,-9.473223686218262,0.24516624212265015
1781679135363.8816,-0.04903324693441391,-9.473223686218262,0.26477953791618347
1781679135379.8706,-0.04903324693441391,-9.473223686218262,0.26477953791618347
1781679135395.8608,-0.04903324693441391,-9.473223686218262,0.26477953791618347
1781679135411.8518,-0.04903324693441391,-9.473223686218262,0.26477953791618347
1781679135427.843,-0.04903324693441391,-9.492836952209473,0.26477953791618347
1781679135443.835,-0.04903324693441391,-9.473223686218262,0.24516624212265015
1781679135459.8271,-0.06864655017852783,-9.473223686218262,0.24516624212265015
1781679135475.818,-0.029419949278235435,-9.473223686218262,0.24516624212265015
1781679135491.808,-0.04903324693441391,-9.473223686218262,0.26477953791618347
1781679135507.798,-0.04903324693441391,-9.473223686218262,0.26477953791618347
1781679135523.787,-0.04903324693441391,-9.473223686218262,0.24516624212265015
1781679135539.778,-0.04903324693441391,-9.473223686218262,0.24516624212265015
1781679135555.769,-0.06864655017852783,-9.473223686218262,0.24516624212265015
1781679135571.757,-0.029419949278235435,-9.492836952209473,0.26477953791618347
1781679135587.748,-0.04903324693441391,-9.473223686218262,0.24516624212265015
1781679135603.7385,-0.04903324693441391,-9.492836952209473,0.24516624212265015
1781679135619.73,-0.06864655017852783,-9.473223686218262,0.22555294632911682
1781679135635.7192,-0.04903324693441391,-9.492836952209473,0.24516624212265015
1781679135651.7087,-0.04903324693441391,-9.473223686218262,0.24516624212265015
1781679135667.697,-0.04903324693441391,-9.473223686218262,0.2843928337097168
1781679135683.6863,-0.04903324693441391,-9.473223686218262,0.2059396505355835
1781679135699.6755,-0.04903324693441391,-9.492836952209473,0.26477953791618347
1781679135715.6648,-0.04903324693441391,-9.473223686218262,0.24516624212265015
1781679135731.655,-0.06864655017852783,-9.492836952209473,0.26477953791618347
1781679135747.6443,-0.04903324693441391,-9.473223686218262,0.24516624212265015
1781679135763.6355,-0.04903324693441391,-9.492836952209473,0.22555294632911682
1781679135779.6248,-0.04903324693441391,-9.473223686218262,0.26477953791618347
1781679135795.6128,-0.04903324693441391,-9.473223686218262,0.26477953791618347
1781679135811.602,-0.06864655017852783,-9.473223686218262,0.26477953791618347
1781679135827.592,-0.06864655017852783,-9.492836952209473,0.26477953791618347
1781679135843.5823,-0.04903324693441391,-9.492836952209473,0.22555294632911682
1781679135859.5723,-0.04903324693441391,-9.473223686218262,0.26477953791618347
1781679135875.5613,-0.04903324693441391,-9.473223686218262,0.26477953791618347
1781679135891.5503,-0.06864655017852783,-9.473223686218262,0.24516624212265015
1781679135907.5383,-0.04903324693441391,-9.492836952209473,0.26477953791618347
1781679135923.5273,-0.06864655017852783,-9.492836952209473,0.24516624212265015
1781679135939.5173,-0.04903324693441391,-9.492836952209473,0.24516624212265015
1781679135955.5063,-0.06864655017852783,-9.473223686218262,0.24516624212265015
1781679135971.4963,-0.04903324693441391,-9.473223686218262,0.24516624212265015
1781679135987.4854,-0.06864655017852783,-9.473223686218262,0.26477953791618347
1781679136003.4763,-0.04903324693441391,-9.492836952209473,0.26477953791618347
1781679136019.466,-0.04903324693441391,-9.492836952209473,0.2843928337097168
1781679136035.456,-0.04903324693441391,-9.473223686218262,0.26477953791618347
1781679136051.4458,-0.04903324693441391,-9.473223686218262,0.26477953791618347
1781679136067.4358,-0.04903324693441391,-9.473223686218262,0.26477953791618347
1781679136083.4255,-0.029419949278235435,-9.492836952209473,0.26477953791618347
1781679136099.4163,-0.04903324693441391,-9.492836952209473,0.24516624212265015
1781679136115.4053,-0.04903324693441391,-9.473223686218262,0.24516624212265015
1781679136131.394,-0.06864655017852783,-9.473223686218262,0.24516624212265015
1781679136147.3816,-0.04903324693441391,-9.473223686218262,0.26477953791618347
1781679136163.3704,-0.04903324693441391,-9.473223686218262,0.26477953791618347
1781679136179.36,-0.04903324693441391,-9.492836952209473,0.24516624212265015
1781679136195.3499,-0.04903324693441391,-9.473223686218262,0.24516624212265015
1781679136211.3374,-0.04903324693441391,-9.473223686218262,0.26477953791618347
1781679136227.3252,-0.04903324693441391,-9.492836952209473,0.2843928337097168
1781679136243.3127,-0.04903324693441391,-9.473223686218262,0.24516624212265015
1781679136259.3025,-0.04903324693441391,-9.473223686218262,0.26477953791618347
1781679136275.29,-0.04903324693441391,-9.492836952209473,0.24516624212265015
1781679136291.2795,-0.04903324693441391,-9.473223686218262,0.26477953791618347
1781679136307.268,-0.04903324693441391,-9.492836952209473,0.24516624212265015
1781679136323.2546,-0.04903324693441391,-9.492836952209473,0.26477953791618347
1781679136339.2432,-0.04903324693441391,-9.492836952209473,0.26477953791618347
1781679136355.2307,-0.04903324693441391,-9.492836952209473,0.24516624212265015
1781679136371.2192,-0.06864655017852783,-9.473223686218262,0.26477953791618347
1781679136387.2087,-0.04903324693441391,-9.492836952209473,0.26477953791618347
1781679136403.198,-0.029419949278235435,-9.45361042022705,0.26477953791618347
1781679136419.1855,-0.029419949278235435,-9.492836952209473,0.26477953791618347
1781679136435.1729,-0.04903324693441391,-9.473223686218262,0.26477953791618347
1781679136451.1594,-0.04903324693441391,-9.473223686218262,0.26477953791618347
1781679136467.1467,-0.04903324693441391,-9.473223686218262,0.26477953791618347
1781679136483.133,-0.04903324693441391,-9.45361042022705,0.24516624212265015
1781679136499.1204,-0.04903324693441391,-9.473223686218262,0.24516624212265015
1781679136515.1077,-0.06864655017852783,-9.45361042022705,0.26477953791618347
1781679136531.097,-0.04903324693441391,-9.492836952209473,0.26477953791618347
1781679136547.0845,-0.04903324693441391,-9.492836952209473,0.24516624212265015
1781679136563.0737,-0.04903324693441391,-9.492836952209473,0.26477953791618347
1781679136579.063,-0.04903324693441391,-9.473223686218262,0.26477953791618347
1781679136595.0518,-0.04903324693441391,-9.473223686218262,0.24516624212265015
1781679136611.0413,-0.04903324693441391,-9.473223686218262,0.26477953791618347
1781679136627.0295,-0.04903324693441391,-9.473223686218262,0.24516624212265015
1781679136643.0168,-0.04903324693441391,-9.473223686218262,0.24516624212265015
1781679136659.0054,-0.04903324693441391,-9.473223686218262,0.24516624212265015
1781679136674.9937,-0.04903324693441391,-9.492836952209473,0.24516624212265015
1781679136690.983,-0.04903324693441391,-9.45361042022705,0.26477953791618347
1781679136706.9712,-0.04903324693441391,-9.492836952209473,0.26477953791618347
1781679136722.9595,-0.04903324693441391,-9.473223686218262,0.24516624212265015
1781679136738.9497,-0.06864655017852783,-9.473223686218262,0.26477953791618347
1781679136754.94,-0.04903324693441391,-9.45361042022705,0.26477953791618347
1781679136770.9302,-0.06864655017852783,-9.473223686218262,0.26477953791618347
1781679136786.9214,-0.04903324693441391,-9.473223686218262,0.24516624212265015
1781679136802.9116,-0.04903324693441391,-9.492836952209473,0.26477953791618347
1781679136818.9016,-0.04903324693441391,-9.473223686218262,0.26477953791618347
1781679136834.8918,-0.029419949278235435,-9.473223686218262,0.26477953791618347
1781679136850.8809,-0.06864655017852783,-9.45361042022705,0.26477953791618347
1781679136866.871,-0.04903324693441391,-9.473223686218262,0.24516624212265015
1781679136882.861,-0.04903324693441391,-9.492836952209473,0.24516624212265015
1781679136898.849,-0.04903324693441391,-9.473223686218262,0.24516624212265015
1781679136914.8362,-0.04903324693441391,-9.473223686218262,0.2843928337097168
1781679136930.8252,-0.04903324693441391,-9.492836952209473,0.26477953791618347
1781679136946.8132,-0.029419949278235435,-9.492836952209473,0.26477953791618347
1781679136962.8022,-0.06864655017852783,-9.473223686218262,0.24516624212265015
1781679136978.7913,-0.06864655017852783,-9.473223686218262,0.26477953791618347
1781679136994.7803,-0.04903324693441391,-9.45361042022705,0.24516624212265015
1781679137010.768,-0.04903324693441391,-9.473223686218262,0.2843928337097168
1781679137026.756,-0.04903324693441391,-9.492836952209473,0.24516624212265015
1781679137042.746,-0.06864655017852783,-9.473223686218262,0.24516624212265015
1781679137058.7358,-0.04903324693441391,-9.45361042022705,0.26477953791618347
1781679137074.7258,-0.04903324693441391,-9.473223686218262,0.26477953791618347
1781679137090.7136,-0.04903324693441391,-9.473223686218262,0.24516624212265015
1781679137106.7043,-0.06864655017852783,-9.473223686218262,0.26477953791618347
1781679137122.693,-0.04903324693441391,-9.492836952209473,0.24516624212265015
1781679137138.681,-0.04903324693441391,-9.473223686218262,0.26477953791618347
1781679137154.6707,-0.06864655017852783,-9.45361042022705,0.24516624212265015
1781679137170.6604,-0.06864655017852783,-9.473223686218262,0.26477953791618347
1781679137186.6482,-0.04903324693441391,-9.473223686218262,0.24516624212265015
1781679137202.636,-0.06864655017852783,-9.473223686218262,0.26477953791618347
1781679137218.6248,-0.04903324693441391,-9.473223686218262,0.26477953791618347
1781679137234.6113,-0.04903324693441391,-9.473223686218262,0.26477953791618347
1781679137250.6,-0.029419949278235435,-9.473223686218262,0.26477953791618347
1781679137266.5876,-0.06864655017852783,-9.492836952209473,0.24516624212265015
1781679137282.5752,-0.04903324693441391,-9.473223686218262,0.26477953791618347
1781679137298.5618,-0.04903324693441391,-9.473223686218262,0.26477953791618347
1781679137314.5496,-0.04903324693441391,-9.473223686218262,0.26477953791618347
1781679137330.5361,-0.06864655017852783,-9.473223686218262,0.26477953791618347
1781679137346.5237,-0.029419949278235435,-9.473223686218262,0.24516624212265015
1781679137362.5122,-0.06864655017852783,-9.473223686218262,0.24516624212265015
1781679137378.4995,-0.04903324693441391,-9.473223686218262,0.26477953791618347
1781679137394.487,-0.04903324693441391,-9.473223686218262,0.24516624212265015
1781679137410.4756,-0.04903324693441391,-9.492836952209473,0.24516624212265015
1781679137426.464,-0.06864655017852783,-9.473223686218262,0.26477953791618347
1781679137442.4534,-0.04903324693441391,-9.473223686218262,0.26477953791618347
1781679137458.441,-0.04903324693441391,-9.473223686218262,0.26477953791618347
1781679137474.4302,-0.029419949278235435,-9.473223686218262,0.26477953791618347
1781679137490.4187,-0.04903324693441391,-9.492836952209473,0.26477953791618347
1781679137506.407,-0.029419949278235435,-9.45361042022705,0.26477953791618347
1781679137522.3965,-0.04903324693441391,-9.473223686218262,0.26477953791618347
1781679137538.3848,-0.04903324693441391,-9.473223686218262,0.24516624212265015
1781679137554.3748,-0.04903324693441391,-9.473223686218262,0.26477953791618347
1781679137570.3645,-0.029419949278235435,-9.473223686218262,0.26477953791618347
1781679137586.4128,-0.04903324693441391,-9.473223686218262,0.24516624212265015
1781679137602.424,-0.04903324693441391,-9.473223686218262,0.24516624212265015
1781679137618.4365,-0.06864655017852783,-9.473223686218262,0.26477953791618347
1781679137634.447,-0.06864655017852783,-9.473223686218262,0.24516624212265015
1781679137650.4575,-0.04903324693441391,-9.473223686218262,0.26477953791618347
1781679137666.4714,-0.06864655017852783,-9.473223686218262,0.24516624212265015
1781679137682.4854,-0.04903324693441391,-9.492836952209473,0.26477953791618347
1781679137698.4983,-0.06864655017852783,-9.473223686218262,0.22555294632911682
1781679137714.5125,-0.029419949278235435,-9.492836952209473,0.26477953791618347
1781679137730.5278,-0.04903324693441391,-9.473223686218262,0.26477953791618347
1781679137746.5422,-0.04903324693441391,-9.473223686218262,0.24516624212265015
1781679137762.5566,-0.06864655017852783,-9.492836952209473,0.24516624212265015
1781679137778.5703,-0.04903324693441391,-9.473223686218262,0.26477953791618347
1781679137794.5872,-0.04903324693441391,-9.492836952209473,0.26477953791618347
1781679137810.602,-0.04903324693441391,-9.492836952209473,0.24516624212265015
1781679137826.6172,-0.06864655017852783,-9.473223686218262,0.24516624212265015
1781679137842.6313,-0.04903324693441391,-9.473223686218262,0.24516624212265015
1781679137858.6467,-0.029419949278235435,-9.473223686218262,0.2843928337097168
1781679137874.662,-0.029419949278235435,-9.492836952209473,0.24516624212265015
1781679137890.6768,-0.06864655017852783,-9.473223686218262,0.24516624212265015
1781679137906.6904,-0.04903324693441391,-9.492836952209473,0.26477953791618347
1781679137922.7053,-0.04903324693441391,-9.473223686218262,0.2843928337097168
1781679137938.7214,-0.06864655017852783,-9.473223686218262,0.24516624212265015
1781679137954.7356,-0.06864655017852783,-9.473223686218262,0.26477953791618347
1781679137970.7517,-0.029419949278235435,-9.473223686218262,0.24516624212265015
1781679137986.7693,-0.04903324693441391,-9.473223686218262,0.26477953791618347
1781679138002.7866,-0.06864655017852783,-9.473223686218262,0.24516624212265015
1781679138018.8044,-0.06864655017852783,-9.473223686218262,0.26477953791618347
1781679138034.821,-0.04903324693441391,-9.473223686218262,0.26477953791618347
1781679138050.839,-0.029419949278235435,-9.492836952209473,0.24516624212265015
1781679138066.8572,-0.06864655017852783,-9.473223686218262,0.2843928337097168
1781679138082.8743,-0.029419949278235435,-9.473223686218262,0.26477953791618347
1781679138098.8906,-0.08825984597206116,-9.45361042022705,0.24516624212265015
1781679138114.908,-0.04903324693441391,-9.473223686218262,0.26477953791618347
1781679138130.9265,-0.06864655017852783,-9.492836952209473,0.18632633984088898
1781679138146.9463,-0.009806649759411812,-9.473223686218262,0.3040061295032501
1781679138162.965,-0.04903324693441391,-9.473223686218262,0.2843928337097168
1781679138178.9832,-0.04903324693441391,-9.492836952209473,0.24516624212265015
1781679138195.0012,-0.08825984597206116,-9.473223686218262,0.24516624212265015
1781679138211.0205,-0.029419949278235435,-9.473223686218262,0.22555294632911682
1781679138227.0398,-0.06864655017852783,-9.473223686218262,0.3040061295032501
1781679138243.0583,-0.029419949278235435,-9.492836952209473,0.24516624212265015
1781679138259.078,-0.06864655017852783,-9.473223686218262,0.24516624212265015
1781679138275.0967,-0.04903324693441391,-9.45361042022705,0.2843928337097168
1781679138291.1135,-0.04903324693441391,-9.473223686218262,0.24516624212265015
1781679138307.1326,-0.029419949278235435,-9.473223686218262,0.26477953791618347
1781679138323.1497,-0.06864655017852783,-9.492836952209473,0.22555294632911682
1781679138339.167,-0.04903324693441391,-9.473223686218262,0.26477953791618347
1781679138355.1865,-0.04903324693441391,-9.473223686218262,0.26477953791618347
1781679138371.206,-0.06864655017852783,-9.473223686218262,0.24516624212265015
1781679138387.2256,-0.04903324693441391,-9.492836952209473,0.26477953791618347
1781679138403.2434,-0.04903324693441391,-9.473223686218262,0.24516624212265015
1781679138419.2625,-0.06864655017852783,-9.473223686218262,0.24516624212265015
1781679138435.2815,-0.04903324693441391,-9.492836952209473,0.26477953791618347
1781679138451.3018,-0.029419949278235435,-9.492836952209473,0.26477953791618347
1781679138467.322,-0.06864655017852783,-9.492836952209473,0.26477953791618347
1781679138483.3416,-0.06864655017852783,-9.492836952209473,0.22555294632911682
1781679138499.361,-0.06864655017852783,-9.473223686218262,0.2843928337097168
1781679138515.38,-0.029419949278235435,-9.473223686218262,0.26477953791618347
1781679138531.4016,-0.04903324693441391,-9.492836952209473,0.26477953791618347
1781679138547.4226,-0.06864655017852783,-9.492836952209473,0.24516624212265015
1781679138563.4177,-0.04903324693441391,-9.473223686218262,0.26477953791618347
1781679138579.4104,-0.04903324693441391,-9.473223686218262,0.26477953791618347
1781679138595.4045,-0.06864655017852783,-9.473223686218262,0.24516624212265015
1781679138611.3965,-0.04903324693441391,-9.492836952209473,0.24516624212265015
1781679138627.3887,-0.04903324693441391,-9.473223686218262,0.26477953791618347
1781679138643.3818,-0.04903324693441391,-9.492836952209473,0.26477953791618347
1781679138659.3728,-0.06864655017852783,-9.492836952209473,0.24516624212265015
1781679138675.365,-0.04903324693441391,-9.473223686218262,0.22555294632911682
1781679138691.3582,-0.04903324693441391,-9.473223686218262,0.2843928337097168
1781679138707.3503,-0.029419949278235435,-9.473223686218262,0.26477953791618347
1781679138723.3423,-0.06864655017852783,-9.473223686218262,0.24516624212265015
1781679138739.3374,-0.029419949278235435,-9.473223686218262,0.24516624212265015
1781679138755.3306,-0.04903324693441391,-9.492836952209473,0.26477953791618347
1781679138771.3237,-0.04903324693441391,-9.492836952209473,0.26477953791618347
1781679138787.317,-0.08825984597206116,-9.473223686218262,0.22555294632911682
1781679138803.31,-0.04903324693441391,-9.473223686218262,0.26477953791618347
1781679138819.3022,-0.029419949278235435,-9.473223686218262,0.24516624212265015
1781679138835.2954,-0.04903324693441391,-9.492836952209473,0.24516624212265015
1781679138851.2876,-0.04903324693441391,-9.473223686218262,0.24516624212265015
1781679138867.2786,-0.04903324693441391,-9.473223686218262,0.22555294632911682
1781679138883.2708,-0.029419949278235435,-9.492836952209473,0.26477953791618347
1781679138899.263,-0.06864655017852783,-9.492836952209473,0.22555294632911682
1781679138915.256,-0.06864655017852783,-9.473223686218262,0.22555294632911682
1781679138931.2502,-0.04903324693441391,-9.473223686218262,0.26477953791618347
1781679138947.2444,-0.04903324693441391,-9.473223686218262,0.26477953791618347
1781679138963.2375,-0.04903324693441391,-9.492836952209473,0.26477953791618347
1781679138979.2327,-0.04903324693441391,-9.473223686218262,0.26477953791618347
1781679138995.2258,-0.04903324693441391,-9.473223686218262,0.26477953791618347
1781679139011.22,-0.04903324693441391,-9.473223686218262,0.26477953791618347
1781679139027.2153,-0.04903324693441391,-9.473223686218262,0.22555294632911682
1781679139043.2085,-0.04903324693441391,-9.473223686218262,0.26477953791618347
1781679139059.2017,-0.029419949278235435,-9.492836952209473,0.26477953791618347
1781679139075.1938,-0.04903324693441391,-9.473223686218262,0.24516624212265015
1781679139091.186,-0.04903324693441391,-9.492836952209473,0.24516624212265015
1781679139107.1782,-0.029419949278235435,-9.492836952209473,0.24516624212265015
1781679139123.1714,-0.04903324693441391,-9.473223686218262,0.26477953791618347
1781679139139.1646,-0.04903324693441391,-9.45361042022705,0.24516624212265015
1781679139155.1577,-0.04903324693441391,-9.492836952209473,0.24516624212265015
1781679139171.15,-0.06864655017852783,-9.473223686218262,0.26477953791618347
1781679139187.143,-0.029419949278235435,-9.492836952209473,0.24516624212265015
1781679139203.1362,-0.06864655017852783,-9.473223686218262,0.24516624212265015
1781679139219.1326,-0.06864655017852783,-9.473223686218262,0.24516624212265015
1781679139235.1257,-0.04903324693441391,-9.473223686218262,0.26477953791618347
1781679139251.1199,-0.04903324693441391,-9.473223686218262,0.2843928337097168
1781679139267.113,-0.04903324693441391,-9.492836952209473,0.26477953791618347
1781679139283.1052,-0.04903324693441391,-9.473223686218262,0.24516624212265015
1781679139299.0986,-0.06864655017852783,-9.492836952209473,0.24516624212265015
1781679139315.0928,-0.04903324693441391,-9.473223686218262,0.24516624212265015
1781679139331.088,-0.04903324693441391,-9.473223686218262,0.26477953791618347
1781679139347.0823,-0.04903324693441391,-9.473223686218262,0.26477953791618347
1781679139363.0745,-0.04903324693441391,-9.473223686218262,0.24516624212265015
1781679139379.0696,-0.06864655017852783,-9.492836952209473,0.26477953791618347
1781679139395.064,-0.04903324693441391,-9.473223686218262,0.24516624212265015
1781679139411.059,-0.04903324693441391,-9.473223686218262,0.24516624212265015
1781679139427.0554,-0.04903324693441391,-9.473223686218262,0.26477953791618347
1781679139443.0505,-0.06864655017852783,-9.473223686218262,0.22555294632911682
1781679139459.0437,-0.04903324693441391,-9.492836952209473,0.22555294632911682
1781679139475.038,-0.04903324693441391,-9.473223686218262,0.24516624212265015
1781679139491.0312,-0.04903324693441391,-9.492836952209473,0.24516624212265015
1781679139507.0266,-0.04903324693441391,-9.473223686218262,0.26477953791618347
1781679139523.0208,-0.04903324693441391,-9.473223686218262,0.24516624212265015
1781679139539.0151,-0.04903324693441391,-9.473223686218262,0.26477953791618347
1781679139555.0103,-0.06864655017852783,-9.473223686218262,0.24516624212265015
1781679139571.0046,-0.04903324693441391,-9.473223686218262,0.26477953791618347
1781679139586.9966,-0.04903324693441391,-9.473223686218262,0.26477953791618347
1781679139602.9893,-0.04903324693441391,-9.473223686218262,0.24516624212265015
1781679139618.984,-0.04903324693441391,-9.473223686218262,0.22555294632911682
1781679139634.9773,-0.04903324693441391,-9.473223686218262,0.26477953791618347
1781679139650.97,-0.04903324693441391,-9.473223686218262,0.26477953791618347
1781679139666.9624,-0.04903324693441391,-9.473223686218262,0.24516624212265015
1781679139682.956,-0.04903324693441391,-9.473223686218262,0.26477953791618347
1781679139698.9495,-0.04903324693441391,-9.492836952209473,0.24516624212265015
1781679139714.9421,-0.04903324693441391,-9.492836952209473,0.26477953791618347
1781679139730.9336,-0.04903324693441391,-9.473223686218262,0.24516624212265015
1781679139746.9292,-0.06864655017852783,-9.473223686218262,0.24516624212265015
1781679139762.9229,-0.04903324693441391,-9.473223686218262,0.26477953791618347
1781679139778.9143,-0.04903324693441391,-9.473223686218262,0.26477953791618347
1781679139794.908,-0.04903324693441391,-9.473223686218262,0.24516624212265015
1781679139810.9014,-0.06864655017852783,-9.473223686218262,0.24516624212265015
1781679139826.895,-0.06864655017852783,-9.473223686218262,0.26477953791618347
1781679139842.8875,-0.029419949278235435,-9.473223686218262,0.24516624212265015
1781679139858.881,-0.04903324693441391,-9.492836952209473,0.26477953791618347
1781679139874.8735,-0.04903324693441391,-9.473223686218262,0.24516624212265015
1781679139890.8672,-0.04903324693441391,-9.473223686218262,0.26477953791618347
1781679139906.8606,-0.04903324693441391,-9.473223686218262,0.26477953791618347
1781679139922.8562,-0.06864655017852783,-9.473223686218262,0.24516624212265015
1781679139938.8496,-0.04903324693441391,-9.473223686218262,0.24516624212265015
1781679139954.8433,-0.04903324693441391,-9.492836952209473,0.2843928337097168
1781679139970.8376,-0.04903324693441391,-9.473223686218262,0.24516624212265015
1781679139986.8313,-0.06864655017852783,-9.492836952209473,0.26477953791618347
1781679140002.826,-0.029419949278235435,-9.473223686218262,0.26477953791618347
1781679140018.8203,-0.04903324693441391,-9.473223686218262,0.26477953791618347
1781679140034.814,-0.04903324693441391,-9.492836952209473,0.24516624212265015
1781679140050.8083,-0.04903324693441391,-9.473223686218262,0.24516624212265015
1781679140066.802,-0.04903324693441391,-9.473223686218262,0.24516624212265015
1781679140082.7954,-0.04903324693441391,-9.473223686218262,0.26477953791618347
1781679140098.789,-0.04903324693441391,-9.473223686218262,0.26477953791618347
1781679140114.7825,-0.029419949278235435,-9.473223686218262,0.26477953791618347
1781679140130.777,-0.06864655017852783,-9.492836952209473,0.24516624212265015
1781679140146.7695,-0.04903324693441391,-9.473223686218262,0.24516624212265015
1781679140162.763,-0.04903324693441391,-9.492836952209473,0.26477953791618347
1781679140178.7546,-0.04903324693441391,-9.473223686218262,0.22555294632911682
1781679140194.747,-0.04903324693441391,-9.473223686218262,0.24516624212265015
1781679140210.7395,-0.04903324693441391,-9.492836952209473,0.24516624212265015
1781679140226.732,-0.04903324693441391,-9.473223686218262,0.26477953791618347
1781679140242.7246,-0.04903324693441391,-9.473223686218262,0.22555294632911682
1781679140258.717,-0.04903324693441391,-9.473223686218262,0.24516624212265015
1781679140274.7095,-0.04903324693441391,-9.492836952209473,0.26477953791618347
1781679140290.7021,-0.06864655017852783,-9.473223686218262,0.24516624212265015
1781679140306.6956,-0.04903324693441391,-9.473223686218262,0.2843928337097168
1781679140322.688,-0.029419949278235435,-9.473223686218262,0.26477953791618347
1781679140338.6816,-0.04903324693441391,-9.473223686218262,0.26477953791618347
1781679140354.675,-0.04903324693441391,-9.492836952209473,0.24516624212265015
1781679140370.6675,-0.029419949278235435,-9.492836952209473,0.26477953791618347
1781679140386.6611,-0.04903324693441391,-9.492836952209473,0.24516624212265015
1781679140402.6526,-0.04903324693441391,-9.473223686218262,0.26477953791618347
1781679140418.645,-0.04903324693441391,-9.473223686218262,0.24516624212265015
1781679140434.6365,-0.04903324693441391,-9.492836952209473,0.24516624212265015
1781679140450.6301,-0.04903324693441391,-9.473223686218262,0.26477953791618347
1781679140466.6216,-0.04903324693441391,-9.473223686218262,0.24516624212265015
1781679140482.615,-0.06864655017852783,-9.473223686218262,0.24516624212265015
1781679140498.6074,-0.04903324693441391,-9.492836952209473,0.26477953791618347
1781679140514.5989,-0.04903324693441391,-9.473223686218262,0.24516624212265015
1781679140530.5916,-0.04903324693441391,-9.473223686218262,0.24516624212265015
1781679140546.585,-0.04903324693441391,-9.473223686218262,0.26477953791618347
1781679140562.5774,-0.029419949278235435,-9.492836952209473,0.24516624212265015
1781679140578.5698,-0.04903324693441391,-9.45361042022705,0.26477953791618347
1781679140594.5627,-0.029419949278235435,-9.473223686218262,0.24516624212265015
1781679140610.5557,-0.04903324693441391,-9.473223686218262,0.26477953791618347
1781679140626.5496,-0.04903324693441391,-9.492836952209473,0.26477953791618347
1781679140642.5447,-0.06864655017852783,-9.473223686218262,0.24516624212265015
1781679140658.5396,-0.04903324693441391,-9.492836952209473,0.24516624212265015
1781679140674.5347,-0.04903324693441391,-9.473223686218262,0.24516624212265015
1781679140690.5308,-0.04903324693441391,-9.473223686218262,0.24516624212265015
1781679140706.5256,-0.04903324693441391,-9.473223686218262,0.24516624212265015
1781679140722.5208,-0.04903324693441391,-9.473223686218262,0.24516624212265015
1781679140738.5137,-0.04903324693441391,-9.473223686218262,0.26477953791618347
1781679140754.5085,-0.04903324693441391,-9.473223686218262,0.26477953791618347
1781679140770.5017,-0.04903324693441391,-9.473223686218262,0.26477953791618347
1781679140786.4956,-0.04903324693441391,-9.473223686218262,0.24516624212265015
1781679140802.4907,-0.029419949278235435,-9.473223686218262,0.26477953791618347
1781679140818.4836,-0.04903324693441391,-9.473223686218262,0.24516624212265015
1781679140834.4775,-0.04903324693441391,-9.492836952209473,0.24516624212265015
1781679140850.4707,-0.04903324693441391,-9.45361042022705,0.24516624212265015
1781679140866.4656,-0.04903324693441391,-9.492836952209473,0.26477953791618347
1781679140882.4597,-0.04903324693441391,-9.473223686218262,0.24516624212265015
1781679140898.4536,-0.04903324693441391,-9.473223686218262,0.24516624212265015
1781679140914.4478,-0.04903324693441391,-9.473223686218262,0.24516624212265015
1781679140930.4407,-0.04903324693441391,-9.473223686218262,0.26477953791618347
1781679140946.4336,-0.04903324693441391,-9.492836952209473,0.24516624212265015
1781679140962.4258,-0.04903324693441391,-9.473223686218262,0.24516624212265015
1781679140978.4187,-0.04903324693441391,-9.473223686218262,0.24516624212265015
1781679140994.4106,-0.06864655017852783,-9.473223686218262,0.22555294632911682
1781679141010.4058,-0.04903324693441391,-9.473223686218262,0.26477953791618347
1781679141026.4006,-0.04903324693441391,-9.473223686218262,0.24516624212265015
1781679141042.3958,-0.04903324693441391,-9.473223686218262,0.24516624212265015
1781679141058.3887,-0.04903324693441391,-9.473223686218262,0.24516624212265015
1781679141074.3809,-0.04903324693441391,-9.492836952209473,0.24516624212265015
1781679141090.3728,-0.04903324693441391,-9.473223686218262,0.26477953791618347
1781679141106.3647,-0.04903324693441391,-9.492836952209473,0.24516624212265015
1781679141122.3557,-0.04903324693441391,-9.473223686218262,0.24516624212265015
1781679141138.348,-0.04903324693441391,-9.492836952209473,0.24516624212265015
1781679141154.3408,-0.06864655017852783,-9.45361042022705,0.24516624212265015
1781679141170.3328,-0.04903324693441391,-9.492836952209473,0.26477953791618347
1781679141186.325,-0.04903324693441391,-9.473223686218262,0.26477953791618347
1781679141202.3179,-0.029419949278235435,-9.492836952209473,0.24516624212265015
1781679141218.3098,-0.04903324693441391,-9.473223686218262,0.24516624212265015
1781679141234.3018,-0.06864655017852783,-9.473223686218262,0.26477953791618347
1781679141250.295,-0.04903324693441391,-9.473223686218262,0.26477953791618347
1781679141266.2878,-0.04903324693441391,-9.473223686218262,0.26477953791618347
1781679141282.28,-0.029419949278235435,-9.492836952209473,0.24516624212265015
1781679141298.272,-0.04903324693441391,-9.473223686218262,0.24516624212265015
1781679141314.265,-0.04903324693441391,-9.473223686218262,0.2843928337097168
1781679141330.258,-0.04903324693441391,-9.473223686218262,0.26477953791618347
1781679141346.249,-0.04903324693441391,-9.492836952209473,0.24516624212265015
1781679141362.241,-0.06864655017852783,-9.492836952209473,0.24516624212265015
1781679141378.2341,-0.029419949278235435,-9.473223686218262,0.24516624212265015
1781679141394.228,-0.06864655017852783,-9.473223686218262,0.24516624212265015
1781679141410.2212,-0.04903324693441391,-9.473223686218262,0.26477953791618347
1781679141426.2131,-0.06864655017852783,-9.473223686218262,0.24516624212265015
1781679141442.206,-0.04903324693441391,-9.473223686218262,0.24516624212265015
1781679141458.1992,-0.06864655017852783,-9.473223686218262,0.22555294632911682
1781679141474.1921,-0.029419949278235435,-9.473223686218262,0.24516624212265015
1781679141490.1863,-0.04903324693441391,-9.45361042022705,0.24516624212265015
1781679141506.1802,-0.04903324693441391,-9.473223686218262,0.24516624212265015
1781679141522.1733,-0.04903324693441391,-9.473223686218262,0.22555294632911682
1781679141538.1663,-0.04903324693441391,-9.473223686218262,0.24516624212265015
1781679141554.1592,-0.04903324693441391,-9.473223686218262,0.2843928337097168
1781679141570.1523,-0.029419949278235435,-9.473223686218262,0.26477953791618347
1781679141586.1443,-0.04903324693441391,-9.492836952209473,0.2059396505355835
1781679141602.137,-0.04903324693441391,-9.473223686218262,0.24516624212265015
1781679141618.1296,-0.04903324693441391,-9.473223686218262,0.26477953791618347
1781679141634.1213,-0.06864655017852783,-9.473223686218262,0.26477953791618347
1781679141650.1138,-0.04903324693441391,-9.492836952209473,0.24516624212265015
1781679141666.1064,-0.06864655017852783,-9.473223686218262,0.26477953791618347
1781679141682.101,-0.04903324693441391,-9.473223686218262,0.26477953791618347
1781679141698.0938,-0.04903324693441391,-9.473223686218262,0.24516624212265015
1781679141714.0874,-0.04903324693441391,-9.45361042022705,0.24516624212265015
1781679141730.082,-0.04903324693441391,-9.473223686218262,0.24516624212265015
1781679141746.0767,-0.04903324693441391,-9.473223686218262,0.26477953791618347
1781679141762.0703,-0.04903324693441391,-9.492836952209473,0.2843928337097168
1781679141778.062,-0.04903324693441391,-9.492836952209473,0.24516624212265015
1781679141794.0535,-0.04903324693441391,-9.473223686218262,0.24516624212265015
1781679141810.0452,-0.04903324693441391,-9.473223686218262,0.24516624212265015
1781679141826.0388,-0.06864655017852783,-9.492836952209473,0.26477953791618347
1781679141842.0303,-0.04903324693441391,-9.473223686218262,0.26477953791618347
1781679141858.023,-0.04903324693441391,-9.473223686218262,0.24516624212265015
1781679141874.0166,-0.04903324693441391,-9.473223686218262,0.26477953791618347
1781679141890.0103,-0.04903324693441391,-9.473223686218262,0.26477953791618347
1781679141906.004,-0.04903324693441391,-9.45361042022705,0.26477953791618347
1781679141921.9976,-0.04903324693441391,-9.473223686218262,0.26477953791618347
1781679141937.99,-0.06864655017852783,-9.473223686218262,0.22555294632911682
1781679141953.9827,-0.04903324693441391,-9.492836952209473,0.24516624212265015
1781679141969.9744,-0.04903324693441391,-9.473223686218262,0.26477953791618347
1781679141985.967,-0.04903324693441391,-9.473223686218262,0.26477953791618347
1781679142001.9604,-0.04903324693441391,-9.492836952209473,0.24516624212265015
1781679142017.9521,-0.04903324693441391,-9.492836952209473,0.24516624212265015
1781679142033.9448,-0.04903324693441391,-9.473223686218262,0.26477953791618347
1781679142049.9365,-0.04903324693441391,-9.492836952209473,0.24516624212265015
1781679142065.928,-0.06864655017852783,-9.473223686218262,0.24516624212265015
1781679142081.9207,-0.04903324693441391,-9.492836952209473,0.24516624212265015
1781679142097.9143,-0.04903324693441391,-9.492836952209473,0.26477953791618347
1781679142113.9058,-0.06864655017852783,-9.45361042022705,0.24516624212265015
1781679142129.8965,-0.06864655017852783,-9.492836952209473,0.24516624212265015
1781679142145.887,-0.04903324693441391,-9.473223686218262,0.26477953791618347
1781679142161.8777,-0.04903324693441391,-9.473223686218262,0.2843928337097168
1781679142177.8704,-0.04903324693441391,-9.45361042022705,0.24516624212265015
1781679180124.0022,9.590903282165527,-0.04903324693441391,0.411879301071167
1781679180139.9905,9.590903282165527,-0.029419949278235435,0.4314925968647003
1781679180155.9778,9.610516548156738,-0.04903324693441391,0.411879301071167
1781679180171.9639,9.590903282165527,-0.04903324693441391,0.4314925968647003
1781679180187.9502,9.610516548156738,-0.04903324693441391,0.411879301071167
1781679180203.9365,9.610516548156738,-0.04903324693441391,0.411879301071167
1781679180219.9238,9.590903282165527,-0.04903324693441391,0.4314925968647003
1781679180235.912,9.610516548156738,-0.04903324693441391,0.40207263827323914
1781679180251.9004,9.590903282165527,-0.06864655017852783,0.411879301071167
1781679180267.8887,9.610516548156738,-0.04903324693441391,0.411879301071167
1781679180283.877,9.610516548156738,-0.029419949278235435,0.4314925968647003
1781679180299.8643,9.610516548156738,-0.04903324693441391,0.4314925968647003
1781679180315.8525,9.590903282165527,-0.06864655017852783,0.4314925968647003
1781679180331.8418,9.610516548156738,-0.04903324693441391,0.4314925968647003
1781679180347.832,9.610516548156738,-0.04903324693441391,0.411879301071167
1781679180363.8213,9.610516548156738,-0.04903324693441391,0.4314925968647003
1781679180379.8105,9.610516548156738,-0.06864655017852783,0.4314925968647003
1781679180395.799,9.610516548156738,-0.04903324693441391,0.411879301071167
1781679180411.7883,9.610516548156738,-0.04903324693441391,0.411879301071167
1781679180427.7756,9.63012981414795,-0.04903324693441391,0.411879301071167
1781679180443.764,9.610516548156738,-0.04903324693441391,0.411879301071167
1781679180459.7522,9.63012981414795,-0.04903324693441391,0.4314925968647003
1781679180475.7417,9.610516548156738,-0.04903324693441391,0.411879301071167
1781679180491.731,9.610516548156738,-0.04903324693441391,0.411879301071167
1781679180507.7202,9.610516548156738,-0.04903324693441391,0.4314925968647003
1781679180523.7085,9.610516548156738,-0.04903324693441391,0.4314925968647003
1781679180539.7,9.610516548156738,-0.04903324693441391,0.411879301071167
1781679180555.6904,9.610516548156738,-0.04903324693441391,0.411879301071167
1781679180571.6787,9.610516548156738,-0.04903324693441391,0.40207263827323914
1781679180587.668,9.610516548156738,-0.04903324693441391,0.411879301071167
1781679180603.6575,9.610516548156738,-0.04903324693441391,0.4314925968647003
1781679180619.6467,9.610516548156738,-0.04903324693441391,0.411879301071167
1781679180635.635,9.610516548156738,-0.04903324693441391,0.4314925968647003
1781679180651.6255,9.610516548156738,-0.04903324693441391,0.4314925968647003
1781679180667.6138,9.590903282165527,-0.04903324693441391,0.4314925968647003
1781679180683.6042,9.610516548156738,-0.04903324693441391,0.4314925968647003
1781679180699.5938,9.610516548156738,-0.04903324693441391,0.411879301071167
1781679180715.583,9.610516548156738,-0.04903324693441391,0.411879301071167
1781679180731.5725,9.610516548156738,-0.04903324693441391,0.411879301071167
1781679180747.5618,9.63012981414795,-0.04903324693441391,0.4314925968647003
1781679180763.5493,9.610516548156738,-0.04903324693441391,0.411879301071167
1781679180779.5376,9.610516548156738,-0.04903324693441391,0.411879301071167
1781679180795.528,9.610516548156738,-0.04903324693441391,0.4314925968647003
1781679180811.516,9.610516548156738,-0.04903324693441391,0.4314925968647003
1781679180827.5056,9.610516548156738,-0.04903324693441391,0.411879301071167
1781679180843.494,9.610516548156738,-0.04903324693441391,0.411879301071167
1781679180859.4812,9.610516548156738,-0.029419949278235435,0.411879301071167
1781679180875.4697,9.610516548156738,-0.04903324693441391,0.411879301071167
1781679180891.459,9.610516548156738,-0.029419949278235435,0.4314925968647003
1781679180907.4463,9.610516548156738,-0.04903324693441391,0.411879301071167
1781679180923.4358,9.590903282165527,-0.04903324693441391,0.411879301071167
1781679180939.425,9.610516548156738,-0.04903324693441391,0.4314925968647003
1781679180955.4165,9.610516548156738,-0.06864655017852783,0.4314925968647003
1781679180971.4067,9.610516548156738,-0.04903324693441391,0.411879301071167
1781679180987.3962,9.590903282165527,-0.04903324693441391,0.411879301071167
1781679181003.3835,9.590903282165527,-0.029419949278235435,0.4314925968647003
1781679181019.3718,9.590903282165527,-0.04903324693441391,0.4314925968647003
1781679181035.3613,9.610516548156738,-0.06864655017852783,0.4314925968647003
1781679181051.3496,9.610516548156738,-0.04903324693441391,0.4314925968647003
1781679181067.338,9.610516548156738,-0.06864655017852783,0.411879301071167
1781679181083.3274,9.610516548156738,-0.04903324693441391,0.4314925968647003
1781679181099.3157,9.610516548156738,-0.04903324693441391,0.411879301071167
1781679181115.303,9.610516548156738,-0.029419949278235435,0.411879301071167
1781679181131.2915,9.63012981414795,-0.04903324693441391,0.4314925968647003
1781679181147.2788,9.610516548156738,-0.06864655017852783,0.4314925968647003
1781679181163.266,9.610516548156738,-0.04903324693441391,0.4314925968647003
1781679181179.2544,9.610516548156738,-0.04903324693441391,0.4314925968647003
1781679181195.244,9.610516548156738,-0.04903324693441391,0.4314925968647003
1781679181211.2322,9.610516548156738,-0.04903324693441391,0.4314925968647003
1781679181227.2205,9.610516548156738,-0.04903324693441391,0.411879301071167
1781679181243.2087,9.610516548156738,-0.04903324693441391,0.4314925968647003
1781679181259.196,9.610516548156738,-0.04903324693441391,0.4314925968647003
1781679181275.1836,9.610516548156738,-0.04903324693441391,0.411879301071167
1781679181291.1719,9.590903282165527,-0.029419949278235435,0.411879301071167
1781679181307.1602,9.610516548156738,-0.06864655017852783,0.411879301071167
1781679181323.1475,9.610516548156738,-0.029419949278235435,0.4314925968647003
1781679181339.1357,9.610516548156738,-0.04903324693441391,0.4314925968647003
1781679181355.123,9.610516548156738,-0.029419949278235435,0.411879301071167
1781679181371.1116,9.610516548156738,-0.04903324693441391,0.4314925968647003
1781679181387.1008,9.610516548156738,-0.06864655017852783,0.411879301071167
1781679181403.09,9.610516548156738,-0.029419949278235435,0.4314925968647003
1781679181419.0793,9.610516548156738,-0.04903324693441391,0.4314925968647003
1781679181435.0688,9.610516548156738,-0.04903324693441391,0.411879301071167
1781679181451.0571,9.590903282165527,-0.04903324693441391,0.411879301071167
1781679181467.0464,9.610516548156738,-0.04903324693441391,0.4314925968647003
1781679181483.0347,9.63012981414795,-0.06864655017852783,0.4314925968647003
1781679181499.023,9.610516548156738,-0.04903324693441391,0.411879301071167
1781679181515.0112,9.610516548156738,-0.04903324693441391,0.411879301071167
1781679181530.9995,9.590903282165527,-0.04903324693441391,0.411879301071167
1781679181546.9868,9.610516548156738,-0.029419949278235435,0.411879301071167
1781679181562.9763,9.610516548156738,-0.029419949278235435,0.4314925968647003
1781679181578.9656,9.590903282165527,-0.04903324693441391,0.4314925968647003
1781679181594.9558,9.610516548156738,-0.04903324693441391,0.411879301071167
1781679181610.946,9.590903282165527,-0.04903324693441391,0.4314925968647003
1781679181626.9355,9.610516548156738,-0.04903324693441391,0.4314925968647003
1781679181642.9248,9.610516548156738,-0.04903324693441391,0.411879301071167
1781679181658.9111,9.610516548156738,-0.04903324693441391,0.411879301071167
1781679181674.9004,9.610516548156738,-0.04903324693441391,0.411879301071167
1781679181690.8896,9.610516548156738,-0.06864655017852783,0.411879301071167
1781679181706.879,9.610516548156738,-0.04903324693441391,0.4314925968647003
1781679181722.8691,9.610516548156738,-0.04903324693441391,0.411879301071167
1781679181738.8584,9.610516548156738,-0.04903324693441391,0.40207263827323914
1781679181754.8489,9.590903282165527,-0.06864655017852783,0.411879301071167
1781679181770.8381,9.610516548156738,-0.029419949278235435,0.4314925968647003
1781679181786.8274,9.610516548156738,-0.029419949278235435,0.411879301071167
1781679181802.8167,9.610516548156738,-0.04903324693441391,0.40207263827323914
1781679181818.8052,9.610516548156738,-0.04903324693441391,0.411879301071167
1781679181834.7947,9.610516548156738,-0.04903324693441391,0.4314925968647003
1781679181850.7844,9.590903282165527,-0.04903324693441391,0.4314925968647003
1781679181866.774,9.610516548156738,-0.04903324693441391,0.4314925968647003
1781679181882.7644,9.610516548156738,-0.04903324693441391,0.4314925968647003
1781679181898.7542,9.610516548156738,-0.029419949278235435,0.411879301071167
1781679181914.7446,9.610516548156738,-0.04903324693441391,0.411879301071167
1781679181930.7354,9.610516548156738,-0.04903324693441391,0.411879301071167
1781679181946.7258,9.610516548156738,-0.029419949278235435,0.411879301071167
1781679181962.7163,9.610516548156738,-0.04903324693441391,0.4314925968647003
1781679181978.708,9.590903282165527,-0.04903324693441391,0.411879301071167
1781679181994.6975,9.610516548156738,-0.04903324693441391,0.411879301071167
1781679182010.688,9.610516548156738,-0.029419949278235435,0.411879301071167
1781679182026.6777,9.610516548156738,-0.04903324693441391,0.4314925968647003
1781679182042.6672,9.610516548156738,-0.029419949278235435,0.4314925968647003
1781679182058.6577,9.610516548156738,-0.04903324693441391,0.411879301071167
1781679182074.6484,9.610516548156738,-0.04903324693441391,0.411879301071167
1781679182090.639,9.610516548156738,-0.04903324693441391,0.411879301071167
1781679182106.6284,9.610516548156738,-0.04903324693441391,0.411879301071167
1781679182122.6182,9.590903282165527,-0.06864655017852783,0.411879301071167
1781679182138.6077,9.610516548156738,-0.04903324693441391,0.411879301071167
1781679182154.5952,9.590903282165527,-0.029419949278235435,0.4314925968647003
1781679182170.5847,9.610516548156738,-0.04903324693441391,0.411879301071167
1781679182186.5742,9.610516548156738,-0.04903324693441391,0.411879301071167
1781679182202.564,9.63012981414795,-0.04903324693441391,0.4314925968647003
1781679182218.5525,9.610516548156738,-0.06864655017852783,0.4314925968647003
1781679182234.543,9.610516548156738,-0.04903324693441391,0.4314925968647003
1781679182250.5325,9.610516548156738,-0.04903324693441391,0.411879301071167
1781679182266.5232,9.610516548156738,-0.04903324693441391,0.4314925968647003
1781679182282.5127,9.610516548156738,-0.04903324693441391,0.411879301071167
1781679182298.5002,9.610516548156738,-0.04903324693441391,0.411879301071167
1781679182314.4888,9.610516548156738,-0.04903324693441391,0.4314925968647003
1781679182330.4773,9.610516548156738,-0.04903324693441391,0.411879301071167
1781679182346.4668,9.610516548156738,-0.04903324693441391,0.411879301071167
1781679182362.4553,9.610516548156738,-0.04903324693441391,0.4314925968647003
1781679182378.445,9.610516548156738,-0.04903324693441391,0.4314925968647003
1781679182394.4336,9.63012981414795,-0.06864655017852783,0.4314925968647003
1781679182410.424,9.610516548156738,-0.04903324693441391,0.411879301071167
1781679182426.4136,9.63012981414795,-0.04903324693441391,0.4314925968647003
1781679182442.403,9.610516548156738,-0.04903324693441391,0.4314925968647003
1781679182458.3938,9.610516548156738,-0.029419949278235435,0.4314925968647003
1781679182474.3843,9.610516548156738,-0.04903324693441391,0.411879301071167
1781679182490.3748,9.610516548156738,-0.06864655017852783,0.4314925968647003
1781679182506.3633,9.610516548156738,-0.029419949278235435,0.4314925968647003
1781679182522.3528,9.610516548156738,-0.04903324693441391,0.411879301071167
1781679182538.3455,9.610516548156738,-0.04903324693441391,0.411879301071167
1781679182554.334,9.610516548156738,-0.04903324693441391,0.411879301071167
1781679182570.3225,9.610516548156738,-0.04903324693441391,0.4314925968647003
1781679182586.31,9.610516548156738,-0.04903324693441391,0.4314925968647003
1781679182602.2996,9.610516548156738,-0.029419949278235435,0.411879301071167
1781679182618.289,9.610516548156738,-0.04903324693441391,0.411879301071167
1781679182634.2766,9.610516548156738,-0.04903324693441391,0.411879301071167
1781679182650.2651,9.610516548156738,-0.029419949278235435,0.4314925968647003
1781679182666.2546,9.610516548156738,-0.029419949278235435,0.4314925968647003
1781679182682.2441,9.590903282165527,-0.029419949278235435,0.411879301071167
1781679182698.2349,9.610516548156738,-0.04903324693441391,0.411879301071167
1781679182714.2234,9.610516548156738,-0.04903324693441391,0.411879301071167
1781679182730.213,9.610516548156738,-0.04903324693441391,0.4314925968647003
1781679182746.2034,9.610516548156738,-0.04903324693441391,0.411879301071167
1781679182762.1938,9.610516548156738,-0.04903324693441391,0.411879301071167
1781679182778.1824,9.610516548156738,-0.029419949278235435,0.411879301071167
1781679182794.1719,9.590903282165527,-0.04903324693441391,0.4314925968647003
1781679182810.1616,9.610516548156738,-0.04903324693441391,0.4314925968647003
1781679182826.1511,9.610516548156738,-0.04903324693441391,0.411879301071167
1781679182842.14,9.610516548156738,-0.04903324693441391,0.411879301071167
1781679182858.1294,9.610516548156738,-0.04903324693441391,0.411879301071167
1781679182874.1191,9.610516548156738,-0.06864655017852783,0.4314925968647003
1781679182890.1086,9.610516548156738,-0.029419949278235435,0.4314925968647003
1781679182906.0984,9.610516548156738,-0.04903324693441391,0.411879301071167
1781679182922.0889,9.610516548156738,-0.04903324693441391,0.411879301071167
1781679182938.0806,9.610516548156738,-0.04903324693441391,0.4314925968647003
1781679182954.0723,9.610516548156738,-0.04903324693441391,0.4314925968647003
1781679182970.0627,9.610516548156738,-0.04903324693441391,0.411879301071167
1781679182986.0535,9.610516548156738,-0.029419949278235435,0.411879301071167
1781679183002.045,9.610516548156738,-0.04903324693441391,0.411879301071167
1781679183018.0347,9.590903282165527,-0.04903324693441391,0.411879301071167
1781679183034.0254,9.610516548156738,-0.029419949278235435,0.4314925968647003
1781679183050.0159,9.610516548156738,-0.029419949278235435,0.4314925968647003
1781679183066.0056,9.590903282165527,-0.04903324693441391,0.411879301071167
1781679183081.995,9.610516548156738,-0.04903324693441391,0.411879301071167
1781679183097.9849,9.63012981414795,-0.029419949278235435,0.4314925968647003
1781679183113.9734,9.610516548156738,-0.029419949278235435,0.4314925968647003
1781679183129.963,9.610516548156738,-0.04903324693441391,0.4314925968647003
1781679183145.9517,9.610516548156738,-0.029419949278235435,0.4314925968647003
1781679183161.9392,9.610516548156738,-0.04903324693441391,0.411879301071167
1781679183177.93,9.610516548156738,-0.04903324693441391,0.4314925968647003
1781679183193.9175,9.610516548156738,-0.029419949278235435,0.411879301071167
1781679183209.906,9.610516548156738,-0.04903324693441391,0.4314925968647003
1781679183225.8948,9.63012981414795,-0.04903324693441391,0.411879301071167
1781679183241.8843,9.590903282165527,-0.04903324693441391,0.411879301071167
1781679183257.8728,9.610516548156738,-0.04903324693441391,0.411879301071167
1781679183273.8616,9.610516548156738,-0.029419949278235435,0.4314925968647003
1781679183289.85,9.610516548156738,-0.04903324693441391,0.411879301071167
1781679183305.8386,9.610516548156738,-0.04903324693441391,0.411879301071167
1781679183321.8254,9.610516548156738,-0.04903324693441391,0.4314925968647003
1781679183337.815,9.610516548156738,-0.04903324693441391,0.4314925968647003
1781679183353.8044,9.610516548156738,-0.04903324693441391,0.411879301071167
1781679183369.7922,9.610516548156738,-0.04903324693441391,0.411879301071167
1781679183385.7827,9.610516548156738,-0.04903324693441391,0.4314925968647003
1781679183401.7712,9.610516548156738,-0.04903324693441391,0.4314925968647003
1781679183417.761,9.590903282165527,-0.04903324693441391,0.4314925968647003
1781679183433.7495,9.610516548156738,-0.04903324693441391,0.411879301071167
1781679183449.7383,9.590903282165527,-0.029419949278235435,0.411879301071167
1781679183465.7268,9.610516548156738,-0.04903324693441391,0.4314925968647003
1781679183481.7144,9.610516548156738,-0.04903324693441391,0.4314925968647003
1781679183497.703,9.610516548156738,-0.04903324693441391,0.4314925968647003
1781679183513.6926,9.610516548156738,-0.04903324693441391,0.411879301071167
1781679183529.6802,9.610516548156738,-0.06864655017852783,0.4314925968647003
1781679183545.6697,9.610516548156738,-0.06864655017852783,0.4314925968647003
1781679183561.6604,9.610516548156738,-0.06864655017852783,0.4314925968647003
1781679183577.65,9.610516548156738,-0.029419949278235435,0.411879301071167
1781679183593.6384,9.610516548156738,-0.04903324693441391,0.4314925968647003
1781679183609.6292,9.610516548156738,-0.04903324693441391,0.411879301071167
1781679183625.6177,9.610516548156738,-0.04903324693441391,0.4314925968647003
1781679183641.6084,9.610516548156738,-0.029419949278235435,0.4314925968647003
1781679183657.598,9.610516548156738,-0.06864655017852783,0.4314925968647003
1781679183673.5864,9.610516548156738,-0.04903324693441391,0.411879301071167
1781679183689.5781,9.63012981414795,-0.04903324693441391,0.4314925968647003
1781679183705.5676,9.590903282165527,-0.06864655017852783,0.4314925968647003
1781679183721.5574,9.610516548156738,-0.04903324693441391,0.411879301071167
1781679183737.5479,9.610516548156738,-0.04903324693441391,0.411879301071167
1781679183753.5374,9.610516548156738,-0.04903324693441391,0.4314925968647003
1781679183769.5261,9.610516548156738,-0.04903324693441391,0.4314925968647003
1781679183785.5156,9.610516548156738,-0.04903324693441391,0.411879301071167
1781679183801.5051,9.63012981414795,-0.009806649759411812,0.411879301071167
1781679183817.4954,9.610516548156738,-0.029419949278235435,0.4314925968647003
1781679183833.4854,9.610516548156738,-0.04903324693441391,0.411879301071167
1781679183849.4756,9.610516548156738,-0.06864655017852783,0.4314925968647003
1781679183865.4648,9.590903282165527,-0.04903324693441391,0.4314925968647003
1781679183881.4548,9.610516548156738,-0.04903324693441391,0.411879301071167
1781679183897.445,9.610516548156738,-0.029419949278235435,0.411879301071167
1781679183913.4343,9.610516548156738,-0.06864655017852783,0.4314925968647003
1781679183929.4243,9.610516548156738,-0.029419949278235435,0.4314925968647003
1781679183945.4155,9.610516548156738,-0.04903324693441391,0.411879301071167
1781679183961.4067,9.610516548156738,-0.04903324693441391,0.4314925968647003
1781679183977.398,9.590903282165527,-0.04903324693441391,0.4314925968647003
1781679183993.3892,9.610516548156738,-0.06864655017852783,0.4314925968647003
1781679184009.3813,9.610516548156738,-0.029419949278235435,0.411879301071167
1781679184025.3735,9.610516548156738,-0.04903324693441391,0.4314925968647003
1781679184041.3638,9.610516548156738,-0.04903324693441391,0.411879301071167
1781679184057.355,9.63012981414795,-0.04903324693441391,0.411879301071167
1781679184073.346,9.63012981414795,-0.04903324693441391,0.4314925968647003
1781679184089.3394,9.63012981414795,-0.04903324693441391,0.411879301071167
1781679184105.3306,9.590903282165527,-0.04903324693441391,0.411879301071167
1781679184121.3228,9.610516548156738,-0.06864655017852783,0.411879301071167
1781679184137.314,9.610516548156738,-0.04903324693441391,0.4314925968647003
1781679184153.3071,9.63012981414795,-0.04903324693441391,0.411879301071167
1781679184169.3003,9.610516548156738,-0.029419949278235435,0.411879301071167
1781679184185.2937,9.63012981414795,-0.04903324693441391,0.4314925968647003
1781679184201.286,9.610516548156738,-0.029419949278235435,0.4314925968647003
1781679184217.278,9.63012981414795,-0.04903324693441391,0.4314925968647003
1781679184233.2703,9.610516548156738,-0.04903324693441391,0.4314925968647003
1781679184249.2625,9.610516548156738,-0.04903324693441391,0.4314925968647003
1781679184265.2527,9.610516548156738,-0.029419949278235435,0.4314925968647003
1781679184281.246,9.610516548156738,-0.04903324693441391,0.4314925968647003
1781679184297.2383,9.590903282165527,-0.04903324693441391,0.4314925968647003
1781679184313.2305,9.610516548156738,-0.04903324693441391,0.411879301071167
1781679184329.223,9.610516548156738,-0.04903324693441391,0.4314925968647003
1781679184345.215,9.610516548156738,-0.04903324693441391,0.411879301071167
1781679184361.2073,9.63012981414795,-0.04903324693441391,0.4314925968647003
1781679184377.1997,9.610516548156738,-0.04903324693441391,0.411879301071167
1781679184393.191,9.610516548156738,-0.04903324693441391,0.411879301071167
1781679184409.184,9.590903282165527,-0.029419949278235435,0.411879301071167
1781679184425.1765,9.590903282165527,-0.06864655017852783,0.4314925968647003
1781679184441.1697,9.610516548156738,-0.029419949278235435,0.411879301071167
1781679184457.163,9.610516548156738,-0.04903324693441391,0.4314925968647003
1781679184473.1553,9.590903282165527,-0.029419949278235435,0.4314925968647003
1781679184489.1467,9.610516548156738,-0.06864655017852783,0.4314925968647003
1781679184505.14,9.610516548156738,-0.06864655017852783,0.411879301071167
1781679184521.1323,9.610516548156738,-0.029419949278235435,0.411879301071167
1781679184537.1245,9.63012981414795,-0.029419949278235435,0.411879301071167
1781679184553.116,9.590903282165527,-0.029419949278235435,0.411879301071167
1781679184569.1072,9.610516548156738,-0.06864655017852783,0.4314925968647003
1781679184585.0986,9.610516548156738,-0.04903324693441391,0.4314925968647003
1781679184601.0898,9.610516548156738,-0.04903324693441391,0.411879301071167
1781679184617.0823,9.610516548156738,-0.04903324693441391,0.411879301071167
1781679184633.0757,9.610516548156738,-0.04903324693441391,0.411879301071167
1781679184649.0679,9.610516548156738,-0.029419949278235435,0.4314925968647003
1781679184665.0613,9.63012981414795,-0.04903324693441391,0.4314925968647003
1781679184681.0537,9.610516548156738,-0.04903324693441391,0.411879301071167
1781679184697.045,9.610516548156738,-0.04903324693441391,0.411879301071167
1781679184713.0374,9.610516548156738,-0.04903324693441391,0.411879301071167
1781679184729.0308,9.610516548156738,-0.04903324693441391,0.411879301071167
1781679184745.023,9.590903282165527,-0.04903324693441391,0.411879301071167
1781679184761.0164,9.610516548156738,-0.04903324693441391,0.411879301071167
1781679184777.0098,9.610516548156738,-0.029419949278235435,0.411879301071167
1781679184793.0032,9.63012981414795,-0.04903324693441391,0.4314925968647003
1781679184808.9966,9.590903282165527,-0.04903324693441391,0.4314925968647003
1781679184824.984,9.590903282165527,-0.04903324693441391,0.411879301071167
1781679184840.9744,9.610516548156738,-0.04903324693441391,0.411879301071167
1781679184856.9658,9.610516548156738,-0.04903324693441391,0.411879301071167
1781679184872.9563,9.610516548156738,-0.04903324693441391,0.411879301071167
1781679184888.9468,9.610516548156738,-0.04903324693441391,0.411879301071167
1781679184904.9373,9.610516548156738,-0.04903324693441391,0.411879301071167
1781679184920.9268,9.590903282165527,-0.029419949278235435,0.4314925968647003
1781679184936.9172,9.610516548156738,-0.029419949278235435,0.4314925968647003
1781679184952.9065,9.610516548156738,-0.04903324693441391,0.4314925968647003
1781679184968.897,9.63012981414795,-0.06864655017852783,0.411879301071167
1781679184984.8875,9.610516548156738,-0.04903324693441391,0.411879301071167
1781679185000.876,9.610516548156738,-0.04903324693441391,0.411879301071167
1781679185016.8655,9.610516548156738,-0.04903324693441391,0.4314925968647003
1781679185032.853,9.63012981414795,-0.029419949278235435,0.4314925968647003
1781679185048.8433,9.610516548156738,-0.029419949278235435,0.4314925968647003
1781679185064.8328,9.610516548156738,-0.029419949278235435,0.411879301071167
1781679185080.8232,9.610516548156738,-0.06864655017852783,0.411879301071167
1781679185096.8137,9.610516548156738,-0.04903324693441391,0.411879301071167
1781679185112.8032,9.610516548156738,-0.04903324693441391,0.411879301071167
1781679185128.7927,9.63012981414795,-0.04903324693441391,0.4314925968647003
1781679185144.782,9.610516548156738,-0.04903324693441391,0.411879301071167
1781679185160.7715,9.610516548156738,-0.04903324693441391,0.4314925968647003
1781679185176.761,9.610516548156738,-0.04903324693441391,0.4314925968647003
1781679185192.7495,9.610516548156738,-0.04903324693441391,0.411879301071167
1781679185208.7388,9.610516548156738,-0.04903324693441391,0.4314925968647003
1781679185224.7292,9.63012981414795,-0.06864655017852783,0.4314925968647003
1781679185240.7188,9.610516548156738,-0.04903324693441391,0.4314925968647003
1781679185256.7083,9.610516548156738,-0.04903324693441391,0.4314925968647003
1781679185272.6965,9.63012981414795,-0.029419949278235435,0.411879301071167
1781679185288.684,9.63012981414795,-0.029419949278235435,0.411879301071167
1781679185304.6714,9.610516548156738,-0.029419949278235435,0.4314925968647003
1781679185320.659,9.610516548156738,-0.06864655017852783,0.4314925968647003
1781679185336.6475,9.610516548156738,-0.04903324693441391,0.411879301071167
1781679185352.6348,9.63012981414795,-0.029419949278235435,0.411879301071167
1781679185368.6233,9.610516548156738,-0.04903324693441391,0.4314925968647003
1781679185384.6116,9.610516548156738,-0.04903324693441391,0.4314925968647003
1781679185400.6,9.610516548156738,-0.04903324693441391,0.411879301071167
1781679185416.5874,9.610516548156738,-0.029419949278235435,0.4314925968647003
1781679185432.574,9.610516548156738,-0.04903324693441391,0.4314925968647003
1781679185448.5613,9.590903282165527,-0.06864655017852783,0.4314925968647003
1781679185464.5488,9.590903282165527,-0.04903324693441391,0.411879301071167
1781679185480.5352,9.610516548156738,-0.06864655017852783,0.4314925968647003
1781679185496.5215,9.590903282165527,-0.04903324693441391,0.4314925968647003
1781679185512.51,9.590903282165527,-0.04903324693441391,0.411879301071167
1781679185528.4985,9.63012981414795,-0.06864655017852783,0.411879301071167
1781679185544.4858,9.610516548156738,-0.04903324693441391,0.411879301071167
1781679185560.4744,9.610516548156738,-0.04903324693441391,0.4314925968647003
1781679185576.4626,9.590903282165527,-0.04903324693441391,0.4314925968647003
1781679185592.4521,9.610516548156738,-0.04903324693441391,0.4314925968647003
1781679185608.4404,9.610516548156738,-0.06864655017852783,0.4314925968647003
1781679185624.428,9.590903282165527,-0.04903324693441391,0.411879301071167
1781679185640.4172,9.610516548156738,-0.04903324693441391,0.411879301071167
1781679185656.4058,9.590903282165527,-0.04903324693441391,0.4314925968647003
1781679185672.394,9.610516548156738,-0.04903324693441391,0.411879301071167
1781679185688.3835,9.610516548156738,-0.04903324693441391,0.411879301071167
1781679185704.374,9.610516548156738,-0.04903324693441391,0.4314925968647003
1781679185720.3623,9.610516548156738,-0.04903324693441391,0.411879301071167
1781679185736.3518,9.610516548156738,-0.04903324693441391,0.411879301071167
1781679185752.342,9.610516548156738,-0.04903324693441391,0.4314925968647003
1781679185768.3315,9.610516548156738,-0.029419949278235435,0.4314925968647003
1781679185784.322,9.610516548156738,-0.04903324693441391,0.411879301071167
1781679185800.312,9.610516548156738,-0.04903324693441391,0.411879301071167
1781679185816.3018,9.610516548156738,-0.029419949278235435,0.411879301071167
1781679185832.2908,9.610516548156738,-0.06864655017852783,0.4314925968647003
1781679185848.2812,9.63012981414795,-0.04903324693441391,0.4314925968647003
1781679185864.2708,9.610516548156738,-0.04903324693441391,0.411879301071167
1781679185880.2605,9.610516548156738,-0.04903324693441391,0.4314925968647003
1781679185896.251,9.610516548156738,-0.04903324693441391,0.4314925968647003
1781679185912.2405,9.590903282165527,-0.06864655017852783,0.411879301071167
1781679185928.2302,9.610516548156738,-0.04903324693441391,0.411879301071167
1781679185944.2188,9.610516548156738,-0.04903324693441391,0.411879301071167
1781679185960.2083,9.610516548156738,-0.029419949278235435,0.411879301071167
1781679185976.1968,9.610516548156738,-0.029419949278235435,0.4314925968647003
1781679185992.1863,9.610516548156738,-0.06864655017852783,0.411879301071167
1781679186008.175,9.610516548156738,-0.04903324693441391,0.411879301071167
1781679186024.1636,9.590903282165527,-0.04903324693441391,0.411879301071167
1781679186040.154,9.610516548156738,-0.06864655017852783,0.411879301071167
1781679186056.1426,9.590903282165527,-0.029419949278235435,0.4314925968647003
1781679186072.1323,9.63012981414795,-0.04903324693441391,0.411879301071167
1781679186088.1238,9.610516548156738,-0.04903324693441391,0.411879301071167
1781679186104.1143,9.590903282165527,-0.029419949278235435,0.4314925968647003
1781679186120.106,9.610516548156738,-0.04903324693441391,0.4314925968647003
1781679186136.0974,9.63012981414795,-0.029419949278235435,0.4314925968647003
1781679186152.086,9.610516548156738,-0.029419949278235435,0.411879301071167
1781679186168.0767,9.63012981414795,-0.029419949278235435,0.40207263827323914
1781679186184.068,9.63012981414795,-0.04903324693441391,0.4314925968647003
1781679186200.0576,9.610516548156738,-0.04903324693441391,0.4314925968647003
1781679186216.047,9.610516548156738,-0.029419949278235435,0.4314925968647003
1781679186232.0378,9.610516548156738,-0.029419949278235435,0.411879301071167
1781679186248.0244,9.63012981414795,-0.04903324693441391,0.411879301071167
1781679186264.014,9.610516548156738,-0.04903324693441391,0.411879301071167
1781679186280.0024,9.610516548156738,-0.04903324693441391,0.4314925968647003
1781679186295.991,9.610516548156738,-0.029419949278235435,0.4314925968647003
1781679186311.9805,9.610516548156738,-0.04903324693441391,0.4314925968647003
1781679186327.97,9.610516548156738,-0.04903324693441391,0.411879301071167
1781679186343.9595,9.610516548156738,-0.04903324693441391,0.4314925968647003
1781679186359.9502,9.590903282165527,-0.04903324693441391,0.4314925968647003
1781679186375.9397,9.610516548156738,-0.04903324693441391,0.411879301071167
1781679186391.9292,9.610516548156738,-0.04903324693441391,0.4314925968647003
1781679186407.9207,9.610516548156738,-0.029419949278235435,0.40207263827323914
1781679186423.9104,9.610516548156738,-0.04903324693441391,0.4314925968647003
1781679186439.899,9.610516548156738,-0.04903324693441391,0.411879301071167
1781679186455.8884,9.610516548156738,-0.04903324693441391,0.411879301071167
1781679186471.878,9.610516548156738,-0.04903324693441391,0.4314925968647003
1781679186487.8684,9.610516548156738,-0.04903324693441391,0.4314925968647003
1781679186503.857,9.590903282165527,-0.06864655017852783,0.4314925968647003
1781679186519.8464,9.610516548156738,-0.04903324693441391,0.4314925968647003
1781679186535.835,9.610516548156738,-0.029419949278235435,0.40207263827323914
1781679186551.8254,9.610516548156738,-0.04903324693441391,0.411879301071167
1781679186567.8152,9.610516548156738,-0.029419949278235435,0.4314925968647003
1781679186583.8037,9.610516548156738,-0.04903324693441391,0.411879301071167
1781679186599.7922,9.610516548156738,-0.06864655017852783,0.411879301071167
1781679186615.7817,9.610516548156738,-0.04903324693441391,0.411879301071167
1781679186631.7712,9.590903282165527,-0.04903324693441391,0.411879301071167
1781679186647.7617,9.590903282165527,-0.04903324693441391,0.4314925968647003
1781679186663.7522,9.610516548156738,-0.04903324693441391,0.4314925968647003
1781679186679.7417,9.63012981414795,-0.04903324693441391,0.411879301071167
1781679186695.7312,9.610516548156738,-0.04903324693441391,0.4314925968647003
1781679186711.7207,9.610516548156738,-0.04903324693441391,0.411879301071167
1781679186727.7092,9.63012981414795,-0.04903324693441391,0.411879301071167
1781679186743.6978,9.610516548156738,-0.04903324693441391,0.4314925968647003
1781679186759.6863,9.610516548156738,-0.04903324693441391,0.4314925968647003
1781679186775.6758,9.610516548156738,-0.06864655017852783,0.411879301071167
1781679186791.6646,9.610516548156738,-0.04903324693441391,0.4314925968647003
1781679186807.6545,9.610516548156738,-0.04903324693441391,0.411879301071167
1781679186823.6462,9.610516548156738,-0.04903324693441391,0.411879301071167
1781679186839.6345,9.610516548156738,-0.04903324693441391,0.4314925968647003
1781679186855.624,9.610516548156738,-0.029419949278235435,0.4314925968647003
1781679186871.6123,9.610516548156738,-0.04903324693441391,0.411879301071167
1781679186887.6008,9.610516548156738,-0.04903324693441391,0.411879301071167
1781679186903.589,9.590903282165527,-0.04903324693441391,0.411879301071167
1781679186919.5776,9.610516548156738,-0.06864655017852783,0.4314925968647003
1781679186935.566,9.610516548156738,-0.029419949278235435,0.4314925968647003
1781679186951.5554,9.610516548156738,-0.029419949278235435,0.411879301071167
1781679186967.545,9.610516548156738,-0.04903324693441391,0.40207263827323914
1781679186983.5342,9.590903282165527,-0.04903324693441391,0.411879301071167
1781679186999.5247,9.610516548156738,-0.06864655017852783,0.411879301071167
1781679187015.515,9.610516548156738,-0.029419949278235435,0.4314925968647003
1781679187031.5054,9.610516548156738,-0.04903324693441391,0.411879301071167
1781679187047.4958,9.610516548156738,-0.04903324693441391,0.411879301071167
1781679187063.486,9.610516548156738,-0.04903324693441391,0.411879301071167
1781679187079.4746,9.610516548156738,-0.04903324693441391,0.411879301071167
1781679187095.4648,9.610516548156738,-0.04903324693441391,0.411879301071167
1781679187111.4543,9.63012981414795,-0.029419949278235435,0.411879301071167
1781679187127.4436,9.610516548156738,-0.04903324693441391,0.411879301071167
1781679187143.433,9.610516548156738,-0.04903324693441391,0.4314925968647003
1781679187159.4236,9.610516548156738,-0.04903324693441391,0.4314925968647003
1781679187175.4148,9.590903282165527,-0.029419949278235435,0.4314925968647003
1781679187191.4053,9.610516548156738,-0.029419949278235435,0.411879301071167
1781679187207.3945,9.63012981414795,-0.04903324693441391,0.4314925968647003
1781679187223.384,9.610516548156738,-0.029419949278235435,0.4314925968647003
1781679187239.3733,9.590903282165527,-0.04903324693441391,0.411879301071167
1781679187255.3638,9.610516548156738,-0.04903324693441391,0.411879301071167
1781679187271.3562,9.610516548156738,-0.04903324693441391,0.4314925968647003
1781679187287.3464,9.610516548156738,-0.029419949278235435,0.4314925968647003
1781679187303.338,9.610516548156738,-0.04903324693441391,0.4314925968647003
1781679187319.329,9.610516548156738,-0.029419949278235435,0.411879301071167
1781679187335.3215,9.590903282165527,-0.029419949278235435,0.411879301071167
1781679187351.313,9.610516548156738,-0.06864655017852783,0.4314925968647003
1781679187367.3042,9.610516548156738,-0.04903324693441391,0.4314925968647003
1781679187383.2947,9.610516548156738,-0.04903324693441391,0.4314925968647003
1781679187399.286,9.610516548156738,-0.029419949278235435,0.411879301071167
1781679187415.2754,9.63012981414795,-0.029419949278235435,0.411879301071167
1781679187431.2656,9.610516548156738,-0.06864655017852783,0.4314925968647003
1781679187447.257,9.590903282165527,-0.06864655017852783,0.4314925968647003
1781679187463.2473,9.610516548156738,-0.06864655017852783,0.4314925968647003
1781679187479.2388,9.610516548156738,-0.04903324693441391,0.411879301071167
1781679187495.2302,9.610516548156738,-0.06864655017852783,0.411879301071167
1781679187511.2205,9.610516548156738,-0.04903324693441391,0.411879301071167
1781679187527.2107,9.610516548156738,-0.04903324693441391,0.4314925968647003
1781679187543.2012,9.610516548156738,-0.04903324693441391,0.411879301071167
1781679187559.1914,9.590903282165527,-0.04903324693441391,0.4314925968647003
1781679187575.18,9.590903282165527,-0.04903324693441391,0.4314925968647003
1781679187591.1692,9.610516548156738,-0.04903324693441391,0.411879301071167
1781679187607.1584,9.610516548156738,-0.04903324693441391,0.411879301071167
1781679187623.149,9.64974308013916,-0.04903324693441391,0.411879301071167
1781679187639.1382,9.610516548156738,-0.04903324693441391,0.4314925968647003
1781679187655.1274,9.610516548156738,-0.04903324693441391,0.4314925968647003
1781679187671.118,9.590903282165527,-0.04903324693441391,0.4314925968647003
1781679187687.1091,9.610516548156738,-0.029419949278235435,0.4314925968647003
1781679187703.0996,9.610516548156738,-0.04903324693441391,0.4314925968647003
1781679187719.0908,9.590903282165527,-0.029419949278235435,0.411879301071167
1781679187735.0833,9.610516548156738,-0.029419949278235435,0.4314925968647003
1781679187751.0754,9.610516548156738,-0.06864655017852783,0.4314925968647003
1781679187767.067,9.590903282165527,-0.029419949278235435,0.411879301071167
1781679187783.0571,9.610516548156738,-0.04903324693441391,0.411879301071167
1781679187799.0493,9.610516548156738,-0.029419949278235435,0.411879301071167
1781679187815.0388,9.610516548156738,-0.04903324693441391,0.4314925968647003
1781679187831.0293,9.610516548156738,-0.04903324693441391,0.4314925968647003
1781679187847.0195,9.610516548156738,-0.04903324693441391,0.411879301071167
1781679187863.01,9.610516548156738,-0.029419949278235435,0.411879301071167
1781679187878.9985,9.63012981414795,-0.029419949278235435,0.411879301071167
1781679187894.987,9.610516548156738,-0.04903324693441391,0.4314925968647003
1781679187910.9753,9.610516548156738,-0.04903324693441391,0.4314925968647003
1781679187926.9648,9.610516548156738,-0.029419949278235435,0.4314925968647003
1781679187942.9543,9.610516548156738,-0.04903324693441391,0.411879301071167
1781679187958.9438,9.63012981414795,-0.06864655017852783,0.411879301071167
1781679187974.9302,9.590903282165527,-0.04903324693441391,0.4314925968647003
1781679187990.9187,9.610516548156738,-0.04903324693441391,0.4314925968647003
1781679188006.9102,9.610516548156738,-0.04903324693441391,0.4314925968647003
1781679188022.8984,9.610516548156738,-0.04903324693441391,0.4314925968647003
1781679188038.888,9.590903282165527,-0.04903324693441391,0.411879301071167
1781679188054.8774,9.610516548156738,-0.029419949278235435,0.411879301071167
1781679188070.8657,9.610516548156738,-0.04903324693441391,0.411879301071167
1781679188086.8552,9.610516548156738,-0.029419949278235435,0.4314925968647003
1781679188102.8447,9.610516548156738,-0.029419949278235435,0.4314925968647003
1781679188118.835,9.590903282165527,-0.04903324693441391,0.4314925968647003
1781679188134.8245,9.63012981414795,-0.04903324693441391,0.411879301071167
1781679188150.814,9.610516548156738,-0.029419949278235435,0.411879301071167
1781679188166.8044,9.610516548156738,-0.04903324693441391,0.4314925968647003
1781679188182.7937,9.590903282165527,-0.04903324693441391,0.4314925968647003
1781679188198.7832,9.610516548156738,-0.04903324693441391,0.4314925968647003
1781679188214.7727,9.610516548156738,-0.06864655017852783,0.4314925968647003
1781679188230.763,9.610516548156738,-0.029419949278235435,0.411879301071167
1781679188246.7515,9.610516548156738,-0.04903324693441391,0.4314925968647003
1781679188262.7407,9.610516548156738,-0.029419949278235435,0.4314925968647003
1781679188278.7302,9.590903282165527,-0.029419949278235435,0.4314925968647003
1781679188294.7197,9.610516548156738,-0.04903324693441391,0.411879301071167
1781679188310.707,9.610516548156738,-0.04903324693441391,0.4314925968647003
1781679188326.6985,9.610516548156738,-0.04903324693441391,0.411879301071167
1781679188342.6868,9.610516548156738,-0.04903324693441391,0.45110589265823364
1781679188358.6782,9.610516548156738,-0.029419949278235435,0.411879301071167
1781679188374.6677,9.610516548156738,-0.04903324693441391,0.411879301071167
1781679188390.658,9.610516548156738,-0.04903324693441391,0.4314925968647003
1781679188406.6484,9.590903282165527,-0.04903324693441391,0.4314925968647003
1781679188422.64,9.610516548156738,-0.04903324693441391,0.45110589265823364
1781679188438.6323,9.610516548156738,-0.029419949278235435,0.411879301071167
1781679188454.6248,9.610516548156738,-0.04903324693441391,0.4314925968647003
1781679188470.614,9.610516548156738,-0.04903324693441391,0.4314925968647003
1781679188486.6045,9.610516548156738,-0.04903324693441391,0.411879301071167
1781679188502.596,9.610516548156738,-0.04903324693441391,0.411879301071167
1781679188518.5862,9.610516548156738,-0.06864655017852783,0.411879301071167
1781679188534.5767,9.610516548156738,-0.06864655017852783,0.411879301071167
1781679188550.566,9.571290016174316,-0.04903324693441391,0.4314925968647003
1781679188566.5554,9.610516548156738,-0.029419949278235435,0.4314925968647003
1781679188582.546,9.610516548156738,-0.029419949278235435,0.4314925968647003
1781679188598.5361,9.610516548156738,-0.04903324693441391,0.4314925968647003
1781679188614.5266,9.610516548156738,-0.04903324693441391,0.4314925968647003
1781679188630.5178,9.590903282165527,-0.04903324693441391,0.4314925968647003
1781679188646.5073,9.610516548156738,-0.04903324693441391,0.411879301071167
1781679188662.4978,9.610516548156738,-0.04903324693441391,0.411879301071167
1781679188678.487,9.590903282165527,-0.04903324693441391,0.4314925968647003
1781679188694.4763,9.610516548156738,-0.04903324693441391,0.4314925968647003
1781679188710.4658,9.610516548156738,-0.04903324693441391,0.4314925968647003
1781679188726.455,9.610516548156738,-0.04903324693441391,0.4314925968647003
1781679188742.4446,9.63012981414795,-0.04903324693441391,0.411879301071167
1781679188758.4329,9.63012981414795,-0.04903324693441391,0.411879301071167
1781679188774.4224,9.610516548156738,-0.029419949278235435,0.4314925968647003
1781679188790.4106,9.610516548156738,-0.04903324693441391,0.4314925968647003
1781679188806.399,9.610516548156738,-0.04903324693441391,0.4314925968647003
1781679188822.3894,9.610516548156738,-0.029419949278235435,0.411879301071167
1781679188838.3777,9.610516548156738,-0.04903324693441391,0.4314925968647003
1781679188854.3672,9.610516548156738,-0.04903324693441391,0.411879301071167
1781679188870.3574,9.610516548156738,-0.029419949278235435,0.411879301071167
1781679188886.3457,9.610516548156738,-0.04903324693441391,0.4314925968647003
1781679188902.3342,9.610516548156738,-0.06864655017852783,0.4314925968647003
1781679188918.3235,9.610516548156738,-0.029419949278235435,0.45110589265823364
1781679188934.3137,9.610516548156738,-0.06864655017852783,0.411879301071167
1781679188950.3052,9.610516548156738,-0.04903324693441391,0.411879301071167
1781679188966.2944,9.63012981414795,-0.04903324693441391,0.4314925968647003
1781679188982.2837,9.590903282165527,-0.06864655017852783,0.411879301071167
1781679188998.273,9.610516548156738,-0.04903324693441391,0.411879301071167
1781679189014.2634,9.610516548156738,-0.04903324693441391,0.411879301071167
1781679189030.2537,9.610516548156738,-0.04903324693441391,0.411879301071167
1781679189046.243,9.610516548156738,-0.029419949278235435,0.4314925968647003
1781679189062.2332,9.63012981414795,-0.04903324693441391,0.4314925968647003
1781679189078.2205,9.590903282165527,-0.029419949278235435,0.4314925968647003
1781679189094.21,9.63012981414795,-0.04903324693441391,0.411879301071167
1781679189110.1992,9.610516548156738,-0.04903324693441391,0.411879301071167
1781679189126.1885,9.610516548156738,-0.04903324693441391,0.4314925968647003
1781679189142.1758,9.63012981414795,-0.04903324693441391,0.4314925968647003
1781679189158.165,9.610516548156738,-0.04903324693441391,0.4314925968647003
1781679189174.1553,9.590903282165527,-0.04903324693441391,0.4314925968647003
1781679189190.1445,9.610516548156738,-0.04903324693441391,0.4314925968647003
1781679189206.135,9.610516548156738,-0.029419949278235435,0.4314925968647003
1781679189222.1262,9.610516548156738,-0.04903324693441391,0.4314925968647003
1781679189238.1165,9.610516548156738,-0.04903324693441391,0.411879301071167
1781679189254.1057,9.610516548156738,-0.04903324693441391,0.411879301071167
1781679189270.094,9.610516548156738,-0.04903324693441391,0.4314925968647003
1781679189286.0823,9.63012981414795,-0.04903324693441391,0.4314925968647003
1781679189302.0715,9.610516548156738,-0.029419949278235435,0.4314925968647003
1781679189318.062,9.610516548156738,-0.04903324693441391,0.411879301071167
1781679189334.0513,9.610516548156738,-0.029419949278235435,0.411879301071167
1781679189350.0405,9.610516548156738,-0.04903324693441391,0.4314925968647003
1781679189366.0298,9.610516548156738,-0.029419949278235435,0.411879301071167
1781679189382.019,9.610516548156738,-0.04903324693441391,0.4314925968647003
1781679189398.0093,9.610516548156738,-0.04903324693441391,0.411879301071167
1781679189413.9995,9.610516548156738,-0.04903324693441391,0.4314925968647003
1781679189429.9888,9.610516548156738,-0.04903324693441391,0.4314925968647003
1781679189445.978,9.610516548156738,-0.029419949278235435,0.4314925968647003
1781679189461.9673,9.63012981414795,-0.06864655017852783,0.411879301071167
1781679189477.9565,9.610516548156738,-0.04903324693441391,0.4314925968647003
1781679189493.9448,9.610516548156738,-0.029419949278235435,0.4314925968647003
1781679189509.933,9.610516548156738,-0.04903324693441391,0.411879301071167
1781679189525.9224,9.610516548156738,-0.04903324693441391,0.4314925968647003
1781679189541.9116,9.610516548156738,-0.029419949278235435,0.411879301071167
1781679189557.9019,9.610516548156738,-0.06864655017852783,0.4314925968647003
1781679189573.891,9.590903282165527,-0.04903324693441391,0.411879301071167
1781679189589.8813,9.610516548156738,-0.04903324693441391,0.411879301071167
1781679189605.8696,9.610516548156738,-0.04903324693441391,0.4314925968647003
1781679189621.8599,9.610516548156738,-0.04903324693441391,0.4314925968647003
1781679189637.8481,9.610516548156738,-0.029419949278235435,0.4314925968647003
1781679189653.8384,9.590903282165527,-0.04903324693441391,0.411879301071167
1781679189669.8286,9.610516548156738,-0.04903324693441391,0.4314925968647003
1781679189685.8188,9.610516548156738,-0.04903324693441391,0.4314925968647003
1781679189701.8079,9.610516548156738,-0.04903324693441391,0.411879301071167
1781679189717.797,9.610516548156738,-0.04903324693441391,0.411879301071167
1781679189733.7854,9.63012981414795,-0.04903324693441391,0.411879301071167
1781679189749.7747,9.610516548156738,-0.029419949278235435,0.411879301071167
1781679189765.764,9.610516548156738,-0.04903324693441391,0.411879301071167
1781679189781.7522,9.610516548156738,-0.04903324693441391,0.4314925968647003
1781679189797.7412,9.610516548156738,-0.04903324693441391,0.411879301071167
1781679189813.7305,9.610516548156738,-0.029419949278235435,0.4314925968647003
1781679189829.721,9.610516548156738,-0.04903324693441391,0.4314925968647003
1781679189845.7104,9.590903282165527,-0.04903324693441391,0.411879301071167
1781679189861.7,9.610516548156738,-0.029419949278235435,0.4314925968647003
1781679189877.6895,9.610516548156738,-0.04903324693441391,0.45110589265823364
1781679189893.679,9.610516548156738,-0.04903324693441391,0.411879301071167
1781679189909.6694,9.610516548156738,-0.04903324693441391,0.4314925968647003
1781679189925.66,9.610516548156738,-0.029419949278235435,0.411879301071167
1781679189941.6506,9.610516548156738,-0.04903324693441391,0.4314925968647003
1781679189957.641,9.63012981414795,-0.04903324693441391,0.4314925968647003
1781679189973.6306,9.610516548156738,-0.04903324693441391,0.4314925968647003
1781679189989.62,9.610516548156738,-0.029419949278235435,0.411879301071167
1781679190005.6086,9.610516548156738,-0.04903324693441391,0.4314925968647003
1781679190021.599,9.610516548156738,-0.04903324693441391,0.4314925968647003
1781679190037.5896,9.590903282165527,-0.029419949278235435,0.4314925968647003
1781679190053.579,9.610516548156738,-0.029419949278235435,0.4314925968647003
1781679190069.5686,9.610516548156738,-0.029419949278235435,0.4314925968647003
1781679190085.5593,9.610516548156738,-0.04903324693441391,0.4314925968647003
1781679190101.5488,9.590903282165527,-0.04903324693441391,0.4314925968647003
1781679190117.5374,9.610516548156738,-0.04903324693441391,0.411879301071167
1781679190133.526,9.610516548156738,-0.04903324693441391,0.411879301071167
1781679190149.5144,9.610516548156738,-0.029419949278235435,0.411879301071167
1781679190165.504,9.610516548156738,-0.04903324693441391,0.411879301071167
1781679190181.4934,9.610516548156738,-0.04903324693441391,0.411879301071167
1781679190197.482,9.610516548156738,-0.06864655017852783,0.4314925968647003
1781679190213.4714,9.610516548156738,-0.04903324693441391,0.4314925968647003
1781679190229.461,9.610516548156738,-0.04903324693441391,0.4314925968647003
1781679190245.4495,9.610516548156738,-0.029419949278235435,0.4314925968647003
1781679190261.44,9.610516548156738,-0.04903324693441391,0.4314925968647003
1781679190277.4285,9.610516548156738,-0.04903324693441391,0.411879301071167
1781679190293.417,9.610516548156738,-0.04903324693441391,0.411879301071167
1781679190309.4053,9.610516548156738,-0.04903324693441391,0.4314925968647003
1781679190325.396,9.590903282165527,-0.04903324693441391,0.4314925968647003
1781679190341.3855,9.610516548156738,-0.04903324693441391,0.4314925968647003
1781679190357.375,9.610516548156738,-0.04903324693441391,0.4314925968647003
1781679190373.3623,9.610516548156738,-0.04903324693441391,0.4314925968647003
1781679190389.3508,9.610516548156738,-0.04903324693441391,0.4314925968647003
1781679190405.3394,9.63012981414795,-0.04903324693441391,0.4314925968647003
1781679190421.3289,9.610516548156738,-0.04903324693441391,0.411879301071167
1781679190437.3174,9.610516548156738,-0.04903324693441391,0.411879301071167
1781679190453.306,9.610516548156738,-0.04903324693441391,0.4314925968647003
1781679190469.2935,9.590903282165527,-0.04903324693441391,0.4314925968647003
1781679190485.281,9.63012981414795,-0.04903324693441391,0.4314925968647003
1781679190501.2705,9.610516548156738,-0.029419949278235435,0.411879301071167
1781679190517.2578,9.610516548156738,-0.04903324693441391,0.4314925968647003
1781679190533.2463,9.610516548156738,-0.04903324693441391,0.4314925968647003
1781679190549.2368,9.610516548156738,-0.04903324693441391,0.4314925968647003
1781679190565.2263,9.610516548156738,-0.029419949278235435,0.4314925968647003
1781679190581.2158,9.610516548156738,-0.029419949278235435,0.4314925968647003
1781679190597.2053,9.610516548156738,-0.029419949278235435,0.411879301071167
1781679190613.1938,9.590903282165527,-0.029419949278235435,0.4314925968647003
1781679190629.1814,9.610516548156738,-0.029419949278235435,0.4314925968647003
1781679190645.168,9.610516548156738,-0.029419949278235435,0.4314925968647003
1781679190661.1562,9.610516548156738,-0.04903324693441391,0.4314925968647003
1781679190677.1438,9.610516548156738,-0.04903324693441391,0.411879301071167
1781679190693.1323,9.590903282165527,-0.04903324693441391,0.4314925968647003
1781679190709.1208,9.610516548156738,-0.04903324693441391,0.4314925968647003
1781679190725.1104,9.610516548156738,-0.029419949278235435,0.4314925968647003
1781679190741.0989,9.610516548156738,-0.04903324693441391,0.411879301071167
1781679190757.0884,9.610516548156738,-0.04903324693441391,0.411879301071167
1781679190773.078,9.610516548156738,-0.04903324693441391,0.4314925968647003
1781679190789.0674,9.610516548156738,-0.029419949278235435,0.411879301071167
1781679190805.057,9.610516548156738,-0.04903324693441391,0.411879301071167
1781679190821.0474,9.610516548156738,-0.04903324693441391,0.411879301071167
1781679190837.039,9.610516548156738,-0.029419949278235435,0.4314925968647003
1781679190853.0293,9.610516548156738,-0.04903324693441391,0.4314925968647003
1781679190869.0205,9.610516548156738,-0.029419949278235435,0.411879301071167
1781679190885.0117,9.610516548156738,-0.04903324693441391,0.4314925968647003
1781679190901.004,9.610516548156738,-0.06864655017852783,0.4314925968647003
1781679190916.996,9.610516548156738,-0.04903324693441391,0.4314925968647003
1781679190932.9873,9.610516548156738,-0.04903324693441391,0.411879301071167
1781679190948.9805,9.610516548156738,-0.029419949278235435,0.411879301071167
1781679190964.9705,9.63012981414795,-0.04903324693441391,0.411879301071167
1781679190980.9607,9.610516548156738,-0.04903324693441391,0.4314925968647003
1781679190996.951,9.610516548156738,-0.04903324693441391,0.4314925968647003
1781679191012.9421,9.63012981414795,-0.04903324693441391,0.411879301071167
1781679191028.9333,9.63012981414795,-0.04903324693441391,0.411879301071167
1781679191044.9236,9.610516548156738,-0.029419949278235435,0.4314925968647003
1781679191060.9148,9.610516548156738,-0.04903324693441391,0.4314925968647003
1781679191076.904,9.610516548156738,-0.04903324693441391,0.4314925968647003
1781679191092.8962,9.610516548156738,-0.04903324693441391,0.411879301071167
1781679191108.8884,9.610516548156738,-0.06864655017852783,0.411879301071167
1781679191124.8796,9.610516548156738,-0.04903324693441391,0.4314925968647003
1781679191140.871,9.610516548156738,-0.029419949278235435,0.4314925968647003
1781679191156.8623,9.610516548156738,-0.04903324693441391,0.4314925968647003
1781679191172.8535,9.610516548156738,-0.04903324693441391,0.411879301071167
1781679191188.8438,9.610516548156738,-0.029419949278235435,0.4314925968647003
1781679191204.834,9.610516548156738,-0.04903324693441391,0.4314925968647003
1781679191220.8252,9.610516548156738,-0.029419949278235435,0.4314925968647003
1781679191236.8164,9.610516548156738,-0.029419949278235435,0.4314925968647003
1781679191252.807,9.610516548156738,-0.04903324693441391,0.4314925968647003
1781679191268.798,9.610516548156738,-0.04903324693441391,0.411879301071167
1781679191284.7874,9.610516548156738,-0.04903324693441391,0.4314925968647003
1781679191300.7776,9.610516548156738,-0.06864655017852783,0.4314925968647003
1781679191316.7668,9.610516548156738,-0.029419949278235435,0.4314925968647003
1781679191332.756,9.610516548156738,-0.029419949278235435,0.4314925968647003
1781679191348.7454,9.63012981414795,-0.029419949278235435,0.411879301071167
1781679191364.7336,9.610516548156738,-0.029419949278235435,0.411879301071167
1781679191380.7231,9.610516548156738,-0.04903324693441391,0.411879301071167
1781679191396.7134,9.610516548156738,-0.04903324693441391,0.4314925968647003
1781679191412.7026,9.610516548156738,-0.04903324693441391,0.411879301071167
1781679191428.6938,9.610516548156738,-0.04903324693441391,0.4314925968647003
1781679191444.6833,9.63012981414795,-0.029419949278235435,0.4314925968647003
1781679191460.6736,9.610516548156738,-0.04903324693441391,0.411879301071167
1781679191476.6628,9.610516548156738,-0.06864655017852783,0.4314925968647003
1781679191492.652,9.610516548156738,-0.029419949278235435,0.411879301071167
1781679191508.6416,9.63012981414795,-0.029419949278235435,0.411879301071167
1781679191524.6309,9.610516548156738,-0.04903324693441391,0.411879301071167
1781679191540.62,9.610516548156738,-0.029419949278235435,0.411879301071167
1781679191556.6106,9.610516548156738,-0.029419949278235435,0.4314925968647003
1781679191572.6008,9.610516548156738,-0.04903324693441391,0.4314925968647003
1781679191588.5923,9.610516548156738,-0.04903324693441391,0.4314925968647003
1781679191604.5845,9.63012981414795,-0.029419949278235435,0.4314925968647003
1781679191620.576,9.590903282165527,-0.04903324693441391,0.411879301071167
1781679191636.5664,9.610516548156738,-0.04903324693441391,0.4314925968647003
1781679191652.5557,9.610516548156738,-0.029419949278235435,0.4314925968647003
1781679191668.543,9.63012981414795,-0.04903324693441391,0.411879301071167
1781679191684.5315,9.610516548156738,-0.04903324693441391,0.411879301071167
1781679191700.5198,9.610516548156738,-0.04903324693441391,0.4314925968647003
1781679191716.508,9.610516548156738,-0.029419949278235435,0.4314925968647003
1781679191732.4976,9.610516548156738,-0.04903324693441391,0.4314925968647003
1781679191748.4878,9.610516548156738,-0.04903324693441391,0.4314925968647003
1781679191764.4773,9.610516548156738,-0.04903324693441391,0.411879301071167
1781679191780.4707,9.63012981414795,-0.029419949278235435,0.411879301071167
1781679191796.4612,9.610516548156738,-0.04903324693441391,0.4314925968647003
1781679191812.4524,9.610516548156738,-0.04903324693441391,0.411879301071167
1781679191828.4434,9.610516548156738,-0.06864655017852783,0.411879301071167
1781679191844.4321,9.610516548156738,-0.04903324693441391,0.4314925968647003
1781679191860.4197,9.610516548156738,-0.029419949278235435,0.411879301071167
1781679191876.4082,9.610516548156738,-0.04903324693441391,0.4314925968647003
1781679191892.3977,9.610516548156738,-0.04903324693441391,0.4314925968647003
1781679191908.3882,9.63012981414795,-0.04903324693441391,0.411879301071167
1781679191924.3787,9.610516548156738,-0.04903324693441391,0.4314925968647003
1781679191940.3682,9.590903282165527,-0.04903324693441391,0.4314925968647003
1781679191956.357,9.610516548156738,-0.04903324693441391,0.411879301071167
1781679191972.3464,9.590903282165527,-0.04903324693441391,0.4314925968647003
1781679191988.334,9.610516548156738,-0.029419949278235435,0.411879301071167
1781679192004.3235,9.610516548156738,-0.04903324693441391,0.411879301071167
1781679192020.313,9.610516548156738,-0.04903324693441391,0.4314925968647003
1781679192036.3025,9.63012981414795,-0.04903324693441391,0.4314925968647003
1781679192052.291,9.610516548156738,-0.04903324693441391,0.4314925968647003
1781679192068.2795,9.590903282165527,-0.04903324693441391,0.4314925968647003
1781679192084.268,9.610516548156738,-0.04903324693441391,0.411879301071167
1781679192100.2566,9.610516548156738,-0.04903324693441391,0.411879301071167
1781679192116.2463,9.610516548156738,-0.04903324693441391,0.4314925968647003
1781679192132.2358,9.610516548156738,-0.04903324693441391,0.4314925968647003
1781679192148.2244,9.610516548156738,-0.029419949278235435,0.411879301071167
1781679192164.2139,9.610516548156738,-0.04903324693441391,0.4314925968647003
1781679192180.2024,9.610516548156738,-0.04903324693441391,0.411879301071167
1781679192196.191,9.610516548156738,-0.029419949278235435,0.411879301071167
1781679192212.1794,9.610516548156738,-0.04903324693441391,0.411879301071167
1781679192228.168,9.610516548156738,-0.04903324693441391,0.4314925968647003
1781679192244.1575,9.63012981414795,-0.029419949278235435,0.4314925968647003
1781679192260.145,9.610516548156738,-0.04903324693441391,0.411879301071167
1781679192276.1335,9.63012981414795,-0.04903324693441391,0.4314925968647003
1781679192292.121,9.610516548156738,-0.029419949278235435,0.411879301071167
1781679192308.1106,9.610516548156738,-0.04903324693441391,0.4314925968647003
1781679192324.0981,9.590903282165527,-0.04903324693441391,0.4314925968647003
1781679192340.0867,9.610516548156738,-0.04903324693441391,0.4314925968647003
1781679192356.0752,9.610516548156738,-0.04903324693441391,0.411879301071167
1781679192372.0647,9.610516548156738,-0.04903324693441391,0.4314925968647003
1781679192388.0522,9.610516548156738,-0.04903324693441391,0.4314925968647003
1781679192404.0408,9.63012981414795,-0.04903324693441391,0.4314925968647003
1781679192420.0293,9.610516548156738,-0.029419949278235435,0.4314925968647003
1781679192436.0188,9.63012981414795,-0.04903324693441391,0.40207263827323914
1781679192452.0083,9.63012981414795,-0.04903324693441391,0.411879301071167
1781679192467.9958,9.590903282165527,-0.04903324693441391,0.4314925968647003
1781679192483.9854,9.610516548156738,-0.04903324693441391,0.4314925968647003
1781679192499.975,9.610516548156738,-0.029419949278235435,0.411879301071167
1781679192515.9656,9.610516548156738,-0.029419949278235435,0.411879301071167
1781679192531.956,9.610516548156738,-0.04903324693441391,0.4314925968647003
1781679192547.9446,9.610516548156738,-0.04903324693441391,0.4314925968647003
1781679192563.9321,9.590903282165527,-0.04903324693441391,0.411879301071167
1781679192579.9197,9.63012981414795,-0.04903324693441391,0.411879301071167
1781679192595.9082,9.63012981414795,-0.029419949278235435,0.4314925968647003
1781679192611.8967,9.610516548156738,-0.04903324693441391,0.4314925968647003
1781679192627.8843,9.610516548156738,-0.04903324693441391,0.411879301071167
1781679192643.8738,9.610516548156738,-0.029419949278235435,0.411879301071167
1781679192659.8643,9.610516548156738,-0.029419949278235435,0.411879301071167
1781679192675.8528,9.610516548156738,-0.06864655017852783,0.4314925968647003
1781679192691.8423,9.610516548156738,-0.04903324693441391,0.4314925968647003
1781679192707.8318,9.610516548156738,-0.029419949278235435,0.411879301071167
1781679192723.8213,9.610516548156738,-0.029419949278235435,0.4314925968647003
1781679192739.8098,9.590903282165527,-0.04903324693441391,0.4314925968647003
1781679192755.7983,9.63012981414795,-0.04903324693441391,0.411879301071167
1781679192771.7878,9.63012981414795,-0.04903324693441391,0.411879301071167
1781679192787.7773,9.590903282165527,-0.06864655017852783,0.411879301071167
1781679192803.7659,9.590903282165527,-0.04903324693441391,0.411879301071167
1781679192819.7554,9.610516548156738,-0.04903324693441391,0.411879301071167
1781679192835.7454,9.590903282165527,-0.029419949278235435,0.411879301071167
1781679192851.7344,9.610516548156738,-0.029419949278235435,0.411879301071167
1781679192867.7246,9.610516548156738,-0.04903324693441391,0.411879301071167
1781679192883.7126,9.610516548156738,-0.029419949278235435,0.411879301071167
1781679192899.7017,9.610516548156738,-0.04903324693441391,0.4314925968647003
1781679192915.6907,9.610516548156738,-0.04903324693441391,0.411879301071167
1781679192931.6807,9.610516548156738,-0.029419949278235435,0.411879301071167
1781679192947.671,9.610516548156738,-0.029419949278235435,0.411879301071167
1781679192963.661,9.590903282165527,-0.04903324693441391,0.411879301071167
1781679192979.65,9.610516548156738,-0.04903324693441391,0.4314925968647003
1781679192995.639,9.610516548156738,-0.04903324693441391,0.411879301071167
1781679193011.628,9.590903282165527,-0.04903324693441391,0.4314925968647003
1781679193027.6172,9.63012981414795,-0.04903324693441391,0.411879301071167
1781679193043.6072,9.610516548156738,-0.029419949278235435,0.4314925968647003
1781679193059.5972,9.610516548156738,-0.029419949278235435,0.4314925968647003
1781679193075.5872,9.610516548156738,-0.04903324693441391,0.4314925968647003
1781679193091.5774,9.610516548156738,-0.04903324693441391,0.4314925968647003
1781679193107.5684,9.610516548156738,-0.04903324693441391,0.4314925968647003
1781679193123.5605,9.610516548156738,-0.029419949278235435,0.4314925968647003
1781679193139.5505,9.610516548156738,-0.04903324693441391,0.411879301071167
1781679193155.5405,9.610516548156738,-0.029419949278235435,0.4314925968647003
1781679193171.5317,9.610516548156738,-0.04903324693441391,0.4314925968647003
1781679193187.5208,9.610516548156738,-0.04903324693441391,0.4314925968647003
1781679193203.5107,9.610516548156738,-0.04903324693441391,0.411879301071167
1781679193219.4998,9.610516548156738,-0.04903324693441391,0.4314925968647003
1781679193235.4897,9.590903282165527,-0.04903324693441391,0.411879301071167
1781679193251.481,9.590903282165527,-0.04903324693441391,0.4314925968647003
1781679193267.472,9.63012981414795,-0.04903324693441391,0.4314925968647003
1781679193283.4622,9.610516548156738,-0.029419949278235435,0.411879301071167
1781679193299.4521,9.610516548156738,-0.04903324693441391,0.4314925968647003
1781679193315.443,9.610516548156738,-0.029419949278235435,0.4314925968647003
1781679193331.4343,9.610516548156738,-0.04903324693441391,0.4314925968647003
1781679193347.4253,9.610516548156738,-0.04903324693441391,0.4314925968647003
1781679193363.4163,9.610516548156738,-0.029419949278235435,0.411879301071167
1781679193379.4075,9.610516548156738,-0.029419949278235435,0.411879301071167
1781679193395.3994,9.610516548156738,-0.06864655017852783,0.4314925968647003
1781679193411.3884,9.610516548156738,-0.04903324693441391,0.4314925968647003
1781679193427.3777,9.590903282165527,-0.029419949278235435,0.4314925968647003
1781679193443.3687,9.610516548156738,-0.029419949278235435,0.411879301071167
1781679193459.3586,9.610516548156738,-0.04903324693441391,0.411879301071167
1781679193475.3467,9.610516548156738,-0.04903324693441391,0.4314925968647003
1781679193491.3347,9.590903282165527,-0.06864655017852783,0.411879301071167
1781679193507.323,9.610516548156738,-0.04903324693441391,0.4314925968647003
1781679193523.309,9.590903282165527,-0.029419949278235435,0.4314925968647003
1781679193539.2961,9.610516548156738,-0.04903324693441391,0.411879301071167
1781679193555.2842,9.610516548156738,-0.04903324693441391,0.411879301071167
1781679193571.2722,9.610516548156738,-0.04903324693441391,0.4314925968647003
1781679193587.2622,9.610516548156738,-0.04903324693441391,0.411879301071167
1781679193603.2512,9.610516548156738,-0.04903324693441391,0.4314925968647003
1781679193619.2402,9.610516548156738,-0.04903324693441391,0.4314925968647003
1781679193635.2285,9.610516548156738,-0.04903324693441391,0.4314925968647003
1781679193651.2166,9.610516548156738,-0.04903324693441391,0.4314925968647003
1781679193667.2046,9.610516548156738,-0.06864655017852783,0.4314925968647003
1781679193683.1917,9.610516548156738,-0.04903324693441391,0.4314925968647003
1781679193699.1787,9.610516548156738,-0.04903324693441391,0.4314925968647003
1781679193715.1677,9.610516548156738,-0.04903324693441391,0.4314925968647003
1781679193731.1548,9.610516548156738,-0.04903324693441391,0.4314925968647003
1781679193747.1438,9.610516548156738,-0.029419949278235435,0.4314925968647003
1781679193763.1318,9.590903282165527,-0.04903324693441391,0.411879301071167
1781679193779.1199,9.590903282165527,-0.04903324693441391,0.4314925968647003
1781679193795.1082,9.610516548156738,-0.04903324693441391,0.411879301071167
1781679193811.0962,9.610516548156738,-0.029419949278235435,0.411879301071167
1781679193827.083,9.610516548156738,-0.04903324693441391,0.4314925968647003
1781679193843.0713,9.610516548156738,-0.009806649759411812,0.411879301071167
1781679193859.0593,9.610516548156738,-0.04903324693441391,0.4314925968647003
1781679193875.048,9.610516548156738,-0.06864655017852783,0.4314925968647003
1781679193891.0361,9.610516548156738,-0.029419949278235435,0.4314925968647003
1781679193907.024,9.610516548156738,-0.029419949278235435,0.4314925968647003
1781679193923.012,9.610516548156738,-0.04903324693441391,0.411879301071167
1781679193938.999,9.610516548156738,-0.04903324693441391,0.411879301071167
1781679193954.9858,9.610516548156738,-0.029419949278235435,0.4314925968647003
1781679193970.9739,9.610516548156738,-0.06864655017852783,0.411879301071167
1781679193986.9617,9.610516548156738,-0.04903324693441391,0.45110589265823364
1781679194002.9517,9.610516548156738,-0.029419949278235435,0.411879301071167
1781679194018.9417,9.610516548156738,-0.029419949278235435,0.4314925968647003
1781679194034.9316,9.63012981414795,-0.04903324693441391,0.4314925968647003
1781679194050.9216,9.610516548156738,-0.04903324693441391,0.4314925968647003
1781679194066.9106,9.610516548156738,-0.04903324693441391,0.4314925968647003
1781679194082.8987,9.610516548156738,-0.04903324693441391,0.4314925968647003
1781679194098.8877,9.610516548156738,-0.04903324693441391,0.4314925968647003
1781679194114.8755,9.610516548156738,-0.04903324693441391,0.4314925968647003
1781679194130.8635,9.590903282165527,-0.04903324693441391,0.4314925968647003
1781679194146.8506,9.610516548156738,-0.029419949278235435,0.411879301071167
1781679194162.8396,9.610516548156738,-0.04903324693441391,0.4314925968647003
1781679194178.8296,9.610516548156738,-0.029419949278235435,0.4314925968647003
1781679194194.8176,9.590903282165527,-0.06864655017852783,0.4314925968647003
1781679194210.8057,9.610516548156738,-0.029419949278235435,0.4314925968647003
1781679194226.7947,9.63012981414795,-0.04903324693441391,0.4314925968647003
1781679194242.7827,9.610516548156738,-0.04903324693441391,0.4314925968647003
1781679194258.7717,9.610516548156738,-0.029419949278235435,0.4314925968647003
1781679194274.7598,9.63012981414795,-0.029419949278235435,0.411879301071167
1781679194290.7488,9.610516548156738,-0.04903324693441391,0.411879301071167
1781679194306.7397,9.610516548156738,-0.04903324693441391,0.4314925968647003
1781679194322.73,9.610516548156738,-0.04903324693441391,0.4314925968647003
1781679194338.719,9.610516548156738,-0.029419949278235435,0.4314925968647003
1781679194354.708,9.610516548156738,-0.04903324693441391,0.4314925968647003
1781679194370.698,9.610516548156738,-0.04903324693441391,0.411879301071167
1781679194386.6882,9.610516548156738,-0.04903324693441391,0.4314925968647003
1781679194402.6782,9.590903282165527,-0.04903324693441391,0.4314925968647003
1781679194418.6682,9.590903282165527,-0.04903324693441391,0.411879301071167
1781679194434.6584,9.610516548156738,-0.04903324693441391,0.411879301071167
1781679194450.6475,9.610516548156738,-0.04903324693441391,0.411879301071167
1781679194466.6375,9.610516548156738,-0.04903324693441391,0.411879301071167
1781679194482.6277,9.610516548156738,-0.029419949278235435,0.40207263827323914
1781679194498.6167,9.610516548156738,-0.029419949278235435,0.411879301071167
1781679194514.607,9.610516548156738,-0.04903324693441391,0.4314925968647003
1781679194530.595,9.610516548156738,-0.04903324693441391,0.4314925968647003
1781679194546.585,9.590903282165527,-0.029419949278235435,0.4314925968647003
1781679194562.5762,9.63012981414795,-0.04903324693441391,0.4314925968647003
1781679194578.5652,9.610516548156738,-0.04903324693441391,0.4314925968647003
1781679194594.5564,9.610516548156738,-0.06864655017852783,0.45110589265823364
1781679194610.5444,9.590903282165527,-0.029419949278235435,0.4314925968647003
1781679194626.5337,9.610516548156738,-0.04903324693441391,0.4314925968647003
1781679194642.5227,9.610516548156738,-0.04903324693441391,0.411879301071167
1781679194658.513,9.610516548156738,-0.06864655017852783,0.4314925968647003
1781679194674.5032,9.610516548156738,-0.04903324693441391,0.4314925968647003
1781679194690.4932,9.610516548156738,-0.06864655017852783,0.411879301071167
1781679194706.4844,9.610516548156738,-0.04903324693441391,0.411879301071167
1781679194722.4746,9.610516548156738,-0.029419949278235435,0.4314925968647003
1781679194738.4648,9.610516548156738,-0.029419949278235435,0.4314925968647003
1781679194754.4548,9.610516548156738,-0.04903324693441391,0.4314925968647003
1781679194770.447,9.610516548156738,-0.04903324693441391,0.411879301071167
1781679194786.4382,9.610516548156738,-0.04903324693441391,0.411879301071167
1781679194802.4294,9.610516548156738,-0.04903324693441391,0.411879301071167
1781679194818.4197,9.63012981414795,-0.04903324693441391,0.4314925968647003
1781679194834.4087,9.610516548156738,-0.04903324693441391,0.4314925968647003
1781679194850.3972,9.590903282165527,-0.04903324693441391,0.411879301071167
1781679194866.386,9.610516548156738,-0.04903324693441391,0.4314925968647003
1781679194882.3757,9.610516548156738,-0.029419949278235435,0.4314925968647003
1781679194898.3633,9.610516548156738,-0.04903324693441391,0.411879301071167
1781679194914.352,9.610516548156738,-0.04903324693441391,0.411879301071167
1781679194930.3396,9.610516548156738,-0.04903324693441391,0.4314925968647003
1781679194946.3284,9.590903282165527,-0.029419949278235435,0.4314925968647003
1781679194962.3179,9.610516548156738,-0.04903324693441391,0.4314925968647003
1781679194978.3066,9.610516548156738,-0.029419949278235435,0.411879301071167
1781679194994.2932,9.590903282165527,-0.029419949278235435,0.40207263827323914
1781679195010.282,9.610516548156738,-0.04903324693441391,0.411879301071167
1781679195026.2695,9.610516548156738,-0.04903324693441391,0.4314925968647003
1781679195042.2573,9.610516548156738,-0.04903324693441391,0.4314925968647003
1781679195058.2449,9.610516548156738,-0.029419949278235435,0.4314925968647003
1781679195074.2327,9.610516548156738,-0.029419949278235435,0.411879301071167
1781679195090.2202,9.610516548156738,-0.04903324693441391,0.4314925968647003
1781679195106.207,9.63012981414795,-0.04903324693441391,0.4314925968647003
1781679195122.1936,9.63012981414795,-0.029419949278235435,0.411879301071167
1781679195138.1794,9.610516548156738,-0.029419949278235435,0.4314925968647003
1781679195154.166,9.610516548156738,-0.04903324693441391,0.4314925968647003
1781679195170.1548,9.63012981414795,-0.04903324693441391,0.4314925968647003
1781679195186.1423,9.590903282165527,-0.029419949278235435,0.4314925968647003
1781679195202.129,9.63012981414795,-0.04903324693441391,0.411879301071167
1781679195218.1157,9.590903282165527,-0.04903324693441391,0.4314925968647003
1781679195234.1023,9.610516548156738,-0.029419949278235435,0.4314925968647003
1781679195250.091,9.610516548156738,-0.029419949278235435,0.4314925968647003
1781679195266.0786,9.610516548156738,-0.04903324693441391,0.4314925968647003
1781679195282.0654,9.610516548156738,-0.029419949278235435,0.4314925968647003
1781679195298.052,9.610516548156738,-0.04903324693441391,0.411879301071167
1781679195314.0398,9.610516548156738,-0.029419949278235435,0.411879301071167
1781679195330.0264,9.610516548156738,-0.04903324693441391,0.4314925968647003
1781679195346.016,9.610516548156738,-0.029419949278235435,0.4314925968647003
1781679195362.0059,9.610516548156738,-0.029419949278235435,0.411879301071167
1781679195377.9944,9.610516548156738,-0.04903324693441391,0.411879301071167
1781679195393.9841,9.590903282165527,-0.04903324693441391,0.4314925968647003
1781679195409.972,9.610516548156738,-0.04903324693441391,0.4314925968647003
1781679195425.9595,9.610516548156738,-0.04903324693441391,0.4314925968647003
1781679195441.9482,9.63012981414795,-0.029419949278235435,0.4314925968647003
1781679195457.939,9.610516548156738,-0.04903324693441391,0.4314925968647003
1781679195473.9275,9.590903282165527,-0.04903324693441391,0.4314925968647003
1781679195489.9163,9.610516548156738,-0.029419949278235435,0.4314925968647003
1781679195505.905,9.610516548156738,-0.04903324693441391,0.4314925968647003
1781679195521.8945,9.610516548156738,-0.06864655017852783,0.4314925968647003
1781679195537.8833,9.610516548156738,-0.04903324693441391,0.4314925968647003
1781679195553.873,9.610516548156738,-0.04903324693441391,0.411879301071167
1781679195569.8616,9.610516548156738,-0.04903324693441391,0.4314925968647003
1781679195585.8484,9.610516548156738,-0.029419949278235435,0.4314925968647003
1781679195601.8372,9.610516548156738,-0.029419949278235435,0.411879301071167
1781679195617.8257,9.63012981414795,-0.04903324693441391,0.411879301071167
1781679195633.8135,9.590903282165527,-0.029419949278235435,0.4314925968647003
1781679195649.8032,9.610516548156738,-0.029419949278235435,0.4314925968647003
1781679195665.7917,9.610516548156738,-0.04903324693441391,0.411879301071167
1781679195681.7805,9.610516548156738,-0.04903324693441391,0.411879301071167
1781679195697.7712,9.63012981414795,-0.029419949278235435,0.4314925968647003
1781679195713.761,9.610516548156738,-0.04903324693441391,0.4314925968647003
1781679195729.7505,9.610516548156738,-0.04903324693441391,0.4314925968647003
1781679195745.7393,9.610516548156738,-0.04903324693441391,0.411879301071167
1781679195761.728,9.610516548156738,-0.04903324693441391,0.411879301071167
1781679195777.7178,9.610516548156738,-0.04903324693441391,0.4314925968647003
1781679195793.7063,9.610516548156738,-0.04903324693441391,0.4314925968647003
1781679195809.694,9.610516548156738,-0.029419949278235435,0.411879301071167
1781679195825.681,9.610516548156738,-0.04903324693441391,0.4314925968647003
1781679195841.6682,9.610516548156738,-0.029419949278235435,0.411879301071167
1781679195857.6565,9.610516548156738,-0.029419949278235435,0.4314925968647003
1781679195873.6445,9.610516548156738,-0.04903324693441391,0.411879301071167
1781679195889.6328,9.610516548156738,-0.04903324693441391,0.4314925968647003
1781679195905.6218,9.610516548156738,-0.04903324693441391,0.4314925968647003
1781679195921.612,9.610516548156738,-0.029419949278235435,0.4314925968647003
1781679195937.6013,9.610516548156738,-0.029419949278235435,0.411879301071167
1781679195953.5903,9.610516548156738,-0.04903324693441391,0.411879301071167
1781679195969.5786,9.610516548156738,-0.029419949278235435,0.411879301071167
1781679195985.5657,9.63012981414795,-0.06864655017852783,0.4314925968647003
1781679196001.5518,9.590903282165527,-0.04903324693441391,0.4314925968647003
1781679196017.5398,9.610516548156738,-0.04903324693441391,0.411879301071167
1781679196033.53,9.63012981414795,-0.04903324693441391,0.411879301071167
1781679196049.518,9.610516548156738,-0.04903324693441391,0.40207263827323914
1781679196065.5054,9.610516548156738,-0.029419949278235435,0.411879301071167
1781679196081.4924,9.610516548156738,-0.04903324693441391,0.4314925968647003
1781679196097.4805,9.610516548156738,-0.04903324693441391,0.4314925968647003
1781679205602.6914,-0.06864655017852783,9.787036895751953,0.26477953791618347
1781679205618.6594,-0.04903324693441391,9.787036895751953,0.26477953791618347
1781679205634.6277,-0.06864655017852783,9.787036895751953,0.26477953791618347
1781679205650.5967,-0.06864655017852783,9.787036895751953,0.26477953791618347
1781679205666.5645,-0.06864655017852783,9.787036895751953,0.22555294632911682
1781679205682.5334,-0.06864655017852783,9.787036895751953,0.24516624212265015
1781679205698.5022,-0.04903324693441391,9.787036895751953,0.2843928337097168
1781679205714.469,-0.04903324693441391,9.787036895751953,0.24516624212265015
1781679205730.4365,-0.06864655017852783,9.787036895751953,0.26477953791618347
1781679205746.4043,-0.06864655017852783,9.787036895751953,0.26477953791618347
1781679205762.3728,-0.04903324693441391,9.806650161743164,0.26477953791618347
1781679205778.3413,-0.06864655017852783,9.787036895751953,0.26477953791618347
1781679205794.3076,-0.04903324693441391,9.806650161743164,0.26477953791618347
1781679205810.274,-0.04903324693441391,9.787036895751953,0.26477953791618347
1781679205826.2432,-0.06864655017852783,9.787036895751953,0.26477953791618347
1781679205842.2104,-0.04903324693441391,9.806650161743164,0.26477953791618347
1781679205858.1785,-0.06864655017852783,9.787036895751953,0.2843928337097168
1781679205874.1465,-0.06864655017852783,9.787036895751953,0.24516624212265015
1781679205890.1145,-0.06864655017852783,9.806650161743164,0.26477953791618347
1781679205906.0833,-0.06864655017852783,9.787036895751953,0.26477953791618347
1781679205922.05,-0.06864655017852783,9.787036895751953,0.26477953791618347
1781679205938.0188,-0.04903324693441391,9.787036895751953,0.26477953791618347
1781679205953.9846,-0.06864655017852783,9.787036895751953,0.2843928337097168
1781679205969.9583,-0.06864655017852783,9.787036895751953,0.26477953791618347
1781679205985.9292,-0.04903324693441391,9.806650161743164,0.26477953791618347
1781679206001.9004,-0.04903324693441391,9.787036895751953,0.2843928337097168
1781679206017.8704,-0.04903324693441391,9.806650161743164,0.26477953791618347
1781679206033.842,-0.06864655017852783,9.787036895751953,0.2843928337097168
1781679206049.813,-0.06864655017852783,9.806650161743164,0.24516624212265015
1781679206065.7837,-0.06864655017852783,9.787036895751953,0.2843928337097168
1781679206081.7534,-0.06864655017852783,9.806650161743164,0.26477953791618347
1781679206097.724,-0.06864655017852783,9.787036895751953,0.26477953791618347
1781679206113.6946,-0.04903324693441391,9.787036895751953,0.26477953791618347
1781679206129.666,-0.06864655017852783,9.787036895751953,0.2843928337097168
1781679206145.6365,-0.04903324693441391,9.806650161743164,0.26477953791618347
1781679206161.6057,-0.04903324693441391,9.787036895751953,0.26477953791618347
1781679206177.575,-0.04903324693441391,9.787036895751953,0.26477953791618347
1781679206193.5452,-0.04903324693441391,9.787036895751953,0.26477953791618347
1781679206209.5154,-0.06864655017852783,9.787036895751953,0.24516624212265015
1781679206225.4844,-0.04903324693441391,9.787036895751953,0.26477953791618347
1781679206241.4543,-0.04903324693441391,9.787036895751953,0.24516624212265015
1781679206257.4253,-0.04903324693441391,9.806650161743164,0.26477953791618347
1781679206273.394,-0.04903324693441391,9.787036895751953,0.26477953791618347
1781679206289.3628,-0.04903324693441391,9.806650161743164,0.2843928337097168
1781679206305.3315,-0.06864655017852783,9.787036895751953,0.24516624212265015
1781679206321.3013,-0.06864655017852783,9.787036895751953,0.26477953791618347
1781679206337.2708,-0.04903324693441391,9.806650161743164,0.26477953791618347
1781679206353.2412,-0.06864655017852783,9.787036895751953,0.26477953791618347
1781679206369.2097,-0.04903324693441391,9.787036895751953,0.24516624212265015
1781679206385.179,-0.04903324693441391,9.806650161743164,0.24516624212265015
1781679206401.1484,-0.04903324693441391,9.787036895751953,0.2843928337097168
1781679206417.1167,-0.06864655017852783,9.787036895751953,0.2843928337097168
1781679206433.0847,-0.04903324693441391,9.806650161743164,0.26477953791618347
1781679206449.0537,-0.06864655017852783,9.767423629760742,0.26477953791618347
1781679206465.0217,-0.04903324693441391,9.787036895751953,0.26477953791618347
1781679206480.9897,-0.04903324693441391,9.787036895751953,0.26477953791618347
1781679206496.9585,-0.06864655017852783,9.806650161743164,0.26477953791618347
1781679206512.9275,-0.04903324693441391,9.787036895751953,0.2843928337097168
1781679206528.8962,-0.04903324693441391,9.787036895751953,0.26477953791618347
1781679206544.8657,-0.06864655017852783,9.767423629760742,0.26477953791618347
1781679206560.8345,-0.04903324693441391,9.787036895751953,0.2843928337097168
1781679206576.802,-0.04903324693441391,9.806650161743164,0.24516624212265015
1781679206592.7712,-0.06864655017852783,9.806650161743164,0.2843928337097168
1781679206608.7407,-0.04903324693441391,9.806650161743164,0.26477953791618347
1781679206624.71,-0.04903324693441391,9.787036895751953,0.26477953791618347
1781679206640.6782,-0.04903324693441391,9.806650161743164,0.26477953791618347
1781679206656.6465,-0.06864655017852783,9.787036895751953,0.24516624212265015
1781679206672.6135,-0.04903324693441391,9.787036895751953,0.26477953791618347
1781679206688.5815,-0.04903324693441391,9.787036895751953,0.26477953791618347
1781679206704.5505,-0.04903324693441391,9.787036895751953,0.2843928337097168
1781679206720.5195,-0.06864655017852783,9.787036895751953,0.2843928337097168
1781679206736.4893,-0.06864655017852783,9.787036895751953,0.24516624212265015
1781679206752.458,-0.06864655017852783,9.806650161743164,0.26477953791618347
1781679206768.4277,-0.06864655017852783,9.787036895751953,0.26477953791618347
1781679206784.3972,-0.04903324693441391,9.787036895751953,0.26477953791618347
1781679206800.3657,-0.04903324693441391,9.806650161743164,0.24516624212265015
1781679206816.3333,-0.06864655017852783,9.787036895751953,0.2843928337097168
1781679206832.3018,-0.06864655017852783,9.787036895751953,0.26477953791618347
1781679206848.269,-0.06864655017852783,9.787036895751953,0.26477953791618347
1781679206864.2373,-0.06864655017852783,9.787036895751953,0.26477953791618347
1781679206880.2065,-0.04903324693441391,9.787036895751953,0.26477953791618347
1781679206896.1746,-0.04903324693441391,9.806650161743164,0.26477953791618347
1781679206912.1406,-0.04903324693441391,9.787036895751953,0.24516624212265015
1781679206928.1067,-0.04903324693441391,9.787036895751953,0.26477953791618347
1781679206944.0735,-0.04903324693441391,9.787036895751953,0.26477953791618347
1781679206960.046,-0.06864655017852783,9.806650161743164,0.24516624212265015
1781679206976.0168,-0.06864655017852783,9.767423629760742,0.24516624212265015
1781679206991.9878,-0.04903324693441391,9.787036895751953,0.26477953791618347
1781679207007.9578,-0.04903324693441391,9.787036895751953,0.24516624212265015
1781679207023.9277,-0.06864655017852783,9.787036895751953,0.26477953791618347
1781679207039.8975,-0.04903324693441391,9.787036895751953,0.24516624212265015
1781679207055.8691,-0.06864655017852783,9.787036895751953,0.24516624212265015
1781679207071.8418,-0.06864655017852783,9.806650161743164,0.26477953791618347
1781679207087.8135,-0.06864655017852783,9.806650161743164,0.26477953791618347
1781679207103.783,-0.06864655017852783,9.787036895751953,0.24516624212265015
1781679207119.7546,-0.04903324693441391,9.787036895751953,0.24516624212265015
1781679207135.7249,-0.04903324693441391,9.787036895751953,0.26477953791618347
1781679207151.6963,-0.04903324693441391,9.787036895751953,0.24516624212265015
1781679207167.6677,-0.06864655017852783,9.806650161743164,0.26477953791618347
1781679207183.639,-0.06864655017852783,9.787036895751953,0.2843928337097168
1781679207199.6091,-0.04903324693441391,9.806650161743164,0.24516624212265015
1781679207215.58,-0.06864655017852783,9.767423629760742,0.26477953791618347
1781679207231.55,-0.06864655017852783,9.806650161743164,0.2843928337097168
1781679207247.52,-0.04903324693441391,9.787036895751953,0.26477953791618347
1781679207263.491,-0.06864655017852783,9.787036895751953,0.26477953791618347
1781679207279.462,-0.04903324693441391,9.787036895751953,0.24516624212265015
1781679207295.4336,-0.06864655017852783,9.806650161743164,0.26477953791618347
1781679207311.4055,-0.06864655017852783,9.787036895751953,0.26477953791618347
1781679207327.377,-0.06864655017852783,9.787036895751953,0.26477953791618347
1781679207343.3477,-0.04903324693441391,9.787036895751953,0.24516624212265015
1781679207359.32,-0.06864655017852783,9.787036895751953,0.26477953791618347
1781679207375.2917,-0.04903324693441391,9.787036895751953,0.26477953791618347
1781679207391.264,-0.04903324693441391,9.767423629760742,0.26477953791618347
1781679207407.2344,-0.04903324693441391,9.806650161743164,0.24516624212265015
1781679207423.2017,-0.04903324693441391,9.787036895751953,0.24516624212265015
1781679207439.17,-0.04903324693441391,9.787036895751953,0.26477953791618347
1781679207455.137,-0.04903324693441391,9.787036895751953,0.26477953791618347
1781679207471.1062,-0.04903324693441391,9.787036895751953,0.26477953791618347
1781679207487.0752,-0.06864655017852783,9.787036895751953,0.26477953791618347
1781679207503.0452,-0.06864655017852783,9.806650161743164,0.26477953791618347
1781679207519.0159,-0.06864655017852783,9.787036895751953,0.24516624212265015
1781679207534.9868,-0.04903324693441391,9.767423629760742,0.2843928337097168
1781679207550.9565,-0.04903324693441391,9.787036895751953,0.26477953791618347
1781679207566.9272,-0.04903324693441391,9.787036895751953,0.26477953791618347
1781679207582.897,-0.04903324693441391,9.787036895751953,0.24516624212265015
1781679207598.8665,-0.04903324693441391,9.787036895751953,0.24516624212265015
1781679207614.836,-0.04903324693441391,9.787036895751953,0.26477953791618347
1781679207630.8064,-0.06864655017852783,9.787036895751953,0.26477953791618347
1781679207646.775,-0.04903324693441391,9.787036895751953,0.26477953791618347
1781679207662.7432,-0.06864655017852783,9.787036895751953,0.26477953791618347
1781679207678.7114,-0.04903324693441391,9.787036895751953,0.26477953791618347
1781679207694.6785,-0.04903324693441391,9.787036895751953,0.26477953791618347
1781679207710.6458,-0.04903324693441391,9.787036895751953,0.2843928337097168
1781679207726.6138,-0.04903324693441391,9.767423629760742,0.24516624212265015
1781679207742.5837,-0.04903324693441391,9.81645679473877,0.24516624212265015
1781679207758.5518,-0.06864655017852783,9.787036895751953,0.24516624212265015
1781679207774.5215,-0.06864655017852783,9.806650161743164,0.26477953791618347
1781679207790.4902,-0.04903324693441391,9.787036895751953,0.26477953791618347
1781679207806.459,-0.04903324693441391,9.787036895751953,0.24516624212265015
1781679207822.4287,-0.04903324693441391,9.806650161743164,0.26477953791618347
1781679207838.3975,-0.06864655017852783,9.787036895751953,0.2843928337097168
1781679207854.365,-0.04903324693441391,9.787036895751953,0.26477953791618347
1781679207870.3345,-0.06864655017852783,9.787036895751953,0.2843928337097168
1781679207886.3027,-0.06864655017852783,9.787036895751953,0.26477953791618347
1781679207902.2712,-0.06864655017852783,9.806650161743164,0.26477953791618347
1781679207918.2405,-0.06864655017852783,9.787036895751953,0.2843928337097168
1781679207934.2078,-0.04903324693441391,9.787036895751953,0.24516624212265015
1781679207950.177,-0.06864655017852783,9.787036895751953,0.24516624212265015
1781679207966.1467,-0.04903324693441391,9.787036895751953,0.26477953791618347
1781679207982.1182,-0.06864655017852783,9.787036895751953,0.2843928337097168
1781679207998.0896,-0.04903324693441391,9.787036895751953,0.24516624212265015
1781679208014.06,-0.04903324693441391,9.806650161743164,0.26477953791618347
1781679208030.0305,-0.06864655017852783,9.787036895751953,0.26477953791618347
1781679208046.0027,-0.04903324693441391,9.787036895751953,0.26477953791618347
1781679208061.9739,-0.06864655017852783,9.787036895751953,0.26477953791618347
1781679208077.9448,-0.04903324693441391,9.787036895751953,0.2843928337097168
1781679208093.915,-0.06864655017852783,9.787036895751953,0.24516624212265015
1781679208109.886,-0.06864655017852783,9.787036895751953,0.26477953791618347
1781679208125.8557,-0.04903324693441391,9.787036895751953,0.26477953791618347
1781679208141.8247,-0.06864655017852783,9.806650161743164,0.26477953791618347
1781679208157.7944,-0.06864655017852783,9.806650161743164,0.26477953791618347
1781679208173.7642,-0.04903324693441391,9.787036895751953,0.24516624212265015
1781679208189.7336,-0.04903324693441391,9.806650161743164,0.26477953791618347
1781679208205.7043,-0.06864655017852783,9.787036895751953,0.26477953791618347
1781679208221.6748,-0.06864655017852783,9.787036895751953,0.26477953791618347
1781679208237.6443,-0.06864655017852783,9.806650161743164,0.24516624212265015
1781679208253.6145,-0.04903324693441391,9.787036895751953,0.26477953791618347
1781679208269.585,-0.04903324693441391,9.787036895751953,0.24516624212265015
1781679208285.554,-0.04903324693441391,9.787036895751953,0.26477953791618347
1781679208301.5222,-0.04903324693441391,9.787036895751953,0.2843928337097168
1781679208317.4922,-0.04903324693441391,9.787036895751953,0.26477953791618347
1781679208333.4624,-0.06864655017852783,9.787036895751953,0.24516624212265015
1781679208349.4343,-0.04903324693441391,9.787036895751953,0.26477953791618347
1781679208365.405,-0.04903324693441391,9.806650161743164,0.26477953791618347
1781679208381.376,-0.04903324693441391,9.787036895751953,0.24516624212265015
1781679208397.3477,-0.04903324693441391,9.787036895751953,0.26477953791618347
1781679208413.3184,-0.06864655017852783,9.806650161743164,0.26477953791618347
1781679208429.2888,-0.04903324693441391,9.787036895751953,0.26477953791618347
1781679208445.2605,-0.04903324693441391,9.787036895751953,0.26477953791618347
1781679208461.231,-0.06864655017852783,9.787036895751953,0.2843928337097168
1781679208477.2024,-0.06864655017852783,9.787036895751953,0.26477953791618347
1781679208493.1736,-0.06864655017852783,9.787036895751953,0.2843928337097168
1781679208509.145,-0.04903324693441391,9.787036895751953,0.26477953791618347
1781679208525.115,-0.04903324693441391,9.787036895751953,0.26477953791618347
1781679208541.0833,-0.06864655017852783,9.787036895751953,0.26477953791618347
1781679208557.0542,-0.04903324693441391,9.787036895751953,0.24516624212265015
1781679208573.0232,-0.06864655017852783,9.787036895751953,0.24516624212265015
1781679208588.9912,-0.04903324693441391,9.787036895751953,0.24516624212265015
1781679208604.96,-0.04903324693441391,9.787036895751953,0.26477953791618347
1781679208620.93,-0.06864655017852783,9.787036895751953,0.26477953791618347
1781679208636.8997,-0.06864655017852783,9.787036895751953,0.26477953791618347
1781679208652.87,-0.04903324693441391,9.787036895751953,0.24516624212265015
1781679208668.8408,-0.04903324693441391,9.787036895751953,0.26477953791618347
1781679208684.8103,-0.04903324693441391,9.806650161743164,0.26477953791618347
1781679208700.7798,-0.04903324693441391,9.787036895751953,0.26477953791618347
1781679208716.749,-0.04903324693441391,9.787036895751953,0.2843928337097168
1781679208732.7175,-0.08825984597206116,9.806650161743164,0.26477953791618347
1781679208748.6855,-0.04903324693441391,9.787036895751953,0.26477953791618347
1781679208764.6548,-0.04903324693441391,9.806650161743164,0.24516624212265015
1781679208780.6218,-0.04903324693441391,9.787036895751953,0.24516624212265015
1781679208796.5889,-0.06864655017852783,9.787036895751953,0.26477953791618347
1781679208812.556,-0.04903324693441391,9.787036895751953,0.26477953791618347
1781679208828.523,-0.04903324693441391,9.806650161743164,0.24516624212265015
1781679208844.4888,-0.04903324693441391,9.787036895751953,0.24516624212265015
1781679208860.4553,-0.06864655017852783,9.787036895751953,0.26477953791618347
1781679208876.422,-0.04903324693441391,9.787036895751953,0.26477953791618347
1781679208892.3896,-0.06864655017852783,9.806650161743164,0.26477953791618347
1781679208908.3584,-0.04903324693441391,9.787036895751953,0.26477953791618347
1781679208924.327,-0.04903324693441391,9.787036895751953,0.2843928337097168
1781679208940.2952,-0.06864655017852783,9.787036895751953,0.26477953791618347
1781679208956.2605,-0.06864655017852783,9.787036895751953,0.24516624212265015
1781679208972.2334,-0.04903324693441391,9.787036895751953,0.26477953791618347
1781679208988.204,-0.06864655017852783,9.787036895751953,0.26477953791618347
1781679209004.1738,-0.04903324693441391,9.787036895751953,0.26477953791618347
1781679209020.1458,-0.06864655017852783,9.806650161743164,0.2843928337097168
1781679209036.1162,-0.06864655017852783,9.787036895751953,0.26477953791618347
1781679209052.087,-0.04903324693441391,9.787036895751953,0.26477953791618347
1781679209068.0564,-0.04903324693441391,9.787036895751953,0.26477953791618347
1781679209084.0269,-0.06864655017852783,9.787036895751953,0.24516624212265015
1781679209099.996,-0.04903324693441391,9.787036895751953,0.24516624212265015
1781679209115.9656,-0.04903324693441391,9.787036895751953,0.2843928337097168
1781679209131.9358,-0.06864655017852783,9.806650161743164,0.2843928337097168
1781679209147.906,-0.06864655017852783,9.787036895751953,0.26477953791618347
1781679209163.875,-0.06864655017852783,9.787036895751953,0.24516624212265015
1781679209179.8452,-0.06864655017852783,9.787036895751953,0.2843928337097168
1781679209195.813,-0.06864655017852783,9.806650161743164,0.24516624212265015
1781679209211.782,-0.04903324693441391,9.787036895751953,0.26477953791618347
1781679209227.753,-0.06864655017852783,9.806650161743164,0.26477953791618347
1781679209243.7227,-0.04903324693441391,9.806650161743164,0.26477953791618347
1781679209259.6934,-0.04903324693441391,9.767423629760742,0.26477953791618347
1781679209275.664,-0.04903324693441391,9.806650161743164,0.24516624212265015
1781679209291.6345,-0.04903324693441391,9.787036895751953,0.24516624212265015
1781679209307.6052,-0.04903324693441391,9.787036895751953,0.26477953791618347
1781679209323.5745,-0.04903324693441391,9.81645679473877,0.26477953791618347
1781679209339.544,-0.04903324693441391,9.787036895751953,0.26477953791618347
1781679209355.5122,-0.06864655017852783,9.806650161743164,0.26477953791618347
1781679209371.4827,-0.04903324693441391,9.806650161743164,0.26477953791618347
1781679209387.4526,-0.06864655017852783,9.806650161743164,0.26477953791618347
1781679209403.421,-0.06864655017852783,9.787036895751953,0.26477953791618347
1781679209419.388,-0.04903324693441391,9.787036895751953,0.26477953791618347
1781679209435.356,-0.06864655017852783,9.787036895751953,0.24516624212265015
1781679209451.324,-0.06864655017852783,9.787036895751953,0.26477953791618347
1781679209467.2908,-0.04903324693441391,9.787036895751953,0.26477953791618347
1781679209483.2576,-0.06864655017852783,9.787036895751953,0.26477953791618347
1781679209499.2263,-0.04903324693441391,9.806650161743164,0.26477953791618347
1781679209515.1938,-0.06864655017852783,9.787036895751953,0.26477953791618347
1781679209531.1616,-0.06864655017852783,9.787036895751953,0.26477953791618347
1781679209547.1292,-0.04903324693441391,9.806650161743164,0.24516624212265015
1781679209563.0964,-0.04903324693441391,9.787036895751953,0.26477953791618347
1781679209579.065,-0.06864655017852783,9.787036895751953,0.26477953791618347
1781679209595.0312,-0.04903324693441391,9.806650161743164,0.26477953791618347
1781679209610.9995,-0.06864655017852783,9.787036895751953,0.24516624212265015
1781679209626.9678,-0.06864655017852783,9.787036895751953,0.24516624212265015
1781679209642.937,-0.06864655017852783,9.787036895751953,0.26477953791618347
1781679209658.908,-0.06864655017852783,9.787036895751953,0.26477953791618347
1781679209674.877,-0.04903324693441391,9.787036895751953,0.26477953791618347
1781679209690.848,-0.04903324693441391,9.787036895751953,0.24516624212265015
1781679209706.8179,-0.04903324693441391,9.787036895751953,0.24516624212265015
1781679209722.7866,-0.04903324693441391,9.787036895751953,0.26477953791618347
1781679209738.7554,-0.04903324693441391,9.787036895751953,0.24516624212265015
1781679209754.724,-0.06864655017852783,9.787036895751953,0.24516624212265015
1781679209770.6936,-0.04903324693441391,9.787036895751953,0.26477953791618347
1781679209786.662,-0.06864655017852783,9.787036895751953,0.2843928337097168
1781679209802.6296,-0.06864655017852783,9.806650161743164,0.26477953791618347
1781679209818.5981,-0.04903324693441391,9.787036895751953,0.24516624212265015
1781679209834.5674,-0.04903324693441391,9.806650161743164,0.26477953791618347
1781679209850.5356,-0.04903324693441391,9.787036895751953,0.26477953791618347
1781679209866.503,-0.04903324693441391,9.787036895751953,0.26477953791618347
1781679209882.4702,-0.04903324693441391,9.787036895751953,0.26477953791618347
1781679209898.4373,-0.04903324693441391,9.787036895751953,0.26477953791618347
1781679209914.4053,-0.06864655017852783,9.787036895751953,0.2843928337097168
1781679209930.372,-0.04903324693441391,9.787036895751953,0.24516624212265015
1781679209946.339,-0.06864655017852783,9.787036895751953,0.26477953791618347
1781679209962.3132,-0.04903324693441391,9.787036895751953,0.26477953791618347
1781679209978.2866,-0.04903324693441391,9.787036895751953,0.24516624212265015
1781679209994.259,-0.04903324693441391,9.787036895751953,0.26477953791618347
1781679210010.2312,-0.04903324693441391,9.787036895751953,0.24516624212265015
1781679210026.2036,-0.06864655017852783,9.787036895751953,0.26477953791618347
1781679210042.1758,-0.04903324693441391,9.806650161743164,0.26477953791618347
1781679210058.1467,-0.06864655017852783,9.787036895751953,0.26477953791618347
1781679210074.119,-0.06864655017852783,9.787036895751953,0.26477953791618347
1781679210090.0908,-0.04903324693441391,9.787036895751953,0.26477953791618347
1781679210106.0627,-0.04903324693441391,9.787036895751953,0.26477953791618347
1781679210122.0356,-0.04903324693441391,9.806650161743164,0.26477953791618347
1781679210138.0083,-0.06864655017852783,9.806650161743164,0.26477953791618347
1781679210153.9812,-0.04903324693441391,9.787036895751953,0.24516624212265015
1781679210169.9548,-0.06864655017852783,9.806650161743164,0.26477953791618347
1781679210185.9272,-0.06864655017852783,9.806650161743164,0.26477953791618347
1781679210201.898,-0.04903324693441391,9.787036895751953,0.26477953791618347
1781679210217.8694,-0.04903324693441391,9.787036895751953,0.26477953791618347
1781679210233.8418,-0.04903324693441391,9.787036895751953,0.24516624212265015
1781679210249.8132,-0.04903324693441391,9.787036895751953,0.26477953791618347
1781679210265.7834,-0.06864655017852783,9.806650161743164,0.26477953791618347
1781679210281.7537,-0.04903324693441391,9.787036895751953,0.2843928337097168
1781679210297.7249,-0.04903324693441391,9.787036895751953,0.26477953791618347
1781679210313.6968,-0.04903324693441391,9.787036895751953,0.24516624212265015
1781679210329.669,-0.04903324693441391,9.787036895751953,0.26477953791618347
1781679210345.639,-0.06864655017852783,9.767423629760742,0.24516624212265015
1781679210361.6099,-0.04903324693441391,9.787036895751953,0.26477953791618347
1781679210377.5815,-0.06864655017852783,9.787036895751953,0.26477953791618347
1781679210393.5544,-0.06864655017852783,9.787036895751953,0.26477953791618347
1781679210409.5251,-0.04903324693441391,9.806650161743164,0.2843928337097168
1781679210425.4958,-0.06864655017852783,9.787036895751953,0.26477953791618347
1781679210441.4663,-0.06864655017852783,9.806650161743164,0.24516624212265015
1781679210457.4368,-0.04903324693441391,9.787036895751953,0.24516624212265015
1781679210473.4062,-0.06864655017852783,9.787036895751953,0.26477953791618347
1781679210489.3777,-0.04903324693441391,9.787036895751953,0.2843928337097168
1781679210505.349,-0.04903324693441391,9.787036895751953,0.26477953791618347
1781679210521.3193,-0.06864655017852783,9.806650161743164,0.26477953791618347
1781679210537.2896,-0.04903324693441391,9.806650161743164,0.26477953791618347
1781679210553.2607,-0.04903324693441391,9.787036895751953,0.26477953791618347
1781679210569.2317,-0.04903324693441391,9.787036895751953,0.26477953791618347
1781679210585.2039,-0.06864655017852783,9.787036895751953,0.26477953791618347
1781679210601.1758,-0.06864655017852783,9.787036895751953,0.24516624212265015
1781679210617.1465,-0.06864655017852783,9.787036895751953,0.26477953791618347
1781679210633.1165,-0.04903324693441391,9.806650161743164,0.26477953791618347
1781679210649.0862,-0.04903324693441391,9.806650161743164,0.26477953791618347
1781679210665.057,-0.06864655017852783,9.806650161743164,0.26477953791618347
1781679210681.0286,-0.06864655017852783,9.787036895751953,0.24516624212265015
1781679210696.999,-0.06864655017852783,9.787036895751953,0.2843928337097168
1781679210712.9695,-0.04903324693441391,9.806650161743164,0.26477953791618347
1781679210728.94,-0.06864655017852783,9.787036895751953,0.26477953791618347
1781679210744.9094,-0.04903324693441391,9.806650161743164,0.26477953791618347
1781679210760.8787,-0.06864655017852783,9.787036895751953,0.26477953791618347
1781679210776.8499,-0.06864655017852783,9.787036895751953,0.26477953791618347
1781679210792.819,-0.04903324693441391,9.787036895751953,0.2843928337097168
1781679210808.7874,-0.06864655017852783,9.806650161743164,0.26477953791618347
1781679210824.7563,-0.04903324693441391,9.787036895751953,0.2843928337097168
1781679210840.7244,-0.04903324693441391,9.787036895751953,0.26477953791618347
1781679210856.6924,-0.04903324693441391,9.787036895751953,0.24516624212265015
1781679210872.6592,-0.04903324693441391,9.806650161743164,0.24516624212265015
1781679210888.628,-0.06864655017852783,9.787036895751953,0.2843928337097168
1781679210904.5967,-0.04903324693441391,9.787036895751953,0.26477953791618347
1781679210920.5654,-0.04903324693441391,9.787036895751953,0.26477953791618347
1781679210936.534,-0.04903324693441391,9.787036895751953,0.26477953791618347
1781679210952.5046,-0.04903324693441391,9.806650161743164,0.26477953791618347
1781679210968.4749,-0.04903324693441391,9.767423629760742,0.26477953791618347
1781679210984.4487,-0.04903324693441391,9.787036895751953,0.24516624212265015
1781679211000.4204,-0.04903324693441391,9.806650161743164,0.24516624212265015
1781679211016.392,-0.04903324693441391,9.787036895751953,0.24516624212265015
1781679211032.3638,-0.06864655017852783,9.806650161743164,0.26477953791618347
1781679211048.3354,-0.04903324693441391,9.787036895751953,0.26477953791618347
1781679211064.306,-0.04903324693441391,9.787036895751953,0.26477953791618347
1781679211080.2773,-0.04903324693441391,9.787036895751953,0.2843928337097168
1781679211096.2466,-0.04903324693441391,9.787036895751953,0.24516624212265015
1781679211112.2168,-0.04903324693441391,9.787036895751953,0.26477953791618347
1781679211128.187,-0.04903324693441391,9.767423629760742,0.2843928337097168
1781679211144.1592,-0.04903324693441391,9.787036895751953,0.26477953791618347
1781679211160.1294,-0.04903324693441391,9.806650161743164,0.26477953791618347
1781679211176.1003,-0.04903324693441391,9.787036895751953,0.26477953791618347
1781679211192.0713,-0.029419949278235435,9.787036895751953,0.26477953791618347
1781679211208.0422,-0.04903324693441391,9.787036895751953,0.26477953791618347
1781679211224.013,-0.04903324693441391,9.787036895751953,0.26477953791618347
1781679211239.9836,-0.06864655017852783,9.787036895751953,0.26477953791618347
1781679211255.9553,-0.06864655017852783,9.806650161743164,0.24516624212265015
1781679211271.926,-0.04903324693441391,9.787036895751953,0.26477953791618347
1781679211287.8955,-0.06864655017852783,9.787036895751953,0.26477953791618347
1781679211303.865,-0.04903324693441391,9.787036895751953,0.26477953791618347
1781679211319.8354,-0.04903324693441391,9.806650161743164,0.26477953791618347
1781679211335.8047,-0.06864655017852783,9.787036895751953,0.26477953791618347
1781679211351.773,-0.04903324693441391,9.787036895751953,0.26477953791618347
1781679211367.7402,-0.06864655017852783,9.787036895751953,0.26477953791618347
1781679211383.7083,-0.04903324693441391,9.787036895751953,0.26477953791618347
1781679211399.6775,-0.06864655017852783,9.806650161743164,0.26477953791618347
1781679211415.6465,-0.06864655017852783,9.787036895751953,0.26477953791618347
1781679211431.6174,-0.04903324693441391,9.787036895751953,0.26477953791618347
1781679211447.5872,-0.04903324693441391,9.787036895751953,0.24516624212265015
1781679211463.557,-0.04903324693441391,9.806650161743164,0.26477953791618347
1781679211479.5256,-0.04903324693441391,9.787036895751953,0.24516624212265015
1781679211495.4954,-0.04903324693441391,9.806650161743164,0.26477953791618347
1781679211511.465,-0.06864655017852783,9.787036895751953,0.24516624212265015
1781679211527.4346,-0.06864655017852783,9.806650161743164,0.26477953791618347
1781679211543.404,-0.04903324693441391,9.767423629760742,0.26477953791618347
1781679211559.3723,-0.06864655017852783,9.787036895751953,0.26477953791618347
1781679211575.3406,-0.04903324693441391,9.806650161743164,0.2843928337097168
1781679211591.3079,-0.04903324693441391,9.787036895751953,0.24516624212265015
1781679211607.2751,-0.04903324693441391,9.787036895751953,0.24516624212265015
1781679211623.2432,-0.04903324693441391,9.787036895751953,0.26477953791618347
1781679211639.2124,-0.04903324693441391,9.787036895751953,0.26477953791618347
1781679211655.1804,-0.06864655017852783,9.787036895751953,0.26477953791618347
1781679211671.1492,-0.06864655017852783,9.806650161743164,0.2843928337097168
1781679211687.1182,-0.06864655017852783,9.787036895751953,0.26477953791618347
1781679211703.087,-0.06864655017852783,9.787036895751953,0.26477953791618347
1781679211719.0535,-0.04903324693441391,9.787036895751953,0.26477953791618347
1781679211735.0242,-0.04903324693441391,9.806650161743164,0.24516624212265015
1781679211750.9917,-0.06864655017852783,9.787036895751953,0.2843928337097168
1781679211766.9624,-0.04903324693441391,9.787036895751953,0.26477953791618347
1781679211782.932,-0.04903324693441391,9.806650161743164,0.26477953791618347
1781679211798.9011,-0.06864655017852783,9.787036895751953,0.26477953791618347
1781679211814.8704,-0.06864655017852783,9.787036895751953,0.26477953791618347
1781679211830.8396,-0.06864655017852783,9.787036895751953,0.26477953791618347
1781679211846.8088,-0.04903324693441391,9.787036895751953,0.2843928337097168
1781679211862.778,-0.06864655017852783,9.787036895751953,0.26477953791618347
1781679211878.745,-0.04903324693441391,9.787036895751953,0.26477953791618347
1781679211894.711,-0.04903324693441391,9.787036895751953,0.26477953791618347
1781679211910.678,-0.04903324693441391,9.806650161743164,0.24516624212265015
1781679211926.6458,-0.04903324693441391,9.806650161743164,0.26477953791618347
1781679211942.6155,-0.04903324693441391,9.787036895751953,0.26477953791618347
1781679211958.5833,-0.04903324693441391,9.806650161743164,0.26477953791618347
1781679211974.5574,-0.06864655017852783,9.806650161743164,0.26477953791618347
1781679211990.531,-0.04903324693441391,9.787036895751953,0.26477953791618347
1781679212006.5024,-0.04903324693441391,9.787036895751953,0.26477953791618347
1781679212022.4739,-0.04903324693441391,9.806650161743164,0.26477953791618347
1781679212038.4463,-0.06864655017852783,9.787036895751953,0.26477953791618347
1781679212054.4187,-0.04903324693441391,9.787036895751953,0.24516624212265015
1781679212070.391,-0.04903324693441391,9.787036895751953,0.2843928337097168
1781679212086.3633,-0.06864655017852783,9.806650161743164,0.26477953791618347
1781679212102.3354,-0.06864655017852783,9.787036895751953,0.26477953791618347
1781679212118.3054,-0.04903324693441391,9.787036895751953,0.26477953791618347
1781679212134.2773,-0.04903324693441391,9.767423629760742,0.26477953791618347
1781679212150.2495,-0.04903324693441391,9.787036895751953,0.26477953791618347
1781679212166.2192,-0.06864655017852783,9.787036895751953,0.26477953791618347
1781679212182.1902,-0.06864655017852783,9.806650161743164,0.26477953791618347
1781679212198.1619,-0.06864655017852783,9.787036895751953,0.26477953791618347
1781679212214.1335,-0.04903324693441391,9.806650161743164,0.26477953791618347
1781679212230.105,-0.04903324693441391,9.787036895751953,0.26477953791618347
1781679212246.0776,-0.04903324693441391,9.787036895751953,0.26477953791618347
1781679212262.048,-0.04903324693441391,9.806650161743164,0.26477953791618347
1781679212278.0173,-0.06864655017852783,9.787036895751953,0.26477953791618347
1781679212293.9868,-0.04903324693441391,9.806650161743164,0.26477953791618347
1781679212309.957,-0.06864655017852783,9.787036895751953,0.26477953791618347
1781679212325.9263,-0.04903324693441391,9.787036895751953,0.26477953791618347
1781679212341.8962,-0.04903324693441391,9.787036895751953,0.24516624212265015
1781679212357.8665,-0.06864655017852783,9.806650161743164,0.26477953791618347
1781679212373.8374,-0.06864655017852783,9.787036895751953,0.2843928337097168
1781679212389.8074,-0.06864655017852783,9.787036895751953,0.2843928337097168
1781679212405.777,-0.04903324693441391,9.806650161743164,0.26477953791618347
1781679212421.7468,-0.04903324693441391,9.787036895751953,0.24516624212265015
1781679212437.7166,-0.04903324693441391,9.787036895751953,0.26477953791618347
1781679212453.6853,-0.04903324693441391,9.787036895751953,0.26477953791618347
1781679212469.6558,-0.04903324693441391,9.806650161743164,0.26477953791618347
1781679212485.6265,-0.06864655017852783,9.806650161743164,0.24516624212265015
1781679212501.5947,-0.04903324693441391,9.787036895751953,0.26477953791618347
1781679212517.5623,-0.04903324693441391,9.787036895751953,0.26477953791618347
1781679212533.5295,-0.04903324693441391,9.806650161743164,0.26477953791618347
1781679212549.4988,-0.04903324693441391,9.787036895751953,0.26477953791618347
1781679212565.469,-0.06864655017852783,9.806650161743164,0.26477953791618347
1781679212581.439,-0.06864655017852783,9.787036895751953,0.26477953791618347
1781679212597.408,-0.04903324693441391,9.787036895751953,0.26477953791618347
1781679212613.376,-0.06864655017852783,9.787036895751953,0.26477953791618347
1781679212629.344,-0.06864655017852783,9.806650161743164,0.24516624212265015
1781679212645.3127,-0.06864655017852783,9.787036895751953,0.2843928337097168
1781679212661.2805,-0.06864655017852783,9.787036895751953,0.26477953791618347
1781679212677.2483,-0.04903324693441391,9.787036895751953,0.26477953791618347
1781679212693.2158,-0.04903324693441391,9.787036895751953,0.26477953791618347
1781679212709.1843,-0.06864655017852783,9.787036895751953,0.24516624212265015
1781679212725.1538,-0.04903324693441391,9.787036895751953,0.26477953791618347
1781679212741.1213,-0.04903324693441391,9.787036895751953,0.2843928337097168
1781679212757.0876,-0.06864655017852783,9.787036895751953,0.26477953791618347
1781679212773.057,-0.06864655017852783,9.806650161743164,0.24516624212265015
1781679212789.027,-0.029419949278235435,9.787036895751953,0.24516624212265015
1781679212804.9954,-0.04903324693441391,9.806650161743164,0.24516624212265015
1781679212820.9653,-0.04903324693441391,9.787036895751953,0.26477953791618347
1781679212836.9333,-0.04903324693441391,9.806650161743164,0.26477953791618347
1781679212852.9014,-0.04903324693441391,9.787036895751953,0.26477953791618347
1781679212868.87,-0.06864655017852783,9.806650161743164,0.26477953791618347
1781679212884.838,-0.06864655017852783,9.787036895751953,0.24516624212265015
1781679212900.8047,-0.04903324693441391,9.806650161743164,0.2843928337097168
1781679212916.7725,-0.04903324693441391,9.787036895751953,0.26477953791618347
1781679212932.741,-0.04903324693441391,9.806650161743164,0.26477953791618347
1781679212948.7075,-0.06864655017852783,9.787036895751953,0.26477953791618347
1781679212964.6802,-0.04903324693441391,9.787036895751953,0.2843928337097168
1781679212980.6516,-0.06864655017852783,9.787036895751953,0.26477953791618347
1781679212996.623,-0.04903324693441391,9.787036895751953,0.24516624212265015
1781679213012.5974,-0.06864655017852783,9.806650161743164,0.26477953791618347
1781679213028.5708,-0.04903324693441391,9.787036895751953,0.26477953791618347
1781679213044.545,-0.04903324693441391,9.787036895751953,0.2843928337097168
1781679213060.517,-0.04903324693441391,9.787036895751953,0.24516624212265015
1781679213076.4893,-0.04903324693441391,9.787036895751953,0.24516624212265015
1781679213092.4614,-0.06864655017852783,9.787036895751953,0.26477953791618347
1781679213108.4324,-0.06864655017852783,9.806650161743164,0.2843928337097168
1781679213124.4043,-0.06864655017852783,9.787036895751953,0.26477953791618347
1781679213140.3752,-0.04903324693441391,9.806650161743164,0.26477953791618347
1781679213156.345,-0.04903324693441391,9.787036895751953,0.26477953791618347
1781679213172.3167,-0.04903324693441391,9.806650161743164,0.26477953791618347
1781679213188.2883,-0.04903324693441391,9.806650161743164,0.24516624212265015
1781679213204.26,-0.04903324693441391,9.806650161743164,0.26477953791618347
1781679213220.2295,-0.06864655017852783,9.806650161743164,0.24516624212265015
1781679213236.201,-0.06864655017852783,9.767423629760742,0.2843928337097168
1781679213252.1724,-0.04903324693441391,9.806650161743164,0.26477953791618347
1781679213268.1428,-0.06864655017852783,9.787036895751953,0.26477953791618347
1781679213284.113,-0.06864655017852783,9.787036895751953,0.24516624212265015
1781679213300.0823,-0.04903324693441391,9.787036895751953,0.24516624212265015
1781679213316.0515,-0.06864655017852783,9.806650161743164,0.2843928337097168
1781679213332.0215,-0.06864655017852783,9.806650161743164,0.26477953791618347
1781679213347.9917,-0.04903324693441391,9.787036895751953,0.24516624212265015
1781679213363.9617,-0.06864655017852783,9.787036895751953,0.2843928337097168
1781679213379.9326,-0.06864655017852783,9.806650161743164,0.24516624212265015
1781679213395.9033,-0.04903324693441391,9.787036895751953,0.26477953791618347
1781679213411.873,-0.04903324693441391,9.787036895751953,0.26477953791618347
1781679213427.8438,-0.06864655017852783,9.806650161743164,0.26477953791618347
1781679213443.8115,-0.06864655017852783,9.787036895751953,0.24516624212265015
1781679213459.78,-0.06864655017852783,9.787036895751953,0.26477953791618347
1781679213475.7485,-0.04903324693441391,9.787036895751953,0.26477953791618347
1781679213491.718,-0.06864655017852783,9.787036895751953,0.26477953791618347
1781679213507.6895,-0.04903324693441391,9.787036895751953,0.24516624212265015
1781679213523.66,-0.06864655017852783,9.806650161743164,0.24516624212265015
1781679213539.6301,-0.04903324693441391,9.787036895751953,0.24516624212265015
1781679213555.5994,-0.04903324693441391,9.787036895751953,0.24516624212265015
1781679213571.5686,-0.06864655017852783,9.806650161743164,0.24516624212265015
1781679213587.5386,-0.04903324693441391,9.787036895751953,0.26477953791618347
1781679213603.5095,-0.06864655017852783,9.806650161743164,0.26477953791618347
1781679213619.4775,-0.04903324693441391,9.787036895751953,0.26477953791618347
1781679213635.4475,-0.06864655017852783,9.787036895751953,0.26477953791618347
1781679213651.4172,-0.06864655017852783,9.787036895751953,0.26477953791618347
1781679213667.387,-0.06864655017852783,9.806650161743164,0.24516624212265015
1781679213683.3557,-0.04903324693441391,9.787036895751953,0.26477953791618347
1781679213699.3254,-0.04903324693441391,9.787036895751953,0.26477953791618347
1781679213715.295,-0.06864655017852783,9.806650161743164,0.26477953791618347
1781679213731.2644,-0.06864655017852783,9.806650161743164,0.26477953791618347
1781679213747.234,-0.04903324693441391,9.787036895751953,0.26477953791618347
1781679213763.2043,-0.04903324693441391,9.787036895751953,0.24516624212265015
1781679213779.1736,-0.04903324693441391,9.767423629760742,0.26477953791618347
1781679213795.1438,-0.04903324693441391,9.787036895751953,0.24516624212265015
1781679213811.113,-0.06864655017852783,9.787036895751953,0.26477953791618347
1781679213827.0823,-0.04903324693441391,9.787036895751953,0.26477953791618347
1781679213843.0522,-0.04903324693441391,9.787036895751953,0.24516624212265015
1781679213859.0222,-0.04903324693441391,9.787036895751953,0.24516624212265015
1781679213874.9932,-0.04903324693441391,9.806650161743164,0.24516624212265015
1781679213890.9631,-0.06864655017852783,9.787036895751953,0.26477953791618347
1781679213906.9338,-0.04903324693441391,9.787036895751953,0.24516624212265015
1781679213922.9038,-0.04903324693441391,9.787036895751953,0.24516624212265015
1781679213938.8723,-0.06864655017852783,9.806650161743164,0.26477953791618347
1781679213954.842,-0.04903324693441391,9.787036895751953,0.26477953791618347
1781679213970.8115,-0.06864655017852783,9.806650161743164,0.26477953791618347
1781679213986.783,-0.08825984597206116,9.787036895751953,0.2843928337097168
1781679214002.7546,-0.06864655017852783,9.806650161743164,0.26477953791618347
1781679214018.726,-0.04903324693441391,9.787036895751953,0.22555294632911682
1781679214034.6985,-0.06864655017852783,9.787036895751953,0.26477953791618347
1781679214050.671,-0.06864655017852783,9.787036895751953,0.2843928337097168
1781679214066.643,-0.04903324693441391,9.787036895751953,0.26477953791618347
1781679214082.6174,-0.06864655017852783,9.767423629760742,0.26477953791618347
1781679214098.5906,-0.04903324693441391,9.787036895751953,0.26477953791618347
1781679214114.5635,-0.04903324693441391,9.787036895751953,0.26477953791618347
1781679214130.5356,-0.04903324693441391,9.767423629760742,0.26477953791618347
1781679214146.5085,-0.04903324693441391,9.787036895751953,0.26477953791618347
1781679214162.4792,-0.04903324693441391,9.787036895751953,0.26477953791618347
1781679214178.4531,-0.04903324693441391,9.767423629760742,0.26477953791618347
1781679214194.4258,-0.06864655017852783,9.787036895751953,0.24516624212265015
1781679214210.3984,-0.04903324693441391,9.787036895751953,0.26477953791618347
1781679214226.371,-0.06864655017852783,9.787036895751953,0.26477953791618347
1781679214242.3447,-0.04903324693441391,9.787036895751953,0.2843928337097168
1781679214258.318,-0.04903324693441391,9.787036895751953,0.26477953791618347
1781679214274.2915,-0.06864655017852783,9.806650161743164,0.26477953791618347
1781679214290.265,-0.06864655017852783,9.787036895751953,0.2843928337097168
1781679214306.238,-0.06864655017852783,9.806650161743164,0.26477953791618347
1781679214322.2112,-0.04903324693441391,9.767423629760742,0.24516624212265015
1781679214338.1824,-0.08825984597206116,9.806650161743164,0.24516624212265015
1781679214354.1555,-0.04903324693441391,9.787036895751953,0.24516624212265015
1781679214370.1265,-0.06864655017852783,9.806650161743164,0.26477953791618347
1781679214386.0974,-0.04903324693441391,9.787036895751953,0.24516624212265015
1781679214402.068,-0.04903324693441391,9.787036895751953,0.26477953791618347
1781679214418.041,-0.06864655017852783,9.787036895751953,0.24516624212265015
1781679214434.0117,-0.04903324693441391,9.787036895751953,0.26477953791618347
1781679214449.9822,-0.06864655017852783,9.787036895751953,0.2843928337097168
1781679214465.952,-0.04903324693441391,9.787036895751953,0.24516624212265015
1781679214481.9224,-0.06864655017852783,9.787036895751953,0.26477953791618347
1781679214497.8918,-0.06864655017852783,9.787036895751953,0.24516624212265015
1781679214513.86,-0.04903324693441391,9.806650161743164,0.26477953791618347
1781679214529.8293,-0.04903324693441391,9.787036895751953,0.24516624212265015
1781679214545.7996,-0.04903324693441391,9.806650161743164,0.26477953791618347
1781679214561.7688,-0.04903324693441391,9.787036895751953,0.24516624212265015
1781679214577.739,-0.04903324693441391,9.787036895751953,0.26477953791618347
1781679214593.709,-0.04903324693441391,9.787036895751953,0.24516624212265015
1781679214609.678,-0.04903324693441391,9.806650161743164,0.26477953791618347
1781679214625.6477,-0.06864655017852783,9.767423629760742,0.26477953791618347
1781679214641.6165,-0.06864655017852783,9.787036895751953,0.26477953791618347
1781679214657.5884,-0.04903324693441391,9.767423629760742,0.26477953791618347
1781679214673.559,-0.06864655017852783,9.787036895751953,0.26477953791618347
1781679214689.5295,-0.04903324693441391,9.787036895751953,0.26477953791618347
1781679214705.498,-0.04903324693441391,9.787036895751953,0.24516624212265015
1781679214721.4675,-0.04903324693441391,9.787036895751953,0.24516624212265015
1781679214737.436,-0.04903324693441391,9.806650161743164,0.26477953791618347
1781679214753.4053,-0.06864655017852783,9.787036895751953,0.26477953791618347
1781679214769.3767,-0.04903324693441391,9.787036895751953,0.24516624212265015
1781679214785.347,-0.06864655017852783,9.787036895751953,0.24516624212265015
1781679214801.3179,-0.04903324693441391,9.767423629760742,0.26477953791618347
1781679214817.288,-0.04903324693441391,9.806650161743164,0.26477953791618347
1781679214833.257,-0.04903324693441391,9.787036895751953,0.24516624212265015
1781679214849.2258,-0.04903324693441391,9.787036895751953,0.26477953791618347
1781679214865.1938,-0.04903324693441391,9.787036895751953,0.2843928337097168
1781679214881.1626,-0.04903324693441391,9.806650161743164,0.26477953791618347
1781679214897.1294,-0.06864655017852783,9.787036895751953,0.26477953791618347
1781679214913.097,-0.06864655017852783,9.806650161743164,0.26477953791618347
1781679214929.0645,-0.04903324693441391,9.787036895751953,0.24516624212265015
1781679214945.034,-0.04903324693441391,9.787036895751953,0.26477953791618347
1781679214961.003,-0.04903324693441391,9.787036895751953,0.26477953791618347
1781679214976.9773,-0.06864655017852783,9.787036895751953,0.2843928337097168
1781679214992.9512,-0.04903324693441391,9.787036895751953,0.26477953791618347
1781679215008.9268,-0.04903324693441391,9.787036895751953,0.2843928337097168
1781679215024.9026,-0.06864655017852783,9.787036895751953,0.26477953791618347
1781679215040.8762,-0.04903324693441391,9.787036895751953,0.2843928337097168
1781679215056.852,-0.04903324693441391,9.787036895751953,0.26477953791618347
1781679215072.8267,-0.04903324693441391,9.787036895751953,0.2843928337097168
1781679215088.802,-0.06864655017852783,9.787036895751953,0.26477953791618347
1781679215104.7766,-0.04903324693441391,9.787036895751953,0.26477953791618347
1781679215120.75,-0.04903324693441391,9.767423629760742,0.26477953791618347
1781679215136.7234,-0.06864655017852783,9.806650161743164,0.24516624212265015
1781679215152.6968,-0.06864655017852783,9.806650161743164,0.26477953791618347
1781679215168.671,-0.04903324693441391,9.806650161743164,0.26477953791618347
1781679215184.6453,-0.04903324693441391,9.787036895751953,0.26477953791618347
1781679215200.6213,-0.04903324693441391,9.787036895751953,0.26477953791618347
1781679215216.5964,-0.04903324693441391,9.787036895751953,0.26477953791618347
1781679215232.5696,-0.06864655017852783,9.787036895751953,0.26477953791618347
1781679215248.5435,-0.06864655017852783,9.787036895751953,0.26477953791618347
1781679215264.5173,-0.06864655017852783,9.787036895751953,0.26477953791618347
1781679215280.4902,-0.04903324693441391,9.787036895751953,0.26477953791618347
1781679215296.4631,-0.06864655017852783,9.787036895751953,0.26477953791618347
1781679215312.438,-0.04903324693441391,9.787036895751953,0.24516624212265015
1781679215328.4116,-0.04903324693441391,9.806650161743164,0.26477953791618347
1781679215344.3843,-0.06864655017852783,9.767423629760742,0.26477953791618347
1781679215360.357,-0.04903324693441391,9.787036895751953,0.26477953791618347
1781679215376.3296,-0.04903324693441391,9.787036895751953,0.24516624212265015
1781679215392.303,-0.04903324693441391,9.787036895751953,0.26477953791618347
1781679215408.2764,-0.06864655017852783,9.787036895751953,0.26477953791618347
1781679215424.2498,-0.04903324693441391,9.787036895751953,0.26477953791618347
1781679215440.2231,-0.06864655017852783,9.787036895751953,0.2843928337097168
1781679215456.1975,-0.04903324693441391,9.806650161743164,0.26477953791618347
1781679215472.1716,-0.06864655017852783,9.806650161743164,0.2843928337097168
1781679215488.1467,-0.04903324693441391,9.787036895751953,0.26477953791618347
1781679215504.1199,-0.06864655017852783,9.787036895751953,0.26477953791618347
1781679215520.093,-0.04903324693441391,9.787036895751953,0.26477953791618347
1781679215536.0679,-0.04903324693441391,9.806650161743164,0.24516624212265015
1781679215552.041,-0.06864655017852783,9.806650161743164,0.26477953791618347
1781679215568.0159,-0.06864655017852783,9.787036895751953,0.26477953791618347
1781679215583.9907,-0.06864655017852783,9.787036895751953,0.3040061295032501
1781679215599.9644,-0.04903324693441391,9.806650161743164,0.26477953791618347
1781679215615.9382,-0.06864655017852783,9.787036895751953,0.24516624212265015
1781679215631.9128,-0.06864655017852783,9.787036895751953,0.26477953791618347
1781679215647.8865,-0.04903324693441391,9.787036895751953,0.26477953791618347
1781679215663.861,-0.04903324693441391,9.787036895751953,0.24516624212265015
1781679215679.8354,-0.06864655017852783,9.787036895751953,0.24516624212265015
1781679215695.809,-0.04903324693441391,9.787036895751953,0.26477953791618347
1781679215711.7815,-0.04903324693441391,9.787036895751953,0.26477953791618347
1781679215727.7546,-0.04903324693441391,9.787036895751953,0.26477953791618347
1781679215743.727,-0.06864655017852783,9.806650161743164,0.26477953791618347
1781679215759.6992,-0.04903324693441391,9.787036895751953,0.26477953791618347
1781679215775.6714,-0.04903324693441391,9.787036895751953,0.26477953791618347
1781679215791.6445,-0.04903324693441391,9.787036895751953,0.26477953791618347
1781679215807.6167,-0.06864655017852783,9.806650161743164,0.26477953791618347
1781679215823.5896,-0.04903324693441391,9.787036895751953,0.24516624212265015
1781679215839.5605,-0.06864655017852783,9.787036895751953,0.26477953791618347
1781679215855.5315,-0.06864655017852783,9.806650161743164,0.24516624212265015
1781679215871.5024,-0.029419949278235435,9.787036895751953,0.26477953791618347
1781679215887.4731,-0.06864655017852783,9.787036895751953,0.26477953791618347
1781679215903.4438,-0.06864655017852783,9.787036895751953,0.24516624212265015
1781679215919.4155,-0.06864655017852783,9.787036895751953,0.24516624212265015
1781679215935.3882,-0.04903324693441391,9.787036895751953,0.26477953791618347
1781679215951.3599,-0.04903324693441391,9.806650161743164,0.24516624212265015
1781679215967.3325,-0.04903324693441391,9.787036895751953,0.24516624212265015
1781679215983.3054,-0.06864655017852783,9.806650161743164,0.26477953791618347
1781679215999.2773,-0.04903324693441391,9.787036895751953,0.24516624212265015
1781679216015.2502,-0.06864655017852783,9.787036895751953,0.26477953791618347
1781679216031.2231,-0.06864655017852783,9.787036895751953,0.26477953791618347
1781679216047.1948,-0.06864655017852783,9.806650161743164,0.26477953791618347
1781679216063.1675,-0.04903324693441391,9.787036895751953,0.24516624212265015
1781679216079.1392,-0.04903324693441391,9.787036895751953,0.24516624212265015
1781679216095.1108,-0.06864655017852783,9.787036895751953,0.26477953791618347
1781679216111.0823,-0.04903324693441391,9.806650161743164,0.2843928337097168
1781679216127.0527,-0.04903324693441391,9.767423629760742,0.26477953791618347
1781679216143.024,-0.04903324693441391,9.806650161743164,0.24516624212265015
1781679216158.9963,-0.06864655017852783,9.787036895751953,0.26477953791618347
1781679216174.9675,-0.06864655017852783,9.806650161743164,0.26477953791618347
1781679216190.9397,-0.06864655017852783,9.787036895751953,0.26477953791618347
1781679216206.9116,-0.06864655017852783,9.787036895751953,0.26477953791618347
1781679216222.8838,-0.04903324693441391,9.806650161743164,0.26477953791618347
1781679216238.8557,-0.06864655017852783,9.806650161743164,0.26477953791618347
1781679216254.8264,-0.06864655017852783,9.806650161743164,0.26477953791618347
1781679216270.7974,-0.04903324693441391,9.806650161743164,0.24516624212265015
1781679216286.768,-0.04903324693441391,9.806650161743164,0.26477953791618347
1781679216302.7388,-0.06864655017852783,9.787036895751953,0.26477953791618347
1781679216318.7092,-0.06864655017852783,9.806650161743164,0.26477953791618347
1781679216334.679,-0.04903324693441391,9.767423629760742,0.26477953791618347
1781679216350.6494,-0.04903324693441391,9.806650161743164,0.26477953791618347
1781679216366.6218,-0.04903324693441391,9.787036895751953,0.26477953791618347
1781679216382.591,-0.04903324693441391,9.787036895751953,0.24516624212265015
1781679216398.5613,-0.04903324693441391,9.806650161743164,0.26477953791618347
1781679216414.5315,-0.06864655017852783,9.806650161743164,0.26477953791618347
1781679216430.5027,-0.06864655017852783,9.787036895751953,0.26477953791618347
1781679216446.4727,-0.06864655017852783,9.787036895751953,0.24516624212265015
1781679216462.4458,-0.04903324693441391,9.787036895751953,0.24516624212265015
1781679216478.4167,-0.04903324693441391,9.806650161743164,0.24516624212265015
1781679216494.3884,-0.06864655017852783,9.787036895751953,0.24516624212265015
1781679216510.3594,-0.04903324693441391,9.787036895751953,0.24516624212265015
1781679216526.329,-0.04903324693441391,9.787036895751953,0.2843928337097168
1781679216542.2976,-0.06864655017852783,9.806650161743164,0.26477953791618347
1781679216558.2683,-0.06864655017852783,9.806650161743164,0.24516624212265015
1781679216574.2378,-0.04903324693441391,9.806650161743164,0.26477953791618347
1781679216590.2073,-0.06864655017852783,9.787036895751953,0.26477953791618347
1781679216606.1768,-0.04903324693441391,9.767423629760742,0.24516624212265015
1781679216622.148,-0.04903324693441391,9.806650161743164,0.26477953791618347
1781679216638.1194,-0.06864655017852783,9.806650161743164,0.26477953791618347
1781679216654.0894,-0.06864655017852783,9.787036895751953,0.26477953791618347
1781679216670.0586,-0.06864655017852783,9.787036895751953,0.24516624212265015
1781679216686.0276,-0.06864655017852783,9.787036895751953,0.26477953791618347
1781679216701.9976,-0.04903324693441391,9.787036895751953,0.26477953791618347
1781679216717.9695,-0.04903324693441391,9.806650161743164,0.24516624212265015
1781679216733.9395,-0.06864655017852783,9.787036895751953,0.26477953791618347
1781679216749.9092,-0.04903324693441391,9.806650161743164,0.24516624212265015
1781679216765.878,-0.06864655017852783,9.787036895751953,0.24516624212265015
1781679216781.8464,-0.04903324693441391,9.787036895751953,0.26477953791618347
1781679216797.8162,-0.06864655017852783,9.787036895751953,0.26477953791618347
1781679216813.7866,-0.04903324693441391,9.787036895751953,0.24516624212265015
1781679216829.756,-0.04903324693441391,9.787036895751953,0.26477953791618347
1781679216845.7244,-0.04903324693441391,9.787036895751953,0.24516624212265015
1781679216861.6929,-0.06864655017852783,9.806650161743164,0.24516624212265015
1781679216877.66,-0.04903324693441391,9.787036895751953,0.26477953791618347
1781679216893.6282,-0.04903324693441391,9.787036895751953,0.26477953791618347
1781679216909.5962,-0.04903324693441391,9.787036895751953,0.26477953791618347
1781679216925.5645,-0.04903324693441391,9.787036895751953,0.26477953791618347
1781679216941.5322,-0.04903324693441391,9.787036895751953,0.24516624212265015
1781679216957.4993,-0.04903324693441391,9.787036895751953,0.26477953791618347
1781679216973.4712,-0.04903324693441391,9.806650161743164,0.26477953791618347
1781679216989.4446,-0.04903324693441391,9.787036895751953,0.26477953791618347
1781679217005.4177,-0.04903324693441391,9.787036895751953,0.26477953791618347
1781679217021.3918,-0.06864655017852783,9.787036895751953,0.26477953791618347
1781679217037.366,-0.06864655017852783,9.787036895751953,0.26477953791618347
1781679217053.3398,-0.04903324693441391,9.806650161743164,0.26477953791618347
1781679217069.315,-0.06864655017852783,9.787036895751953,0.24516624212265015
1781679217085.2888,-0.06864655017852783,9.806650161743164,0.26477953791618347
1781679217101.2634,-0.04903324693441391,9.787036895751953,0.24516624212265015
1781679217117.2373,-0.06864655017852783,9.806650161743164,0.24516624212265015
1781679217133.211,-0.04903324693441391,9.767423629760742,0.24516624212265015
1781679217149.1855,-0.06864655017852783,9.806650161743164,0.26477953791618347
1781679217165.1592,-0.04903324693441391,9.806650161743164,0.24516624212265015
1781679217181.1326,-0.04903324693441391,9.787036895751953,0.26477953791618347
1781679217197.106,-0.04903324693441391,9.787036895751953,0.26477953791618347
1781679217213.0784,-0.06864655017852783,9.806650161743164,0.26477953791618347
1781679217229.0498,-0.04903324693441391,9.787036895751953,0.26477953791618347
1781679217245.021,-0.04903324693441391,9.787036895751953,0.26477953791618347
1781679217260.9922,-0.06864655017852783,9.787036895751953,0.26477953791618347
1781679217276.9631,-0.06864655017852783,9.787036895751953,0.26477953791618347
1781679217292.9343,-0.06864655017852783,9.787036895751953,0.24516624212265015
1781679217308.9053,-0.06864655017852783,9.787036895751953,0.2843928337097168
1781679217324.8772,-0.06864655017852783,9.787036895751953,0.24516624212265015
1781679217340.849,-0.04903324693441391,9.787036895751953,0.24516624212265015
1781679217356.8218,-0.04903324693441391,9.787036895751953,0.26477953791618347
1781679217372.7925,-0.04903324693441391,9.787036895751953,0.26477953791618347
1781679217388.7642,-0.04903324693441391,9.787036895751953,0.26477953791618347
1781679217404.7349,-0.04903324693441391,9.787036895751953,0.24516624212265015
1781679217420.7053,-0.06864655017852783,9.787036895751953,0.26477953791618347
1781679217436.6758,-0.06864655017852783,9.787036895751953,0.26477953791618347
1781679217452.6472,-0.04903324693441391,9.787036895751953,0.26477953791618347
1781679217468.6187,-0.06864655017852783,9.787036895751953,0.26477953791618347
1781679217484.5908,-0.06864655017852783,9.806650161743164,0.24516624212265015
1781679217500.5642,-0.04903324693441391,9.787036895751953,0.2843928337097168
1781679217516.5354,-0.06864655017852783,9.787036895751953,0.2843928337097168
1781679217532.5063,-0.04903324693441391,9.787036895751953,0.26477953791618347
1781679217548.4775,-0.04903324693441391,9.787036895751953,0.24516624212265015
1781679217564.4495,-0.04903324693441391,9.806650161743164,0.26477953791618347
1781679217580.4214,-0.04903324693441391,9.787036895751953,0.26477953791618347
1781679217596.392,-0.06864655017852783,9.787036895751953,0.26477953791618347
1781679217612.365,-0.04903324693441391,9.806650161743164,0.26477953791618347
1781679217628.3357,-0.029419949278235435,9.787036895751953,0.26477953791618347
1781679217644.3074,-0.06864655017852783,9.767423629760742,0.24516624212265015
1781679217660.2778,-0.06864655017852783,9.806650161743164,0.24516624212265015
1781679217676.2493,-0.04903324693441391,9.787036895751953,0.26477953791618347
1781679217692.2188,-0.04903324693441391,9.787036895751953,0.24516624212265015
1781679217708.1873,-0.06864655017852783,9.806650161743164,0.26477953791618347
1781679217724.1565,-0.06864655017852783,9.806650161743164,0.24516624212265015
1781679217740.1248,-0.04903324693441391,9.806650161743164,0.26477953791618347
1781679217756.096,-0.06864655017852783,9.787036895751953,0.26477953791618347
1781679217772.0662,-0.06864655017852783,9.787036895751953,0.26477953791618347
1781679217788.0364,-0.06864655017852783,9.787036895751953,0.26477953791618347
1781679217804.0044,-0.04903324693441391,9.787036895751953,0.26477953791618347
1781679217819.9731,-0.04903324693441391,9.787036895751953,0.26477953791618347
1781679217835.944,-0.06864655017852783,9.787036895751953,0.24516624212265015
1781679217851.914,-0.06864655017852783,9.806650161743164,0.24516624212265015
1781679217867.8848,-0.06864655017852783,9.806650161743164,0.24516624212265015
1781679217883.8545,-0.04903324693441391,9.787036895751953,0.24516624212265015
1781679217899.824,-0.06864655017852783,9.806650161743164,0.26477953791618347
1781679217915.7937,-0.06864655017852783,9.806650161743164,0.26477953791618347
1781679217931.7632,-0.06864655017852783,9.806650161743164,0.2843928337097168
1781679217947.7317,-0.06864655017852783,9.787036895751953,0.24516624212265015
1781679217963.7002,-0.06864655017852783,9.806650161743164,0.24516624212265015
1781679217979.9275,-0.06864655017852783,9.806650161743164,0.24516624212265015
1781679217995.9883,-0.06864655017852783,9.806650161743164,0.26477953791618347
1781679218012.0496,-0.04903324693441391,9.787036895751953,0.24516624212265015
1781679218028.1113,-0.06864655017852783,9.806650161743164,0.24516624212265015
1781679218044.1746,-0.04903324693441391,9.806650161743164,0.24516624212265015
1781679218060.237,-0.06864655017852783,9.787036895751953,0.26477953791618347
1781679218076.3013,-0.06864655017852783,9.787036895751953,0.24516624212265015
1781679218092.365,-0.04903324693441391,9.787036895751953,0.26477953791618347
1781679218108.4292,-0.04903324693441391,9.787036895751953,0.24516624212265015
1781679218124.496,-0.04903324693441391,9.787036895751953,0.24516624212265015
1781679218140.5623,-0.04903324693441391,9.787036895751953,0.24516624212265015
1781679218156.629,-0.04903324693441391,9.787036895751953,0.26477953791618347
1781679218172.697,-0.06864655017852783,9.806650161743164,0.26477953791618347
1781679218188.7668,-0.04903324693441391,9.787036895751953,0.24516624212265015
1781679218204.837,-0.06864655017852783,9.787036895751953,0.26477953791618347
1781679218220.9077,-0.04903324693441391,9.787036895751953,0.24516624212265015
1781679218236.9778,-0.04903324693441391,9.787036895751953,0.26477953791618347
1781679218253.0496,-0.04903324693441391,9.806650161743164,0.24516624212265015
1781679218269.1196,-0.06864655017852783,9.787036895751953,0.24516624212265015
1781679218285.1912,-0.04903324693441391,9.787036895751953,0.26477953791618347
1781679218301.2634,-0.04903324693441391,9.787036895751953,0.22555294632911682
1781679218317.335,-0.06864655017852783,9.787036895751953,0.24516624212265015
1781679218333.4092,-0.04903324693441391,9.806650161743164,0.26477953791618347
1781679218349.483,-0.04903324693441391,9.787036895751953,0.24516624212265015
1781679218365.558,-0.04903324693441391,9.806650161743164,0.26477953791618347
1781679218381.6306,-0.04903324693441391,9.787036895751953,0.26477953791618347
1781679218397.7058,-0.06864655017852783,9.787036895751953,0.24516624212265015
1781679218413.7815,-0.06864655017852783,9.806650161743164,0.24516624212265015
1781679218429.8574,-0.04903324693441391,9.787036895751953,0.26477953791618347
1781679218445.934,-0.04903324693441391,9.806650161743164,0.26477953791618347
1781679218462.0103,-0.06864655017852783,9.787036895751953,0.26477953791618347
1781679218478.086,-0.06864655017852783,9.787036895751953,0.24516624212265015
1781679218494.1619,-0.04903324693441391,9.806650161743164,0.2843928337097168
1781679218510.2385,-0.06864655017852783,9.787036895751953,0.26477953791618347
1781679218526.3167,-0.04903324693441391,9.787036895751953,0.24516624212265015
1781679218542.394,-0.06864655017852783,9.787036895751953,0.26477953791618347
1781679218558.4731,-0.04903324693441391,9.787036895751953,0.26477953791618347
1781679218574.5518,-0.06864655017852783,9.787036895751953,0.2843928337097168
1781679218590.63,-0.04903324693441391,9.787036895751953,0.26477953791618347
1781679218606.7095,-0.04903324693441391,9.806650161743164,0.26477953791618347
1781679218622.7886,-0.04903324693441391,9.787036895751953,0.26477953791618347
1781679218638.868,-0.06864655017852783,9.787036895751953,0.24516624212265015
1781679218654.948,-0.04903324693441391,9.787036895751953,0.24516624212265015
1781679218671.0286,-0.04903324693441391,9.787036895751953,0.24516624212265015
1781679218687.1106,-0.04903324693441391,9.787036895751953,0.24516624212265015
1781679218703.194,-0.04903324693441391,9.806650161743164,0.26477953791618347
1781679218719.2761,-0.06864655017852783,9.787036895751953,0.26477953791618347
1781679218735.3596,-0.04903324693441391,9.806650161743164,0.24516624212265015
1781679218751.4448,-0.04903324693441391,9.767423629760742,0.24516624212265015
1781679218767.5293,-0.06864655017852783,9.787036895751953,0.24516624212265015
1781679218783.6143,-0.06864655017852783,9.787036895751953,0.26477953791618347
1781679218799.7007,-0.06864655017852783,9.806650161743164,0.24516624212265015
1781679218815.7869,-0.06864655017852783,9.767423629760742,0.22555294632911682
1781679218831.8752,-0.04903324693441391,9.806650161743164,0.24516624212265015
1781679218847.9624,-0.06864655017852783,9.787036895751953,0.26477953791618347
1781679218864.0498,-0.04903324693441391,9.806650161743164,0.2843928337097168
1781679218880.1367,-0.06864655017852783,9.787036895751953,0.26477953791618347
1781679218896.2263,-0.06864655017852783,9.806650161743164,0.26477953791618347
1781679218912.3142,-0.04903324693441391,9.787036895751953,0.2843928337097168
1781679218928.4038,-0.06864655017852783,9.806650161743164,0.26477953791618347
1781679218944.4614,-0.04903324693441391,9.787036895751953,0.26477953791618347
1781679218960.4482,-0.04903324693441391,9.787036895751953,0.24516624212265015
1781679218976.4348,-0.06864655017852783,9.806650161743164,0.26477953791618347
1781679218992.4226,-0.06864655017852783,9.787036895751953,0.26477953791618347
1781679219008.4111,-0.06864655017852783,9.787036895751953,0.24516624212265015
1781679219024.398,-0.06864655017852783,9.787036895751953,0.24516624212265015
1781679219040.3838,-0.06864655017852783,9.787036895751953,0.26477953791618347
1781679219056.3704,-0.04903324693441391,9.787036895751953,0.24516624212265015
1781679219072.3562,-0.06864655017852783,9.806650161743164,0.24516624212265015
1781679219088.3428,-0.04903324693441391,9.806650161743164,0.26477953791618347
1781679219104.3286,-0.06864655017852783,9.806650161743164,0.26477953791618347
1781679219120.3164,-0.04903324693441391,9.787036895751953,0.24516624212265015
1781679219136.305,-0.06864655017852783,9.787036895751953,0.24516624212265015
1781679219152.2917,-0.06864655017852783,9.787036895751953,0.24516624212265015
1781679219168.2795,-0.04903324693441391,9.806650161743164,0.26477953791618347
1781679219184.2673,-0.04903324693441391,9.806650161743164,0.26477953791618347
1781679219200.255,-0.04903324693441391,9.787036895751953,0.24516624212265015
1781679219216.2417,-0.04903324693441391,9.787036895751953,0.26477953791618347
1781679219232.2285,-0.06864655017852783,9.787036895751953,0.24516624212265015
1781679219248.215,-0.04903324693441391,9.787036895751953,0.24516624212265015
1781679219264.202,-0.04903324693441391,9.806650161743164,0.26477953791618347
1781679219280.1897,-0.06864655017852783,9.787036895751953,0.26477953791618347
1781679219296.1772,-0.04903324693441391,9.787036895751953,0.24516624212265015
1781679219312.166,-0.06864655017852783,9.806650161743164,0.26477953791618347
1781679219328.1538,-0.04903324693441391,9.787036895751953,0.24516624212265015
1781679219344.1426,-0.06864655017852783,9.806650161743164,0.26477953791618347
1781679219360.1301,-0.04903324693441391,9.787036895751953,0.26477953791618347
1781679219376.117,-0.06864655017852783,9.806650161743164,0.26477953791618347
1781679219392.1057,-0.04903324693441391,9.787036895751953,0.24516624212265015
1781679219408.0945,-0.04903324693441391,9.806650161743164,0.26477953791618347
1781679219424.083,-0.04903324693441391,9.767423629760742,0.26477953791618347
1781679219440.0718,-0.04903324693441391,9.787036895751953,0.24516624212265015
1781679219456.0596,-0.04903324693441391,9.787036895751953,0.24516624212265015
1781679219472.0474,-0.04903324693441391,9.806650161743164,0.26477953791618347
1781679219488.034,-0.04903324693441391,9.787036895751953,0.26477953791618347
1781679219504.0208,-0.06864655017852783,9.806650161743164,0.24516624212265015
1781679219520.0073,-0.06864655017852783,9.787036895751953,0.26477953791618347
1781679219535.995,-0.04903324693441391,9.787036895751953,0.26477953791618347
1781679219551.984,-0.04903324693441391,9.806650161743164,0.26477953791618347
1781679219567.9717,-0.06864655017852783,9.787036895751953,0.26477953791618347
1781679219583.9573,-0.06864655017852783,9.806650161743164,0.26477953791618347
1781679219599.9421,-0.04903324693441391,9.787036895751953,0.24516624212265015
1781679219615.9277,-0.06864655017852783,9.806650161743164,0.26477953791618347
1781679219631.9155,-0.06864655017852783,9.787036895751953,0.24516624212265015
1781679219647.9001,-0.04903324693441391,9.787036895751953,0.26477953791618347
1781679219663.887,-0.04903324693441391,9.806650161743164,0.26477953791618347
1781679219679.8735,-0.04903324693441391,9.787036895751953,0.26477953791618347
1781679219695.8623,-0.04903324693441391,9.806650161743164,0.24516624212265015
1781679219711.85,-0.04903324693441391,9.787036895751953,0.26477953791618347
1781679219727.8398,-0.04903324693441391,9.787036895751953,0.26477953791618347
1781679219743.8276,-0.04903324693441391,9.806650161743164,0.24516624212265015
1781679219759.8152,-0.04903324693441391,9.787036895751953,0.26477953791618347
1781679219775.802,-0.04903324693441391,9.787036895751953,0.24516624212265015
1781679219791.7898,-0.06864655017852783,9.787036895751953,0.26477953791618347
1781679219807.7773,-0.04903324693441391,9.787036895751953,0.26477953791618347
1781679219823.766,-0.04903324693441391,9.787036895751953,0.26477953791618347
1781679219839.753,-0.04903324693441391,9.806650161743164,0.26477953791618347
1781679219855.7405,-0.04903324693441391,9.806650161743164,0.24516624212265015
1781679219871.7292,-0.04903324693441391,9.787036895751953,0.26477953791618347
1781679219887.717,-0.06864655017852783,9.787036895751953,0.26477953791618347
1781679219903.7048,-0.04903324693441391,9.787036895751953,0.26477953791618347
1781679219919.6914,-0.06864655017852783,9.806650161743164,0.26477953791618347
1781679219935.6802,-0.06864655017852783,9.787036895751953,0.26477953791618347
1781679219951.67,-0.04903324693441391,9.787036895751953,0.26477953791618347
1781679219967.659,-0.04903324693441391,9.806650161743164,0.24516624212265015
1781679219983.6455,-0.04903324693441391,9.806650161743164,0.24516624212265015
1781679219999.632,-0.04903324693441391,9.787036895751953,0.26477953791618347
1781679220015.6196,-0.06864655017852783,9.787036895751953,0.26477953791618347
1781679220031.606,-0.04903324693441391,9.806650161743164,0.26477953791618347
1781679220047.5925,-0.04903324693441391,9.787036895751953,0.26477953791618347
1781679220063.5798,-0.04903324693441391,9.806650161743164,0.24516624212265015
1781679220079.5654,-0.04903324693441391,9.787036895751953,0.26477953791618347
1781679220095.5518,-0.06864655017852783,9.787036895751953,0.26477953791618347
1781679220111.5393,-0.04903324693441391,9.787036895751953,0.24516624212265015
1781679220127.5256,-0.04903324693441391,9.806650161743164,0.26477953791618347
1781679220143.5142,-0.06864655017852783,9.787036895751953,0.24516624212265015
1781679220159.4995,-0.04903324693441391,9.787036895751953,0.26477953791618347
1781679220175.489,-0.04903324693441391,9.806650161743164,0.24516624212265015
1781679220191.4775,-0.06864655017852783,9.806650161743164,0.24516624212265015
1781679220207.4668,-0.06864655017852783,9.787036895751953,0.24516624212265015
1781679220223.4524,-0.06864655017852783,9.787036895751953,0.26477953791618347
1781679220239.4387,-0.04903324693441391,9.787036895751953,0.26477953791618347
1781679220255.4263,-0.04903324693441391,9.787036895751953,0.26477953791618347
1781679220271.4136,-0.04903324693441391,9.787036895751953,0.26477953791618347
1781679220287.4001,-0.04903324693441391,9.806650161743164,0.26477953791618347
1781679220303.3865,-0.04903324693441391,9.806650161743164,0.24516624212265015
1781679220319.374,-0.04903324693441391,9.787036895751953,0.24516624212265015
1781679220335.3623,-0.04903324693441391,9.806650161743164,0.26477953791618347
1781679220351.3499,-0.04903324693441391,9.787036895751953,0.24516624212265015
1781679220367.3372,-0.06864655017852783,9.787036895751953,0.26477953791618347
1781679220383.3237,-0.06864655017852783,9.806650161743164,0.26477953791618347
1781679220399.311,-0.06864655017852783,9.787036895751953,0.22555294632911682
1781679220415.2996,-0.06864655017852783,9.787036895751953,0.24516624212265015
1781679220431.2888,-0.04903324693441391,9.787036895751953,0.24516624212265015
1781679220447.2764,-0.04903324693441391,9.787036895751953,0.2843928337097168
1781679220463.2627,-0.04903324693441391,9.806650161743164,0.24516624212265015
1781679220479.248,-0.04903324693441391,9.787036895751953,0.26477953791618347
1781679220495.2346,-0.06864655017852783,9.806650161743164,0.26477953791618347
1781679220511.22,-0.04903324693441391,9.767423629760742,0.26477953791618347
1781679220527.2053,-0.04903324693441391,9.787036895751953,0.26477953791618347
1781679220543.192,-0.06864655017852783,9.806650161743164,0.24516624212265015
1781679220559.1792,-0.06864655017852783,9.787036895751953,0.24516624212265015
1781679220575.1655,-0.04903324693441391,9.806650161743164,0.26477953791618347
1781679220591.154,-0.04903324693441391,9.787036895751953,0.24516624212265015
1781679220607.1414,-0.04903324693441391,9.787036895751953,0.26477953791618347
1781679220623.1277,-0.06864655017852783,9.806650161743164,0.26477953791618347
1781679220639.1152,-0.04903324693441391,9.787036895751953,0.26477953791618347
1781679220655.1025,-0.06864655017852783,9.787036895751953,0.24516624212265015
1781679220671.089,-0.06864655017852783,9.787036895751953,0.24516624212265015
1781679220687.0754,-0.04903324693441391,9.787036895751953,0.26477953791618347
1781679220703.0627,-0.04903324693441391,9.787036895751953,0.26477953791618347
1781679220719.049,-0.04903324693441391,9.806650161743164,0.26477953791618347
1781679220735.0366,-0.04903324693441391,9.787036895751953,0.24516624212265015
1781679220751.025,-0.06864655017852783,9.806650161743164,0.24516624212265015
1781679220767.0125,-0.06864655017852783,9.787036895751953,0.26477953791618347
1781679220782.9988,-0.04903324693441391,9.806650161743164,0.24516624212265015
1781679220798.986,-0.04903324693441391,9.787036895751953,0.24516624212265015
1781679220814.9736,-0.04903324693441391,9.787036895751953,0.24516624212265015
1781679220830.961,-0.06864655017852783,9.806650161743164,0.26477953791618347
1781679220846.9473,-0.06864655017852783,9.806650161743164,0.24516624212265015
1781679220862.9358,-0.04903324693441391,9.787036895751953,0.26477953791618347
1781679220878.924,-0.06864655017852783,9.767423629760742,0.24516624212265015
1781679220894.9124,-0.06864655017852783,9.787036895751953,0.24516624212265015
1781679220910.901,-0.06864655017852783,9.787036895751953,0.24516624212265015
1781679220926.8892,-0.04903324693441391,9.806650161743164,0.26477953791618347
1781679220942.8777,-0.06864655017852783,9.787036895751953,0.24516624212265015
1781679220958.8635,-0.04903324693441391,9.767423629760742,0.24516624212265015
1781679220974.8484,-0.04903324693441391,9.806650161743164,0.24516624212265015
1781679220990.8333,-0.06864655017852783,9.787036895751953,0.26477953791618347
1781679221006.821,-0.04903324693441391,9.787036895751953,0.26477953791618347
1781679221022.8076,-0.04903324693441391,9.806650161743164,0.24516624212265015
1781679221038.7961,-0.06864655017852783,9.787036895751953,0.26477953791618347
1781679221054.7847,-0.06864655017852783,9.806650161743164,0.24516624212265015
1781679221070.7742,-0.04903324693441391,9.806650161743164,0.26477953791618347
1781679221086.763,-0.06864655017852783,9.787036895751953,0.24516624212265015
1781679221102.7515,-0.04903324693441391,9.787036895751953,0.26477953791618347
1781679221118.739,-0.04903324693441391,9.806650161743164,0.26477953791618347
1781679221134.7275,-0.04903324693441391,9.767423629760742,0.24516624212265015
1781679221150.7163,-0.06864655017852783,9.806650161743164,0.26477953791618347
1781679221166.7058,-0.04903324693441391,9.787036895751953,0.26477953791618347
1781679221182.6934,-0.04903324693441391,9.806650161743164,0.24516624212265015
1781679221198.681,-0.04903324693441391,9.787036895751953,0.26477953791618347
1781679221214.6685,-0.06864655017852783,9.787036895751953,0.24516624212265015
1781679221230.655,-0.04903324693441391,9.806650161743164,0.24516624212265015
1781679221246.6416,-0.04903324693441391,9.787036895751953,0.2843928337097168
1781679221262.6292,-0.06864655017852783,9.787036895751953,0.2843928337097168
1781679221278.617,-0.06864655017852783,9.787036895751953,0.26477953791618347
1781679221294.6045,-0.06864655017852783,9.806650161743164,0.26477953791618347
1781679221310.592,-0.06864655017852783,9.787036895751953,0.26477953791618347
1781679221326.5796,-0.04903324693441391,9.787036895751953,0.26477953791618347
1781679221342.568,-0.04903324693441391,9.787036895751953,0.26477953791618347
1781679221358.5547,-0.04903324693441391,9.806650161743164,0.26477953791618347
1781679221374.5422,-0.06864655017852783,9.767423629760742,0.26477953791618347
1781679221390.5308,-0.04903324693441391,9.806650161743164,0.26477953791618347
1781679221406.5186,-0.06864655017852783,9.806650161743164,0.26477953791618347
1781679221422.508,-0.04903324693441391,9.806650161743164,0.26477953791618347
1781679221438.4976,-0.04903324693441391,9.787036895751953,0.26477953791618347
1781679221454.486,-0.06864655017852783,9.806650161743164,0.26477953791618347
1781679221470.4746,-0.04903324693441391,9.787036895751953,0.24516624212265015
1781679221486.4634,-0.06864655017852783,9.767423629760742,0.26477953791618347
1781679221502.452,-0.04903324693441391,9.806650161743164,0.24516624212265015
1781679221518.4395,-0.06864655017852783,9.806650161743164,0.26477953791618347
1781679221534.427,-0.04903324693441391,9.806650161743164,0.26477953791618347
1781679221550.4136,-0.06864655017852783,9.787036895751953,0.26477953791618347
1781679221566.4011,-0.04903324693441391,9.787036895751953,0.24516624212265015
1781679240398.9443,-9.63012981414795,0.2059396505355835,0.04903324693441391
1781679240414.9248,-9.64974308013916,0.2059396505355835,0.04903324693441391
1781679240430.905,-9.63012981414795,0.2059396505355835,0.04903324693441391
1781679240446.8853,-9.64974308013916,0.18632633984088898,0.029419949278235435
1781679240462.8657,-9.63012981414795,0.18632633984088898,0.06864655017852783
1781679240478.846,-9.63012981414795,0.2059396505355835,0.06864655017852783
1781679240494.8262,-9.63012981414795,0.2059396505355835,0.06864655017852783
1781679240510.8064,-9.63012981414795,0.18632633984088898,0.029419949278235435
1781679240526.7856,-9.63012981414795,0.2059396505355835,0.04903324693441391
1781679240542.7656,-9.64974308013916,0.2059396505355835,0.04903324693441391
1781679240558.7449,-9.64974308013916,0.18632633984088898,0.06864655017852783
1781679240574.7239,-9.669356346130371,0.18632633984088898,0.04903324693441391
1781679240590.703,-9.63012981414795,0.2059396505355835,0.029419949278235435
1781679240606.682,-9.610516548156738,0.2059396505355835,0.04903324693441391
1781679240622.66,-9.64974308013916,0.2059396505355835,0.06864655017852783
1781679240638.638,-9.63012981414795,0.2059396505355835,0.06864655017852783
1781679240654.618,-9.63012981414795,0.2059396505355835,0.029419949278235435
1781679240670.598,-9.63012981414795,0.2059396505355835,0.04903324693441391
1781679240686.5757,-9.63012981414795,0.2059396505355835,0.06864655017852783
1781679240702.5535,-9.63012981414795,0.22555294632911682,0.06864655017852783
1781679240718.5325,-9.64974308013916,0.2059396505355835,0.04903324693441391
1781679240734.5112,-9.63012981414795,0.18632633984088898,0.029419949278235435
1781679240750.491,-9.64974308013916,0.2059396505355835,0.04903324693441391
1781679240766.4697,-9.63012981414795,0.2059396505355835,0.06864655017852783
1781679240782.4504,-9.63012981414795,0.2059396505355835,0.04903324693441391
1781679240798.4302,-9.64974308013916,0.2059396505355835,0.029419949278235435
1781679240814.411,-9.64974308013916,0.2059396505355835,0.029419949278235435
1781679240830.3914,-9.64974308013916,0.2059396505355835,0.06864655017852783
1781679240846.371,-9.63012981414795,0.2059396505355835,0.04903324693441391
1781679240862.3506,-9.63012981414795,0.2059396505355835,0.04903324693441391
1781679240878.329,-9.63012981414795,0.18632633984088898,0.029419949278235435
1781679240894.3096,-9.63012981414795,0.22555294632911682,0.06864655017852783
1781679240910.29,-9.64974308013916,0.18632633984088898,0.04903324693441391
1781679240926.2705,-9.64974308013916,0.22555294632911682,0.04903324693441391
1781679240942.253,-9.64974308013916,0.18632633984088898,0.029419949278235435
1781679240958.2324,-9.63012981414795,0.2059396505355835,0.06864655017852783
1781679240974.2117,-9.63012981414795,0.2059396505355835,0.04903324693441391
1781679240990.189,-9.64974308013916,0.22555294632911682,0.06864655017852783
1781679241006.1675,-9.64974308013916,0.2059396505355835,0.04903324693441391
1781679241022.1467,-9.63012981414795,0.18632633984088898,0.029419949278235435
1781679241038.125,-9.63012981414795,0.2059396505355835,0.04903324693441391
1781679241054.102,-9.63012981414795,0.2059396505355835,0.06864655017852783
1781679241070.0823,-9.64974308013916,0.2059396505355835,0.04903324693441391
1781679241086.0642,-9.64974308013916,0.18632633984088898,0.06864655017852783
1781679241102.0461,-9.64974308013916,0.2059396505355835,0.04903324693441391
1781679241118.0293,-9.64974308013916,0.2059396505355835,0.029419949278235435
1781679241134.0103,-9.64974308013916,0.2059396505355835,0.06864655017852783
1781679241149.9912,-9.63012981414795,0.2059396505355835,0.06864655017852783
1781679241165.9722,-9.63012981414795,0.2059396505355835,0.04903324693441391
1781679241181.953,-9.63012981414795,0.2059396505355835,0.029419949278235435
1781679241197.932,-9.64974308013916,0.2059396505355835,0.06864655017852783
1781679241213.9126,-9.63012981414795,0.2059396505355835,0.06864655017852783
1781679241229.8955,-9.63012981414795,0.2059396505355835,0.04903324693441391
1781679241245.8762,-9.64974308013916,0.2059396505355835,0.04903324693441391
1781679241261.8572,-9.63012981414795,0.2059396505355835,0.04903324693441391
1781679241277.836,-9.63012981414795,0.2059396505355835,0.04903324693441391
1781679241293.8167,-9.64974308013916,0.2059396505355835,0.06864655017852783
1781679241309.7964,-9.64974308013916,0.2059396505355835,0.04903324693441391
1781679241325.776,-9.64974308013916,0.18632633984088898,0.04903324693441391
1781679241341.7566,-9.63012981414795,0.2059396505355835,0.04903324693441391
1781679241357.7354,-9.64974308013916,0.18632633984088898,0.04903324693441391
1781679241373.7148,-9.63012981414795,0.2059396505355835,0.04903324693441391
1781679241389.6946,-9.63012981414795,0.2059396505355835,0.06864655017852783
1781679241405.674,-9.63012981414795,0.18632633984088898,0.04903324693441391
1781679241421.6536,-9.63012981414795,0.18632633984088898,0.029419949278235435
1781679241437.633,-9.64974308013916,0.2059396505355835,0.06864655017852783
1781679241453.6116,-9.63012981414795,0.2059396505355835,0.06864655017852783
1781679241469.592,-9.63012981414795,0.2059396505355835,0.04903324693441391
1781679241485.5715,-9.64974308013916,0.2059396505355835,0.029419949278235435
1781679241501.553,-9.63012981414795,0.2059396505355835,0.08825984597206116
1781679241517.5325,-9.64974308013916,0.2059396505355835,0.04903324693441391
1781679241533.513,-9.63012981414795,0.18632633984088898,0.04903324693441391
1781679241549.4922,-9.63012981414795,0.2059396505355835,0.04903324693441391
1781679241565.4717,-9.63012981414795,0.2059396505355835,0.04903324693441391
1781679241581.451,-9.64974308013916,0.2059396505355835,0.04903324693441391
1781679241597.4302,-9.64974308013916,0.2059396505355835,0.06864655017852783
1781679241613.4084,-9.63012981414795,0.2059396505355835,0.04903324693441391
1781679241629.3877,-9.63012981414795,0.18632633984088898,0.04903324693441391
1781679241645.368,-9.610516548156738,0.18632633984088898,0.04903324693441391
1781679241661.349,-9.63012981414795,0.2059396505355835,0.04903324693441391
1781679241677.3293,-9.63012981414795,0.18632633984088898,0.04903324693441391
1781679241693.3096,-9.63012981414795,0.18632633984088898,0.029419949278235435
1781679241709.2888,-9.63012981414795,0.2059396505355835,0.04903324693441391
1781679241725.2668,-9.64974308013916,0.2059396505355835,0.04903324693441391
1781679241741.248,-9.64974308013916,0.22555294632911682,0.06864655017852783
1781679241757.228,-9.64974308013916,0.2059396505355835,0.04903324693441391
1781679241773.209,-9.63012981414795,0.2059396505355835,0.06864655017852783
1781679241789.188,-9.64974308013916,0.22555294632911682,0.04903324693441391
1781679241805.167,-9.63012981414795,0.18632633984088898,0.06864655017852783
1781679241821.147,-9.64974308013916,0.2059396505355835,0.06864655017852783
1781679241837.127,-9.63012981414795,0.2059396505355835,0.04903324693441391
1781679241853.107,-9.64974308013916,0.2059396505355835,0.04903324693441391
1781679241869.087,-9.63012981414795,0.18632633984088898,0.08825984597206116
1781679241885.066,-9.64974308013916,0.2059396505355835,0.06864655017852783
1781679241901.0447,-9.63012981414795,0.2059396505355835,0.04903324693441391
1781679241917.0247,-9.64974308013916,0.18632633984088898,0.029419949278235435
1781679241933.0054,-9.63012981414795,0.2059396505355835,0.04903324693441391
1781679241948.985,-9.64974308013916,0.18632633984088898,0.06864655017852783
1781679241964.9648,-9.63012981414795,0.2059396505355835,0.04903324693441391
1781679241980.9468,-9.63012981414795,0.2059396505355835,0.06864655017852783
1781679241996.9275,-9.63012981414795,0.2059396505355835,0.04903324693441391
1781679242012.9072,-9.63012981414795,0.18632633984088898,0.04903324693441391
1781679242028.887,-9.64974308013916,0.2059396505355835,0.04903324693441391
1781679242044.8665,-9.63012981414795,0.2059396505355835,0.08825984597206116
1781679242060.8462,-9.63012981414795,0.2059396505355835,0.029419949278235435
1781679242076.8564,-9.64974308013916,0.2059396505355835,0.04903324693441391
1781679242092.8728,-9.64974308013916,0.2059396505355835,0.06864655017852783
1781679242108.8875,-9.63012981414795,0.2059396505355835,0.06864655017852783
1781679242124.9043,-9.63012981414795,0.2059396505355835,0.04903324693441391
1781679242140.9214,-9.63012981414795,0.2059396505355835,0.06864655017852783
1781679242156.9395,-9.63012981414795,0.2059396505355835,0.04903324693441391
1781679242172.9568,-9.64974308013916,0.2059396505355835,0.04903324693441391
1781679242188.9753,-9.63012981414795,0.18632633984088898,0.06864655017852783
1781679242204.9941,-9.63012981414795,0.2059396505355835,0.04903324693441391
1781679242221.0122,-9.63012981414795,0.2059396505355835,0.04903324693441391
1781679242237.0303,-9.63012981414795,0.2059396505355835,0.06864655017852783
1781679242253.0466,-9.64974308013916,0.2059396505355835,0.06864655017852783
1781679242269.065,-9.64974308013916,0.2059396505355835,0.06864655017852783
1781679242285.0837,-9.63012981414795,0.2059396505355835,0.04903324693441391
1781679242301.1006,-9.64974308013916,0.2059396505355835,0.04903324693441391
1781679242317.1177,-9.63012981414795,0.18632633984088898,0.04903324693441391
1781679242333.136,-9.63012981414795,0.2059396505355835,0.04903324693441391
1781679242349.1553,-9.64974308013916,0.2059396505355835,0.04903324693441391
1781679242365.1719,-9.63012981414795,0.18632633984088898,0.029419949278235435
1781679242381.1887,-9.610516548156738,0.2059396505355835,0.08825984597206116
1781679242397.2058,-9.63012981414795,0.18632633984088898,0.06864655017852783
1781679242413.2249,-9.63012981414795,0.2059396505355835,0.06864655017852783
1781679242429.2441,-9.63012981414795,0.2059396505355835,0.029419949278235435
1781679242445.2659,-9.63012981414795,0.2059396505355835,0.04903324693441391
1781679242461.2876,-9.63012981414795,0.2059396505355835,0.06864655017852783
1781679242477.3074,-9.63012981414795,0.2059396505355835,0.06864655017852783
1781679242493.3286,-9.64974308013916,0.2059396505355835,0.06864655017852783
1781679242509.348,-9.63012981414795,0.18632633984088898,0.04903324693441391
1781679242525.3713,-9.63012981414795,0.2059396505355835,0.04903324693441391
1781679242541.393,-9.63012981414795,0.18632633984088898,0.06864655017852783
1781679242557.4128,-9.63012981414795,0.18632633984088898,0.04903324693441391
1781679242573.436,-9.63012981414795,0.2059396505355835,0.009806649759411812
1781679242589.4602,-9.64974308013916,0.18632633984088898,0.04903324693441391
1781679242605.4836,-9.63012981414795,0.2059396505355835,0.029419949278235435
1781679242621.5083,-9.64974308013916,0.2059396505355835,0.06864655017852783
1781679242637.532,-9.63012981414795,0.2059396505355835,0.06864655017852783
1781679242653.5552,-9.64974308013916,0.2059396505355835,0.04903324693441391
1781679242669.5781,-9.64974308013916,0.2059396505355835,0.04903324693441391
1781679242685.6016,-9.63012981414795,0.2059396505355835,0.08825984597206116
1781679242701.6252,-9.63012981414795,0.2059396505355835,0.04903324693441391
1781679242717.648,-9.63012981414795,0.2059396505355835,0.009806649759411812
1781679242733.6729,-9.64974308013916,0.2059396505355835,0.04903324693441391
1781679242749.696,-9.63012981414795,0.2059396505355835,0.06864655017852783
1781679242765.7192,-9.64974308013916,0.2059396505355835,0.04903324693441391
1781679242781.7437,-9.63012981414795,0.2059396505355835,0.04903324693441391
1781679242797.7683,-9.64974308013916,0.2059396505355835,0.029419949278235435
1781679242813.7932,-9.63012981414795,0.2059396505355835,0.06864655017852783
1781679242829.8174,-9.63012981414795,0.2059396505355835,0.04903324693441391
1781679242845.8425,-9.63012981414795,0.2059396505355835,0.04903324693441391
1781679242861.868,-9.63012981414795,0.18632633984088898,0.04903324693441391
1781679242877.8936,-9.63012981414795,0.2059396505355835,0.029419949278235435
1781679242893.9185,-9.63012981414795,0.18632633984088898,0.04903324693441391
1781679242909.9434,-9.64974308013916,0.22555294632911682,0.04903324693441391
1781679242925.9685,-9.63012981414795,0.2059396505355835,0.029419949278235435
1781679242941.994,-9.63012981414795,0.18632633984088898,0.04903324693441391
1781679242958.0183,-9.63012981414795,0.18632633984088898,0.04903324693441391
1781679242974.0452,-9.63012981414795,0.18632633984088898,0.06864655017852783
1781679242990.072,-9.63012981414795,0.2059396505355835,0.04903324693441391
1781679243006.0972,-9.64974308013916,0.2059396505355835,0.04903324693441391
1781679243022.1245,-9.64974308013916,0.2059396505355835,0.04903324693441391
1781679243038.151,-9.63012981414795,0.2059396505355835,0.04903324693441391
1781679243054.1777,-9.63012981414795,0.2059396505355835,0.06864655017852783
1781679243070.1746,-9.63012981414795,0.18632633984088898,0.06864655017852783
1781679243086.1636,-9.63012981414795,0.18632633984088898,0.04903324693441391
1781679243102.1516,-9.64974308013916,0.2059396505355835,0.04903324693441391
1781679243118.14,-9.63012981414795,0.2059396505355835,0.04903324693441391
1781679243134.128,-9.64974308013916,0.2059396505355835,0.04903324693441391
1781679243150.116,-9.63012981414795,0.2059396505355835,0.04903324693441391
1781679243166.103,-9.63012981414795,0.18632633984088898,0.04903324693441391
1781679243182.091,-9.63012981414795,0.2059396505355835,0.04903324693441391
1781679243198.0793,-9.64974308013916,0.2059396505355835,0.06864655017852783
1781679243214.0684,-9.64974308013916,0.2059396505355835,0.06864655017852783
1781679243230.0574,-9.63012981414795,0.18632633984088898,0.04903324693441391
1781679243246.0457,-9.63012981414795,0.22555294632911682,0.04903324693441391
1781679243262.0337,-9.63012981414795,0.2059396505355835,0.06864655017852783
1781679243278.0227,-9.63012981414795,0.2059396505355835,0.04903324693441391
1781679243294.012,-9.64974308013916,0.2059396505355835,0.06864655017852783
1781679243310.0,-9.64974308013916,0.2059396505355835,0.04903324693441391
1781679243325.987,-9.64974308013916,0.2059396505355835,0.04903324693441391
1781679243341.9773,-9.64974308013916,0.2059396505355835,0.04903324693441391
1781679243357.9663,-9.64974308013916,0.18632633984088898,0.06864655017852783
1781679243373.9546,-9.63012981414795,0.2059396505355835,0.04903324693441391
1781679243389.9417,-9.63012981414795,0.22555294632911682,0.04903324693441391
1781679243405.9297,-9.63012981414795,0.2059396505355835,0.04903324693441391
1781679243421.917,-9.63012981414795,0.2059396505355835,0.04903324693441391
1781679243437.905,-9.63012981414795,0.18632633984088898,0.06864655017852783
1781679243453.893,-9.63012981414795,0.18632633984088898,0.04903324693441391
1781679243469.8804,-9.63012981414795,0.2059396505355835,0.04903324693441391
1781679243485.8684,-9.63012981414795,0.2059396505355835,0.06864655017852783
1781679243501.8586,-9.64974308013916,0.2059396505355835,0.04903324693441391
1781679243517.8477,-9.64974308013916,0.2059396505355835,0.04903324693441391
1781679243533.836,-9.63012981414795,0.2059396505355835,0.04903324693441391
1781679243549.825,-9.63012981414795,0.18632633984088898,0.04903324693441391
1781679243565.8142,-9.63012981414795,0.2059396505355835,0.04903324693441391
1781679243581.8044,-9.63012981414795,0.2059396505355835,0.06864655017852783
1781679243597.7944,-9.63012981414795,0.2059396505355835,0.04903324693441391
1781679243613.7847,-9.63012981414795,0.22555294632911682,0.06864655017852783
1781679243629.774,-9.64974308013916,0.2059396505355835,0.04903324693441391
1781679243645.765,-9.64974308013916,0.2059396505355835,0.04903324693441391
1781679243661.7551,-9.63012981414795,0.2059396505355835,0.04903324693441391
1781679243677.7454,-9.63012981414795,0.2059396505355835,0.04903324693441391
1781679243693.7346,-9.64974308013916,0.18632633984088898,0.029419949278235435
1781679243709.7227,-9.63012981414795,0.2059396505355835,0.04903324693441391
1781679243725.712,-9.64974308013916,0.2059396505355835,0.04903324693441391
1781679243741.7012,-9.64974308013916,0.22555294632911682,0.04903324693441391
1781679243757.6892,-9.63012981414795,0.2059396505355835,0.029419949278235435
1781679243773.6785,-9.63012981414795,0.22555294632911682,0.04903324693441391
1781679243789.6677,-9.63012981414795,0.22555294632911682,0.04903324693441391
1781679243805.6548,-9.63012981414795,0.18632633984088898,0.04903324693441391
1781679243821.644,-9.64974308013916,0.2059396505355835,0.04903324693441391
1781679243837.6343,-9.63012981414795,0.2059396505355835,0.04903324693441391
1781679243853.6223,-9.63012981414795,0.22555294632911682,0.029419949278235435
1781679243869.6116,-9.63012981414795,0.2059396505355835,0.06864655017852783
1781679243885.5999,-9.63012981414795,0.22555294632911682,0.04903324693441391
1781679243901.589,-9.63012981414795,0.18632633984088898,0.04903324693441391
1781679243917.5784,-9.63012981414795,0.2059396505355835,0.029419949278235435
1781679243933.5664,-9.63012981414795,0.2059396505355835,0.04903324693441391
1781679243949.5537,-9.63012981414795,0.18632633984088898,0.06864655017852783
1781679243965.542,-9.64974308013916,0.2059396505355835,0.06864655017852783
1781679243981.5312,-9.610516548156738,0.2059396505355835,0.04903324693441391
1781679243997.5203,-9.64974308013916,0.2059396505355835,0.029419949278235435
1781679244013.5085,-9.64974308013916,0.22555294632911682,0.04903324693441391
1781679244029.4968,-9.64974308013916,0.2059396505355835,0.06864655017852783
1781679244045.485,-9.64974308013916,0.2059396505355835,0.04903324693441391
1781679244061.4712,-9.63012981414795,0.18632633984088898,0.029419949278235435
1781679244077.4597,-9.63012981414795,0.18632633984088898,0.04903324693441391
1781679244093.446,-9.63012981414795,0.2059396505355835,0.06864655017852783
1781679244109.4326,-9.64974308013916,0.22555294632911682,0.04903324693441391
1781679244125.42,-9.63012981414795,0.2059396505355835,0.06864655017852783
1781679244141.4062,-9.63012981414795,0.2059396505355835,0.04903324693441391
1781679244157.3928,-9.64974308013916,0.2059396505355835,0.06864655017852783
1781679244173.3782,-9.63012981414795,0.18632633984088898,0.06864655017852783
1781679244189.3645,-9.63012981414795,0.2059396505355835,0.029419949278235435
1781679244205.353,-9.64974308013916,0.2059396505355835,0.04903324693441391
1781679244221.3403,-9.63012981414795,0.2059396505355835,0.04903324693441391
1781679244237.3286,-9.63012981414795,0.2059396505355835,0.04903324693441391
1781679244253.3162,-9.63012981414795,0.22555294632911682,0.04903324693441391
1781679244269.3044,-9.63012981414795,0.2059396505355835,0.06864655017852783
1781679244285.292,-9.64974308013916,0.18632633984088898,0.04903324693441391
1781679244301.2793,-9.63012981414795,0.2059396505355835,0.04903324693441391
1781679244317.2646,-9.64974308013916,0.2059396505355835,0.06864655017852783
1781679244333.251,-9.63012981414795,0.2059396505355835,0.04903324693441391
1781679244349.2373,-9.63012981414795,0.2059396505355835,0.04903324693441391
1781679244365.2227,-9.63012981414795,0.2059396505355835,0.04903324693441391
1781679244381.2092,-9.63012981414795,0.2059396505355835,0.06864655017852783
1781679244397.1946,-9.63012981414795,0.2059396505355835,0.04903324693441391
1781679244413.1829,-9.64974308013916,0.2059396505355835,0.04903324693441391
1781679244429.1682,-9.63012981414795,0.2059396505355835,0.04903324693441391
1781679244445.1555,-9.63012981414795,0.2059396505355835,0.06864655017852783
1781679244461.142,-9.63012981414795,0.2059396505355835,0.06864655017852783
1781679244477.1294,-9.64974308013916,0.2059396505355835,0.04903324693441391
1781679244493.1157,-9.63012981414795,0.2059396505355835,0.04903324693441391
1781679244509.101,-9.63012981414795,0.2059396505355835,0.029419949278235435
1781679244525.0884,-9.63012981414795,0.2059396505355835,0.06864655017852783
1781679244541.0757,-9.63012981414795,0.2059396505355835,0.06864655017852783
1781679244557.0623,-9.63012981414795,0.22555294632911682,0.04903324693441391
1781679244573.0476,-9.64974308013916,0.2059396505355835,0.04903324693441391
1781679244589.035,-9.64974308013916,0.2059396505355835,0.04903324693441391
1781679244605.0222,-9.64974308013916,0.2059396505355835,0.04903324693441391
1781679244621.0095,-9.63012981414795,0.2059396505355835,0.029419949278235435
1781679244636.9978,-9.63012981414795,0.2059396505355835,0.04903324693441391
1781679244652.9854,-9.63012981414795,0.2059396505355835,0.04903324693441391
1781679244668.9746,-9.63012981414795,0.2059396505355835,0.04903324693441391
1781679244684.962,-9.64974308013916,0.2059396505355835,0.06864655017852783
1781679244700.9502,-9.63012981414795,0.2059396505355835,0.04903324693441391
1781679244716.9397,-9.64974308013916,0.2059396505355835,0.06864655017852783
1781679244732.928,-9.63012981414795,0.22555294632911682,0.06864655017852783
1781679244748.9143,-9.63012981414795,0.22555294632911682,0.06864655017852783
1781679244764.9016,-9.64974308013916,0.18632633984088898,0.04903324693441391
1781679244780.888,-9.63012981414795,0.2059396505355835,0.029419949278235435
1781679244796.8752,-9.63012981414795,0.18632633984088898,0.04903324693441391
1781679244812.8635,-9.64974308013916,0.2059396505355835,0.04903324693441391
1781679244828.8499,-9.63012981414795,0.2059396505355835,0.04903324693441391
1781679244844.8362,-9.63012981414795,0.18632633984088898,0.04903324693441391
1781679244860.8225,-9.63012981414795,0.2059396505355835,0.029419949278235435
1781679244876.8108,-9.63012981414795,0.2059396505355835,0.04903324693441391
1781679244892.797,-9.64974308013916,0.2059396505355835,0.029419949278235435
1781679244908.7844,-9.63012981414795,0.22555294632911682,0.06864655017852783
1781679244924.7708,-9.63012981414795,0.2059396505355835,0.04903324693441391
1781679244940.7593,-9.63012981414795,0.18632633984088898,0.04903324693441391
1781679244956.7454,-9.63012981414795,0.2059396505355835,0.06864655017852783
1781679244972.7317,-9.63012981414795,0.2059396505355835,0.04903324693441391
1781679244988.718,-9.610516548156738,0.2059396505355835,0.06864655017852783
1781679245004.7034,-9.63012981414795,0.22555294632911682,0.04903324693441391
1781679245020.6897,-9.63012981414795,0.2059396505355835,0.04903324693441391
1781679245036.675,-9.64974308013916,0.22555294632911682,0.06864655017852783
1781679245052.6624,-9.63012981414795,0.22555294632911682,0.06864655017852783
1781679245068.6487,-9.64974308013916,0.18632633984088898,0.029419949278235435
1781679245084.6338,-9.63012981414795,0.2059396505355835,0.04903324693441391
1781679245100.62,-9.64974308013916,0.2059396505355835,0.06864655017852783
1781679245116.6062,-9.64974308013916,0.2059396505355835,0.04903324693441391
1781679245132.5925,-9.63012981414795,0.2059396505355835,0.029419949278235435
1781679245148.5786,-9.63012981414795,0.2059396505355835,0.04903324693441391
1781679245164.5647,-9.64974308013916,0.22555294632911682,0.04903324693441391
1781679245180.552,-9.63012981414795,0.22555294632911682,0.06864655017852783
1781679245196.54,-9.63012981414795,0.2059396505355835,0.04903324693441391
1781679245212.5264,-9.63012981414795,0.2059396505355835,0.009806649759411812
1781679245228.5134,-9.610516548156738,0.2059396505355835,0.04903324693441391
1781679245244.4995,-9.63012981414795,0.2059396505355835,0.06864655017852783
1781679245260.4849,-9.63012981414795,0.2059396505355835,0.06864655017852783
1781679245276.471,-9.63012981414795,0.2059396505355835,0.009806649759411812
1781679245292.456,-9.64974308013916,0.22555294632911682,0.04903324693441391
1781679245308.4424,-9.64974308013916,0.2059396505355835,0.04903324693441391
1781679245324.4275,-9.63012981414795,0.2059396505355835,0.06864655017852783
1781679245340.4136,-9.64974308013916,0.2059396505355835,0.06864655017852783
1781679245356.3997,-9.63012981414795,0.2059396505355835,0.029419949278235435
1781679245372.3838,-9.63012981414795,0.22555294632911682,0.04903324693441391
1781679245388.369,-9.63012981414795,0.2059396505355835,0.029419949278235435
1781679245404.3542,-9.64974308013916,0.2059396505355835,0.04903324693441391
1781679245420.3413,-9.63012981414795,0.2059396505355835,0.04903324693441391
1781679245436.3274,-9.610516548156738,0.18632633984088898,0.08825984597206116
1781679245452.3135,-9.63012981414795,0.22555294632911682,0.04903324693441391
1781679245468.3008,-9.63012981414795,0.18632633984088898,0.04903324693441391
1781679245484.2869,-9.63012981414795,0.18632633984088898,0.04903324693441391
1781679245500.275,-9.64974308013916,0.2059396505355835,0.06864655017852783
1781679245516.2622,-9.63012981414795,0.2059396505355835,0.06864655017852783
1781679245532.2493,-9.63012981414795,0.2059396505355835,0.029419949278235435
1781679245548.2354,-9.63012981414795,0.2059396505355835,0.029419949278235435
1781679245564.2214,-9.63012981414795,0.18632633984088898,0.029419949278235435
1781679245580.2065,-9.64974308013916,0.2059396505355835,0.06864655017852783
1781679245596.1917,-9.64974308013916,0.2059396505355835,0.04903324693441391
1781679245612.1768,-9.64974308013916,0.2059396505355835,0.04903324693441391
1781679245628.1619,-9.63012981414795,0.2059396505355835,0.04903324693441391
1781679245644.148,-9.63012981414795,0.22555294632911682,0.04903324693441391
1781679245660.1343,-9.63012981414795,0.2059396505355835,0.06864655017852783
1781679245676.1194,-9.64974308013916,0.2059396505355835,0.04903324693441391
1781679245692.1055,-9.63012981414795,0.2059396505355835,0.04903324693441391
1781679245708.0906,-9.64974308013916,0.2059396505355835,0.04903324693441391
1781679245724.0747,-9.63012981414795,0.2059396505355835,0.04903324693441391
1781679245740.0596,-9.64974308013916,0.2059396505355835,0.06864655017852783
1781679245756.0447,-9.64974308013916,0.2059396505355835,0.029419949278235435
1781679245772.0288,-9.63012981414795,0.2059396505355835,0.029419949278235435
1781679245788.014,-9.64974308013916,0.2059396505355835,0.04903324693441391
1781679245803.999,-9.63012981414795,0.2059396505355835,0.06864655017852783
1781679245819.985,-9.64974308013916,0.2059396505355835,0.04903324693441391
1781679245835.9712,-9.64974308013916,0.2059396505355835,0.029419949278235435
1781679245851.9573,-9.63012981414795,0.2059396505355835,0.06864655017852783
1781679245867.9443,-9.64974308013916,0.2059396505355835,0.04903324693441391
1781679245883.9304,-9.63012981414795,0.2059396505355835,0.08825984597206116
1781679245899.9165,-9.63012981414795,0.18632633984088898,0.04903324693441391
1781679245915.9026,-9.64974308013916,0.2059396505355835,0.04903324693441391
1781679245931.8896,-9.63012981414795,0.2059396505355835,0.04903324693441391
1781679245947.8738,-9.63012981414795,0.2059396505355835,0.06864655017852783
1781679245963.859,-9.64974308013916,0.2059396505355835,0.04903324693441391
1781679245979.844,-9.63012981414795,0.18632633984088898,0.04903324693441391
1781679245995.828,-9.63012981414795,0.2059396505355835,0.06864655017852783
1781679246011.813,-9.64974308013916,0.22555294632911682,0.08825984597206116
1781679246027.798,-9.63012981414795,0.2059396505355835,0.06864655017852783
1781679246043.7822,-9.64974308013916,0.16671304404735565,0.029419949278235435
1781679246059.766,-9.63012981414795,0.2059396505355835,0.04903324693441391
1781679246075.7524,-9.63012981414795,0.22555294632911682,0.06864655017852783
1781679246091.7388,-9.610516548156738,0.22555294632911682,0.08825984597206116
1781679246107.723,-9.63012981414795,0.2059396505355835,0.04903324693441391
1781679246123.7092,-9.63012981414795,0.22555294632911682,0.04903324693441391
1781679246139.6956,-9.64974308013916,0.2059396505355835,0.06864655017852783
1781679246155.6807,-9.63012981414795,0.2059396505355835,0.06864655017852783
1781679246171.666,-9.63012981414795,0.2059396505355835,0.04903324693441391
1781679246187.6514,-9.63012981414795,0.2059396505355835,0.04903324693441391
1781679246203.6384,-9.64974308013916,0.2059396505355835,0.04903324693441391
1781679246219.6248,-9.63012981414795,0.2059396505355835,0.04903324693441391
1781679246235.61,-9.63012981414795,0.2059396505355835,0.06864655017852783
1781679246251.5952,-9.63012981414795,0.2059396505355835,0.009806649759411812
1781679246267.5815,-9.64974308013916,0.22555294632911682,0.04903324693441391
1781679246283.5698,-9.63012981414795,0.2059396505355835,0.04903324693441391
1781679246299.556,-9.63012981414795,0.18632633984088898,0.029419949278235435
1781679246315.5413,-9.64974308013916,0.2059396505355835,0.04903324693441391
1781679246331.5264,-9.63012981414795,0.2059396505355835,0.04903324693441391
1781679246347.5117,-9.63012981414795,0.2059396505355835,0.029419949278235435
1781679246363.4978,-9.64974308013916,0.22555294632911682,0.08825984597206116
1781679246379.4841,-9.63012981414795,0.2059396505355835,0.04903324693441391
1781679246395.4695,-9.63012981414795,0.2059396505355835,0.029419949278235435
1781679246411.4556,-9.63012981414795,0.2059396505355835,0.029419949278235435
1781679246427.4397,-9.64974308013916,0.2059396505355835,0.06864655017852783
1781679246443.426,-9.63012981414795,0.2059396505355835,0.04903324693441391
1781679246459.4111,-9.63012981414795,0.22555294632911682,0.04903324693441391
1781679246475.3955,-9.63012981414795,0.2059396505355835,0.029419949278235435
1781679246491.3806,-9.64974308013916,0.2059396505355835,0.06864655017852783
1781679246507.366,-9.63012981414795,0.2059396505355835,0.04903324693441391
1781679246523.35,-9.63012981414795,0.2059396505355835,0.04903324693441391
1781679246539.3352,-9.63012981414795,0.2059396505355835,0.04903324693441391
1781679246555.3206,-9.64974308013916,0.2059396505355835,0.04903324693441391
1781679246571.3057,-9.63012981414795,0.2059396505355835,0.04903324693441391
1781679246587.293,-9.64974308013916,0.22555294632911682,0.06864655017852783
1781679246603.278,-9.63012981414795,0.2059396505355835,0.04903324693441391
1781679246619.2664,-9.64974308013916,0.18632633984088898,0.04903324693441391
1781679246635.2515,-9.63012981414795,0.2059396505355835,0.029419949278235435
1781679246651.2375,-9.64974308013916,0.2059396505355835,0.04903324693441391
1781679246667.223,-9.63012981414795,0.2059396505355835,0.04903324693441391
1781679246683.208,-9.63012981414795,0.2059396505355835,0.04903324693441391
1781679246699.193,-9.63012981414795,0.18632633984088898,0.06864655017852783
1781679246715.1785,-9.63012981414795,0.22555294632911682,0.06864655017852783
1781679246731.1636,-9.64974308013916,0.2059396505355835,0.08825984597206116
1781679246747.1506,-9.64974308013916,0.2059396505355835,0.06864655017852783
1781679246763.137,-9.63012981414795,0.2059396505355835,0.04903324693441391
1781679246779.124,-9.63012981414795,0.2059396505355835,0.06864655017852783
1781679246795.111,-9.63012981414795,0.18632633984088898,0.04903324693441391
1781679246811.0984,-9.63012981414795,0.2059396505355835,0.04903324693441391
1781679246827.0854,-9.63012981414795,0.22555294632911682,0.06864655017852783
1781679246843.0737,-9.64974308013916,0.18632633984088898,0.04903324693441391
1781679246859.0598,-9.63012981414795,0.2059396505355835,0.06864655017852783
1781679246875.046,-9.64974308013916,0.2059396505355835,0.04903324693441391
1781679246891.0332,-9.64974308013916,0.2059396505355835,0.04903324693441391
1781679246907.0212,-9.63012981414795,0.2059396505355835,0.08825984597206116
1781679246923.0073,-9.63012981414795,0.2059396505355835,0.04903324693441391
1781679246938.9946,-9.63012981414795,0.2059396505355835,0.029419949278235435
1781679246954.9797,-9.64974308013916,0.2059396505355835,0.029419949278235435
1781679246970.9678,-9.63012981414795,0.22555294632911682,0.04903324693441391
1781679246986.956,-9.63012981414795,0.2059396505355835,0.04903324693441391
1781679247002.945,-9.63012981414795,0.2059396505355835,0.029419949278235435
1781679247018.9321,-9.63012981414795,0.18632633984088898,0.04903324693441391
1781679247034.9214,-9.63012981414795,0.2059396505355835,0.04903324693441391
1781679247050.9094,-9.64974308013916,0.2059396505355835,0.04903324693441391
1781679247066.8955,-9.63012981414795,0.2059396505355835,0.029419949278235435
1781679247082.884,-9.63012981414795,0.2059396505355835,0.029419949278235435
1781679247098.8713,-9.64974308013916,0.2059396505355835,0.04903324693441391
1781679247114.8577,-9.610516548156738,0.18632633984088898,0.04903324693441391
1781679247130.843,-9.64974308013916,0.18632633984088898,0.04903324693441391
1781679247146.8284,-9.63012981414795,0.2059396505355835,0.04903324693441391
1781679247162.816,-9.64974308013916,0.18632633984088898,0.029419949278235435
1781679247178.8032,-9.63012981414795,0.22555294632911682,0.04903324693441391
1781679247194.7905,-9.64974308013916,0.18632633984088898,0.06864655017852783
1781679247210.7769,-9.63012981414795,0.2059396505355835,0.04903324693441391
1781679247226.7642,-9.63012981414795,0.2059396505355835,0.04903324693441391
1781679247242.7517,-9.63012981414795,0.2059396505355835,0.04903324693441391
1781679247258.739,-9.63012981414795,0.2059396505355835,0.06864655017852783
1781679247274.7263,-9.64974308013916,0.22555294632911682,0.06864655017852783
1781679247290.7136,-9.63012981414795,0.2059396505355835,0.029419949278235435
1781679247306.7,-9.63012981414795,0.2059396505355835,0.06864655017852783
1781679247322.6865,-9.63012981414795,0.2059396505355835,0.06864655017852783
1781679247338.6738,-9.63012981414795,0.2059396505355835,0.06864655017852783
1781679247354.6602,-9.63012981414795,0.22555294632911682,0.04903324693441391
1781679247370.6455,-9.64974308013916,0.2059396505355835,0.029419949278235435
1781679247386.6309,-9.64974308013916,0.2059396505355835,0.04903324693441391
1781679247402.6182,-9.63012981414795,0.22555294632911682,0.04903324693441391
1781679247418.6045,-9.63012981414795,0.2059396505355835,0.06864655017852783
1781679247434.5908,-9.63012981414795,0.2059396505355835,0.04903324693441391
1781679247450.5771,-9.64974308013916,0.2059396505355835,0.04903324693441391
1781679247466.5635,-9.64974308013916,0.18632633984088898,0.029419949278235435
1781679247482.5498,-9.610516548156738,0.2059396505355835,0.04903324693441391
1781679247498.537,-9.64974308013916,0.2059396505355835,0.04903324693441391
1781679247514.5225,-9.64974308013916,0.2059396505355835,0.04903324693441391
1781679247530.5088,-9.610516548156738,0.22555294632911682,0.04903324693441391
1781679247546.495,-9.63012981414795,0.2059396505355835,0.04903324693441391
1781679247562.4814,-9.63012981414795,0.2059396505355835,0.06864655017852783
1781679247578.4668,-9.63012981414795,0.22555294632911682,0.029419949278235435
1781679247594.4521,-9.63012981414795,0.2059396505355835,0.029419949278235435
1781679247610.4375,-9.63012981414795,0.22555294632911682,0.06864655017852783
1781679247626.4248,-9.63012981414795,0.2059396505355835,0.06864655017852783
1781679247642.4111,-9.63012981414795,0.2059396505355835,0.06864655017852783
1781679247658.3965,-9.64974308013916,0.18632633984088898,0.04903324693441391
1781679247674.3828,-9.64974308013916,0.2059396505355835,0.04903324693441391
1781679247690.3691,-9.63012981414795,0.2059396505355835,0.04903324693441391
1781679247706.3552,-9.63012981414795,0.2059396505355835,0.06864655017852783
1781679247722.3406,-9.63012981414795,0.2059396505355835,0.04903324693441391
1781679247738.326,-9.64974308013916,0.2059396505355835,0.04903324693441391
1781679247754.3123,-9.63012981414795,0.2059396505355835,0.06864655017852783
1781679247770.2986,-9.63012981414795,0.2059396505355835,0.06864655017852783
1781679247786.284,-9.63012981414795,0.2059396505355835,0.06864655017852783
1781679247802.269,-9.64974308013916,0.2059396505355835,0.029419949278235435
1781679247818.2544,-9.63012981414795,0.22555294632911682,0.029419949278235435
1781679247834.2407,-9.63012981414795,0.2059396505355835,0.04903324693441391
1781679247850.226,-9.63012981414795,0.22555294632911682,0.08825984597206116
1781679247866.2124,-9.64974308013916,0.22555294632911682,0.06864655017852783
1781679247882.1997,-9.63012981414795,0.2059396505355835,0.04903324693441391
1781679247898.1848,-9.64974308013916,0.2059396505355835,0.06864655017852783
1781679247914.172,-9.610516548156738,0.2059396505355835,0.04903324693441391
1781679247930.1565,-9.64974308013916,0.2059396505355835,0.04903324693441391
1781679247946.1409,-9.63012981414795,0.2059396505355835,0.06864655017852783
1781679247962.126,-9.64974308013916,0.18632633984088898,0.04903324693441391
1781679247978.1113,-9.63012981414795,0.2059396505355835,0.04903324693441391
1781679247994.0977,-9.63012981414795,0.2059396505355835,0.06864655017852783
1781679248010.083,-9.63012981414795,0.2059396505355835,0.04903324693441391
1781679248026.068,-9.63012981414795,0.2059396505355835,0.029419949278235435
1781679248042.0525,-9.63012981414795,0.2059396505355835,0.04903324693441391
1781679248058.0378,-9.64974308013916,0.2059396505355835,0.04903324693441391
1781679248074.023,-9.63012981414795,0.2059396505355835,0.06864655017852783
1781679248090.0078,-9.63012981414795,0.2059396505355835,0.04903324693441391
1781679248105.9956,-9.63012981414795,0.2059396505355835,0.029419949278235435
1781679248121.9817,-9.63012981414795,0.2059396505355835,0.04903324693441391
1781679248137.9685,-9.64974308013916,0.22555294632911682,0.04903324693441391
1781679248153.9543,-9.63012981414795,0.2059396505355835,0.06864655017852783
1781679248169.9412,-9.63012981414795,0.2059396505355835,0.04903324693441391
1781679248185.927,-9.64974308013916,0.2059396505355835,0.06864655017852783
1781679248201.9128,-9.64974308013916,0.2059396505355835,0.029419949278235435
1781679248217.9019,-9.63012981414795,0.22555294632911682,0.06864655017852783
1781679248233.8896,-9.64974308013916,0.22555294632911682,0.08825984597206116
1781679248249.8784,-9.63012981414795,0.2059396505355835,0.029419949278235435
1781679248265.8655,-9.64974308013916,0.2059396505355835,0.04903324693441391
1781679248281.8542,-9.63012981414795,0.2059396505355835,0.04903324693441391
1781679248297.841,-9.63012981414795,0.22555294632911682,0.04903324693441391
1781679248313.8271,-9.63012981414795,0.2059396505355835,0.06864655017852783
1781679248329.814,-9.64974308013916,0.2059396505355835,0.04903324693441391
1781679248345.7998,-9.63012981414795,0.2059396505355835,0.029419949278235435
1781679248361.7866,-9.64974308013916,0.2059396505355835,0.04903324693441391
1781679248377.7725,-9.64974308013916,0.2059396505355835,0.08825984597206116
1781679248393.7585,-9.63012981414795,0.2059396505355835,0.04903324693441391
1781679248409.7444,-9.63012981414795,0.2059396505355835,0.029419949278235435
1781679248425.7312,-9.63012981414795,0.2059396505355835,0.06864655017852783
1781679248441.717,-9.64974308013916,0.2059396505355835,0.06864655017852783
1781679248457.704,-9.63012981414795,0.2059396505355835,0.06864655017852783
1781679248473.691,-9.63012981414795,0.2059396505355835,0.04903324693441391
1781679248489.6768,-9.63012981414795,0.22555294632911682,0.029419949278235435
1781679248505.6638,-9.64974308013916,0.2059396505355835,0.06864655017852783
1781679248521.6506,-9.63012981414795,0.2059396505355835,0.04903324693441391
1781679248537.6365,-9.63012981414795,0.2059396505355835,0.06864655017852783
1781679248553.6233,-9.63012981414795,0.18632633984088898,0.04903324693441391
1781679248569.6094,-9.64974308013916,0.2059396505355835,0.04903324693441391
1781679248585.5952,-9.63012981414795,0.2059396505355835,0.04903324693441391
1781679248601.581,-9.64974308013916,0.2059396505355835,0.04903324693441391
1781679248617.568,-9.63012981414795,0.2059396505355835,0.029419949278235435
1781679248633.557,-9.64974308013916,0.2059396505355835,0.029419949278235435
1781679248649.544,-9.64974308013916,0.2059396505355835,0.06864655017852783
1781679248665.5317,-9.63012981414795,0.2059396505355835,0.04903324693441391
1781679248681.5198,-9.63012981414795,0.2059396505355835,0.04903324693441391
1781679248697.5076,-9.64974308013916,0.2059396505355835,0.04903324693441391
1781679248713.4976,-9.64974308013916,0.2059396505355835,0.06864655017852783
1781679248729.4863,-9.63012981414795,0.2059396505355835,0.08825984597206116
1781679248745.4724,-9.63012981414795,0.2059396505355835,0.04903324693441391
1781679248761.4583,-9.64974308013916,0.2059396505355835,0.029419949278235435
1781679248777.4473,-9.63012981414795,0.18632633984088898,0.04903324693441391
1781679248793.435,-9.63012981414795,0.2059396505355835,0.04903324693441391
1781679248809.4211,-9.64974308013916,0.2059396505355835,0.06864655017852783
1781679248825.408,-9.610516548156738,0.2059396505355835,0.04903324693441391
1781679248841.3948,-9.64974308013916,0.2059396505355835,0.04903324693441391
1781679248857.3809,-9.63012981414795,0.18632633984088898,0.06864655017852783
1781679248873.3687,-9.63012981414795,0.22555294632911682,0.04903324693441391
1781679248889.3567,-9.63012981414795,0.2059396505355835,0.029419949278235435
1781679248905.3445,-9.63012981414795,0.18632633984088898,0.04903324693441391
1781679248921.3306,-9.63012981414795,0.22555294632911682,0.06864655017852783
1781679248937.3164,-9.64974308013916,0.2059396505355835,0.029419949278235435
1781679248953.3035,-9.64974308013916,0.2059396505355835,0.04903324693441391
1781679248969.2903,-9.63012981414795,0.2059396505355835,0.04903324693441391
1781679248985.2773,-9.63012981414795,0.2059396505355835,0.06864655017852783
1781679249001.2632,-9.63012981414795,0.22555294632911682,0.04903324693441391
1781679249017.2493,-9.63012981414795,0.2059396505355835,0.04903324693441391
1781679249033.237,-9.64974308013916,0.22555294632911682,0.04903324693441391
1781679249049.2231,-9.63012981414795,0.2059396505355835,0.04903324693441391
1781679249065.211,-9.64974308013916,0.2059396505355835,0.04903324693441391
1781679249081.198,-9.63012981414795,0.2059396505355835,0.04903324693441391
1781679249097.1848,-9.63012981414795,0.2059396505355835,0.04903324693441391
1781679249113.1726,-9.64974308013916,0.2059396505355835,0.04903324693441391
1781679249129.1597,-9.63012981414795,0.2059396505355835,0.04903324693441391
1781679249145.1475,-9.63012981414795,0.22555294632911682,0.04903324693441391
1781679249161.1353,-9.64974308013916,0.2059396505355835,0.029419949278235435
1781679249177.1213,-9.64974308013916,0.2059396505355835,0.06864655017852783
1781679249193.1082,-9.63012981414795,0.2059396505355835,0.06864655017852783
1781679249209.097,-9.63012981414795,0.22555294632911682,0.04903324693441391
1781679249225.083,-9.63012981414795,0.2059396505355835,0.029419949278235435
1781679249241.0698,-9.64974308013916,0.2059396505355835,0.029419949278235435
1781679249257.0566,-9.63012981414795,0.22555294632911682,0.04903324693441391
1781679249273.0447,-9.64974308013916,0.2059396505355835,0.06864655017852783
1781679249289.0315,-9.63012981414795,0.2059396505355835,0.04903324693441391
1781679249305.0195,-9.64974308013916,0.2059396505355835,0.029419949278235435
1781679249321.0073,-9.63012981414795,0.2059396505355835,0.04903324693441391
1781679249336.9944,-9.64974308013916,0.2059396505355835,0.06864655017852783
1781679249352.9812,-9.63012981414795,0.2059396505355835,0.08825984597206116
1781679249368.967,-9.64974308013916,0.2059396505355835,0.029419949278235435
1781679249384.955,-9.64974308013916,0.22555294632911682,0.04903324693441391
1781679249400.942,-9.63012981414795,0.2059396505355835,0.04903324693441391
1781679249416.93,-9.63012981414795,0.2059396505355835,0.06864655017852783
1781679249432.9167,-9.63012981414795,0.18632633984088898,0.04903324693441391
1781679249448.9048,-9.64974308013916,0.2059396505355835,0.029419949278235435
1781679249464.8926,-9.63012981414795,0.2059396505355835,0.06864655017852783
1781679249480.8806,-9.64974308013916,0.2059396505355835,0.04903324693441391
1781679249496.8674,-9.63012981414795,0.2059396505355835,0.06864655017852783
1781679249512.8564,-9.669356346130371,0.2059396505355835,0.04903324693441391
1781679249528.8445,-9.63012981414795,0.2059396505355835,0.04903324693441391
1781679249544.8313,-9.64974308013916,0.2059396505355835,0.06864655017852783
1781679249560.8184,-9.63012981414795,0.2059396505355835,0.04903324693441391
1781679249576.8062,-9.63012981414795,0.2059396505355835,0.029419949278235435
1781679249592.7932,-9.64974308013916,0.2059396505355835,0.029419949278235435
1781679249608.779,-9.63012981414795,0.2059396505355835,0.04903324693441391
1781679249624.7651,-9.63012981414795,0.2059396505355835,0.04903324693441391
1781679249640.753,-9.63012981414795,0.2059396505355835,0.04903324693441391
1781679249656.738,-9.64974308013916,0.2059396505355835,0.029419949278235435
1781679249672.7249,-9.63012981414795,0.2059396505355835,0.04903324693441391
1781679249688.711,-9.64974308013916,0.2059396505355835,0.06864655017852783
1781679249704.6968,-9.63012981414795,0.22555294632911682,0.04903324693441391
1781679249720.6848,-9.63012981414795,0.2059396505355835,0.04903324693441391
1781679249736.6726,-9.64974308013916,0.2059396505355835,0.04903324693441391
1781679249752.6597,-9.63012981414795,0.2059396505355835,0.04903324693441391
1781679249768.6477,-9.63012981414795,0.2059396505355835,0.06864655017852783
1781679249784.6367,-9.64974308013916,0.2059396505355835,0.04903324693441391
1781679249800.6226,-9.63012981414795,0.2059396505355835,0.029419949278235435
1781679249816.6086,-9.64974308013916,0.2059396505355835,0.06864655017852783
1781679249832.5935,-9.63012981414795,0.2059396505355835,0.04903324693441391
1781679249848.5786,-9.64974308013916,0.2059396505355835,0.06864655017852783
1781679249864.5635,-9.63012981414795,0.2059396505355835,0.06864655017852783
1781679249880.5483,-9.64974308013916,0.2059396505355835,0.06864655017852783
1781679249896.5344,-9.63012981414795,0.22555294632911682,0.04903324693441391
1781679249912.5205,-9.64974308013916,0.2059396505355835,0.06864655017852783
1781679249928.5063,-9.63012981414795,0.2059396505355835,0.029419949278235435
1781679249944.4924,-9.64974308013916,0.2059396505355835,0.029419949278235435
1781679249960.4792,-9.63012981414795,0.2059396505355835,0.029419949278235435
1781679249976.4653,-9.63012981414795,0.22555294632911682,0.04903324693441391
1781679249992.4524,-9.64974308013916,0.2059396505355835,0.06864655017852783
1781679250008.4395,-9.63012981414795,0.2059396505355835,0.04903324693441391
1781679250024.4263,-9.64974308013916,0.2059396505355835,0.04903324693441391
1781679250040.4124,-9.64974308013916,0.2059396505355835,0.08825984597206116
1781679250056.3984,-9.63012981414795,0.2059396505355835,0.04903324693441391
1781679250072.3853,-9.63012981414795,0.22555294632911682,0.029419949278235435
1781679250088.37,-9.64974308013916,0.2059396505355835,0.04903324693441391
1781679250104.3577,-9.63012981414795,0.18632633984088898,0.04903324693441391
1781679250120.3445,-9.64974308013916,0.2059396505355835,0.06864655017852783
1781679250136.33,-9.64974308013916,0.2059396505355835,0.04903324693441391
1781679250152.3176,-9.63012981414795,0.22555294632911682,0.029419949278235435
1781679250168.3042,-9.63012981414795,0.22555294632911682,0.04903324693441391
1781679250184.2888,-9.64974308013916,0.2059396505355835,0.029419949278235435
1781679250200.2747,-9.64974308013916,0.22555294632911682,0.04903324693441391
1781679250216.2603,-9.63012981414795,0.2059396505355835,0.04903324693441391
1781679250232.2478,-9.64974308013916,0.18632633984088898,0.04903324693441391
1781679250248.2356,-9.63012981414795,0.2059396505355835,0.06864655017852783
1781679250264.2231,-9.64974308013916,0.2059396505355835,0.06864655017852783
1781679250280.2107,-9.63012981414795,0.2059396505355835,0.04903324693441391
1781679250296.1975,-9.64974308013916,0.22555294632911682,0.029419949278235435
1781679250312.185,-9.63012981414795,0.2059396505355835,0.06864655017852783
1781679250328.1716,-9.63012981414795,0.2059396505355835,0.04903324693441391
1781679250344.1572,-9.63012981414795,0.2059396505355835,0.04903324693441391
1781679250360.1418,-9.63012981414795,0.2059396505355835,0.08825984597206116
1781679250376.1306,-9.64974308013916,0.2059396505355835,0.04903324693441391
1781679250392.1172,-9.63012981414795,0.2059396505355835,0.04903324693441391
1781679250408.1038,-9.610516548156738,0.18632633984088898,0.04903324693441391
1781679250424.0935,-9.63012981414795,0.2059396505355835,0.04903324693441391
1781679250440.082,-9.63012981414795,0.2059396505355835,0.06864655017852783
1781679250456.0698,-9.63012981414795,0.18632633984088898,0.04903324693441391
1781679250472.0574,-9.64974308013916,0.2059396505355835,0.029419949278235435
1781679250488.044,-9.63012981414795,0.22555294632911682,0.04903324693441391
1781679250504.0295,-9.63012981414795,0.2059396505355835,0.06864655017852783
1781679250520.0164,-9.610516548156738,0.22555294632911682,0.04903324693441391
1781679250536.004,-9.64974308013916,0.2059396505355835,0.06864655017852783
1781679250551.9895,-9.63012981414795,0.22555294632911682,0.06864655017852783
1781679250567.977,-9.63012981414795,0.2059396505355835,0.06864655017852783
1781679250583.9639,-9.63012981414795,0.2059396505355835,0.06864655017852783
1781679250599.9504,-9.64974308013916,0.2059396505355835,0.04903324693441391
1781679250615.938,-9.63012981414795,0.22555294632911682,0.04903324693441391
1781679250631.9246,-9.64974308013916,0.2059396505355835,0.04903324693441391
1781679250647.9114,-9.63012981414795,0.2059396505355835,0.029419949278235435
1781679250663.898,-9.64974308013916,0.2059396505355835,0.04903324693441391
1781679250679.8845,-9.63012981414795,0.2059396505355835,0.04903324693441391
1781679250695.872,-9.64974308013916,0.22555294632911682,0.04903324693441391
1781679250711.8586,-9.63012981414795,0.2059396505355835,0.06864655017852783
1781679250727.8464,-9.63012981414795,0.2059396505355835,0.04903324693441391
1781679250743.833,-9.610516548156738,0.2059396505355835,0.04903324693441391
1781679250759.8206,-9.64974308013916,0.2059396505355835,0.06864655017852783
1781679250775.808,-9.63012981414795,0.2059396505355835,0.06864655017852783
1781679250791.796,-9.64974308013916,0.22555294632911682,0.04903324693441391
1781679250807.7815,-9.63012981414795,0.2059396505355835,0.06864655017852783
1781679250823.769,-9.64974308013916,0.2059396505355835,0.04903324693441391
1781679250839.7566,-9.64974308013916,0.22555294632911682,0.04903324693441391
1781679250855.7434,-9.63012981414795,0.22555294632911682,0.04903324693441391
1781679250871.731,-9.64974308013916,0.22555294632911682,0.04903324693441391
1781679250887.7185,-9.64974308013916,0.2059396505355835,0.06864655017852783
1781679250903.705,-9.64974308013916,0.2059396505355835,0.04903324693441391
1781679250919.6926,-9.63012981414795,0.18632633984088898,0.029419949278235435
1781679250935.6794,-9.64974308013916,0.2059396505355835,0.04903324693441391
1781679250951.665,-9.63012981414795,0.2059396505355835,0.04903324693441391
1781679250967.6536,-9.63012981414795,0.2059396505355835,0.029419949278235435
1781679250983.642,-9.64974308013916,0.22555294632911682,0.04903324693441391
1781679250999.6309,-9.63012981414795,0.2059396505355835,0.04903324693441391
1781679251015.6184,-9.63012981414795,0.2059396505355835,0.06864655017852783
1781679251031.607,-9.63012981414795,0.2059396505355835,0.04903324693441391
1781679251047.5967,-9.63012981414795,0.2059396505355835,0.06864655017852783
1781679251063.5862,-9.63012981414795,0.22555294632911682,0.04903324693441391
1781679251079.5747,-9.64974308013916,0.2059396505355835,0.04903324693441391
1781679251095.5635,-9.63012981414795,0.2059396505355835,0.04903324693441391
1781679251111.5522,-9.63012981414795,0.2059396505355835,0.06864655017852783
1781679251127.5408,-9.63012981414795,0.2059396505355835,0.04903324693441391
1781679251143.5315,-9.63012981414795,0.2059396505355835,0.029419949278235435
1781679251159.5212,-9.63012981414795,0.2059396505355835,0.04903324693441391
1781679251175.5088,-9.64974308013916,0.2059396505355835,0.04903324693441391
1781679251191.4954,-9.63012981414795,0.2059396505355835,0.04903324693441391
1781679251207.4841,-9.64974308013916,0.2059396505355835,0.04903324693441391
1781679251223.4727,-9.63012981414795,0.18632633984088898,0.04903324693441391
1781679251239.4614,-9.63012981414795,0.2059396505355835,0.08825984597206116
1781679251255.449,-9.64974308013916,0.2059396505355835,0.04903324693441391
1781679251271.4377,-9.63012981414795,0.2059396505355835,0.04903324693441391
1781679251287.4253,-9.63012981414795,0.2059396505355835,0.04903324693441391
1781679251303.412,-9.63012981414795,0.2059396505355835,0.06864655017852783
1781679251319.3987,-9.63012981414795,0.18632633984088898,0.04903324693441391
1781679251335.3843,-9.63012981414795,0.2059396505355835,0.06864655017852783
1781679251351.372,-9.64974308013916,0.2059396505355835,0.06864655017852783
1781679251367.3606,-9.63012981414795,0.2059396505355835,0.04903324693441391
1781679251383.3472,-9.64974308013916,0.2059396505355835,0.06864655017852783
1781679251399.335,-9.64974308013916,0.2059396505355835,0.04903324693441391
1781679251415.3215,-9.63012981414795,0.2059396505355835,0.04903324693441391
1781679251431.3103,-9.63012981414795,0.22555294632911682,0.029419949278235435
1781679251447.2969,-9.64974308013916,0.2059396505355835,0.04903324693441391
1781679251463.2825,-9.63012981414795,0.22555294632911682,0.06864655017852783
1781679251479.2703,-9.63012981414795,0.22555294632911682,0.04903324693441391
1781679251495.2568,-9.63012981414795,0.2059396505355835,0.04903324693441391
1781679251511.2434,-9.63012981414795,0.22555294632911682,0.029419949278235435
1781679251527.2322,-9.63012981414795,0.2059396505355835,0.04903324693441391
1781679251543.2197,-9.64974308013916,0.2059396505355835,0.06864655017852783
1781679251559.2073,-9.63012981414795,0.2059396505355835,0.04903324693441391
1781679251575.195,-9.63012981414795,0.18632633984088898,0.06864655017852783
1781679251591.1816,-9.63012981414795,0.2059396505355835,0.06864655017852783
1781679251607.1694,-9.64974308013916,0.2059396505355835,0.04903324693441391
1781679251623.156,-9.64974308013916,0.22555294632911682,0.06864655017852783
1781679251639.1436,-9.63012981414795,0.2059396505355835,0.029419949278235435
1781679251655.1313,-9.64974308013916,0.2059396505355835,0.04903324693441391
1781679251671.118,-9.64974308013916,0.22555294632911682,0.06864655017852783
1781679251687.1064,-9.63012981414795,0.2059396505355835,0.06864655017852783
1781679251703.0942,-9.64974308013916,0.2059396505355835,0.04903324693441391
1781679251719.0818,-9.63012981414795,0.2059396505355835,0.04903324693441391
1781679251735.0703,-9.64974308013916,0.2059396505355835,0.04903324693441391
1781679251751.06,-9.64974308013916,0.2059396505355835,0.06864655017852783
1781679251767.0486,-9.63012981414795,0.22555294632911682,0.06864655017852783
1781679251783.0364,-9.63012981414795,0.22555294632911682,0.029419949278235435
1781679251799.025,-9.63012981414795,0.2059396505355835,0.04903324693441391
1781679251815.0137,-9.64974308013916,0.2059396505355835,0.04903324693441391
1781679251831.0022,-9.63012981414795,0.2059396505355835,0.06864655017852783
1781679251846.9897,-9.63012981414795,0.2059396505355835,0.06864655017852783
1781679251862.9785,-9.63012981414795,0.2059396505355835,0.04903324693441391
1781679251878.966,-9.63012981414795,0.2059396505355835,0.029419949278235435
1781679251894.9526,-9.63012981414795,0.2059396505355835,0.04903324693441391
1781679251910.9404,-9.63012981414795,0.2059396505355835,0.04903324693441391
1781679251926.926,-9.63012981414795,0.2059396505355835,0.04903324693441391
1781679251942.9136,-9.63012981414795,0.2059396505355835,0.029419949278235435
1781679251958.9011,-9.64974308013916,0.2059396505355835,0.06864655017852783
1781679251974.888,-9.63012981414795,0.2059396505355835,0.06864655017852783
1781679251990.8755,-9.64974308013916,0.22555294632911682,0.06864655017852783
1781679252006.862,-9.63012981414795,0.2059396505355835,0.04903324693441391
1781679252022.8486,-9.64974308013916,0.18632633984088898,0.04903324693441391
1781679252038.8352,-9.63012981414795,0.2059396505355835,0.04903324693441391
1781679252054.823,-9.63012981414795,0.2059396505355835,0.04903324693441391
1781679252070.8086,-9.64974308013916,0.2059396505355835,0.029419949278235435
1781679252086.797,-9.64974308013916,0.2059396505355835,0.029419949278235435
1781679252102.7844,-9.63012981414795,0.2059396505355835,0.04903324693441391
1781679252118.772,-9.63012981414795,0.2059396505355835,0.04903324693441391
1781679252134.7593,-9.64974308013916,0.2059396505355835,0.04903324693441391
1781679252150.7466,-9.63012981414795,0.2059396505355835,0.06864655017852783
1781679252166.7341,-9.63012981414795,0.2059396505355835,0.029419949278235435
1781679252182.7234,-9.63012981414795,0.2059396505355835,0.04903324693441391
1781679252198.713,-9.64974308013916,0.22555294632911682,0.08825984597206116
1781679252214.7002,-9.63012981414795,0.2059396505355835,0.04903324693441391
1781679252230.6875,-9.64974308013916,0.18632633984088898,0.04903324693441391
1781679252246.676,-9.63012981414795,0.2059396505355835,0.04903324693441391
1781679252262.6653,-9.64974308013916,0.18632633984088898,0.04903324693441391
1781679252278.6536,-9.63012981414795,0.22555294632911682,0.06864655017852783
1781679252294.641,-9.64974308013916,0.2059396505355835,0.04903324693441391
1781679252310.6274,-9.63012981414795,0.2059396505355835,0.04903324693441391
1781679252326.6128,-9.64974308013916,0.18632633984088898,0.04903324693441391
1781679252342.6,-9.63012981414795,0.2059396505355835,0.06864655017852783
1781679252358.5874,-9.63012981414795,0.2059396505355835,0.04903324693441391
1781679252374.576,-9.64974308013916,0.22555294632911682,0.04903324693441391
1781679252390.5642,-9.64974308013916,0.2059396505355835,0.04903324693441391
1781679252406.5525,-9.63012981414795,0.22555294632911682,0.06864655017852783
1781679252422.5398,-9.63012981414795,0.22555294632911682,0.08825984597206116
1781679252438.5273,-9.64974308013916,0.2059396505355835,0.04903324693441391
1781679252454.5146,-9.63012981414795,0.2059396505355835,0.04903324693441391
1781679252470.502,-9.63012981414795,0.2059396505355835,0.04903324693441391
1781679252486.4893,-9.64974308013916,0.22555294632911682,0.04903324693441391
1781679252502.4766,-9.64974308013916,0.2059396505355835,0.029419949278235435
1781679252518.465,-9.63012981414795,0.2059396505355835,0.04903324693441391
1781679252534.4534,-9.63012981414795,0.2059396505355835,0.06864655017852783
1781679252550.4397,-9.63012981414795,0.2059396505355835,0.06864655017852783
1781679252566.426,-9.63012981414795,0.18632633984088898,0.029419949278235435
1781679252582.4143,-9.63012981414795,0.2059396505355835,0.04903324693441391
1781679252598.4006,-9.64974308013916,0.2059396505355835,0.06864655017852783
1781679252614.387,-9.63012981414795,0.2059396505355835,0.029419949278235435
1781679252630.3733,-9.64974308013916,0.18632633984088898,0.04903324693441391
1781679252646.3606,-9.63012981414795,0.2059396505355835,0.06864655017852783
1781679252662.348,-9.63012981414795,0.18632633984088898,0.06864655017852783
1781679252678.3352,-9.63012981414795,0.2059396505355835,0.04903324693441391
1781679252694.3228,-9.64974308013916,0.22555294632911682,0.04903324693441391
1781679252710.311,-9.63012981414795,0.2059396505355835,0.04903324693441391
1781679252726.2983,-9.63012981414795,0.2059396505355835,0.04903324693441391
1781679252742.2856,-9.63012981414795,0.22555294632911682,0.029419949278235435
1781679252758.274,-9.64974308013916,0.2059396505355835,0.06864655017852783
1781679252774.2603,-9.63012981414795,0.2059396505355835,0.04903324693441391
1781679252790.2456,-9.63012981414795,0.2059396505355835,0.04903324693441391
1781679252806.232,-9.63012981414795,0.2059396505355835,0.04903324693441391
1781679252822.2183,-9.64974308013916,0.2059396505355835,0.06864655017852783
1781679252838.2043,-9.610516548156738,0.2059396505355835,0.04903324693441391
1781679252854.1907,-9.63012981414795,0.2059396505355835,0.04903324693441391
1781679252870.177,-9.63012981414795,0.22555294632911682,0.04903324693441391
1781679252886.1643,-9.63012981414795,0.22555294632911682,0.04903324693441391
1781679252902.1506,-9.64974308013916,0.2059396505355835,0.06864655017852783
1781679252918.138,-9.64974308013916,0.2059396505355835,0.04903324693441391
1781679252934.1252,-9.64974308013916,0.2059396505355835,0.04903324693441391
1781679252950.1116,-9.63012981414795,0.2059396505355835,0.06864655017852783
1781679252966.0989,-9.63012981414795,0.22555294632911682,0.04903324693441391
1781679252982.0852,-9.63012981414795,0.2059396505355835,0.06864655017852783
1781679252998.0735,-9.64974308013916,0.2059396505355835,0.04903324693441391
1781679253014.0627,-9.63012981414795,0.2059396505355835,0.04903324693441391
1781679253030.05,-9.63012981414795,0.2059396505355835,0.04903324693441391
1781679253046.0383,-9.63012981414795,0.2059396505355835,0.04903324693441391
1781679253062.0256,-9.63012981414795,0.2059396505355835,0.029419949278235435
1781679253078.0107,-9.63012981414795,0.2059396505355835,0.04903324693441391
1781679253093.996,-9.63012981414795,0.22555294632911682,0.06864655017852783
1781679253109.9995,-9.63012981414795,0.2059396505355835,0.04903324693441391
1781679253125.9702,-9.64974308013916,0.2059396505355835,0.04903324693441391
1781679253141.9565,-9.63012981414795,0.22555294632911682,0.029419949278235435
1781679253157.944,-9.64974308013916,0.22555294632911682,0.04903324693441391
1781679253173.9307,-9.64974308013916,0.18632633984088898,0.04903324693441391
1781679253189.9163,-9.63012981414795,0.22555294632911682,0.029419949278235435
1781679253205.9038,-9.64974308013916,0.2059396505355835,0.04903324693441391
1781679253221.8894,-9.64974308013916,0.2059396505355835,0.029419949278235435
1781679253237.876,-9.63012981414795,0.22555294632911682,0.029419949278235435
1781679253253.8635,-9.63012981414795,0.2059396505355835,0.029419949278235435
1781679253269.85,-9.63012981414795,0.22555294632911682,0.04903324693441391
1781679253285.8389,-9.63012981414795,0.2059396505355835,0.04903324693441391
1781679253301.8284,-9.63012981414795,0.2059396505355835,0.04903324693441391
1781679253317.817,-9.63012981414795,0.2059396505355835,0.04903324693441391
1781679253333.8047,-9.64974308013916,0.2059396505355835,0.04903324693441391
1781679253349.7922,-9.63012981414795,0.2059396505355835,0.04903324693441391
1781679253365.7817,-9.63012981414795,0.22555294632911682,0.04903324693441391
1781679253381.7715,-9.63012981414795,0.2059396505355835,0.04903324693441391
1781679253397.759,-9.64974308013916,0.18632633984088898,0.04903324693441391
1781679253413.7466,-9.63012981414795,0.2059396505355835,0.04903324693441391
1781679253429.7363,-9.63012981414795,0.2059396505355835,0.029419949278235435
1781679253445.7249,-9.63012981414795,0.2059396505355835,0.04903324693441391
1781679253461.7134,-9.64974308013916,0.22555294632911682,0.06864655017852783
1781679253477.7012,-9.64974308013916,0.2059396505355835,0.04903324693441391
1781679253493.6897,-9.63012981414795,0.2059396505355835,0.029419949278235435
1781679253509.6785,-9.64974308013916,0.2059396505355835,0.04903324693441391
1781679253525.667,-9.63012981414795,0.18632633984088898,0.04903324693441391
1781679253541.6548,-9.63012981414795,0.2059396505355835,0.06864655017852783
1781679253557.6423,-9.63012981414795,0.22555294632911682,0.029419949278235435
1781679253573.631,-9.63012981414795,0.2059396505355835,0.04903324693441391
1781679253589.6196,-9.63012981414795,0.2059396505355835,0.06864655017852783
1781679253605.6072,-9.63012981414795,0.2059396505355835,0.04903324693441391
1781679253621.595,-9.63012981414795,0.2059396505355835,0.06864655017852783
1781679253637.5837,-9.63012981414795,0.2059396505355835,0.009806649759411812
1781679253653.5723,-9.63012981414795,0.2059396505355835,0.029419949278235435
1781679253669.56,-9.64974308013916,0.2059396505355835,0.029419949278235435
1781679253685.5476,-9.63012981414795,0.22555294632911682,0.04903324693441391
1781679253701.5354,-9.63012981414795,0.2059396505355835,0.04903324693441391
1781679253717.522,-9.63012981414795,0.2059396505355835,0.04903324693441391
1781679253733.5098,-9.63012981414795,0.22555294632911682,0.04903324693441391
1781679253749.4963,-9.63012981414795,0.2059396505355835,0.04903324693441391
1781679253765.4832,-9.63012981414795,0.2059396505355835,0.04903324693441391
1781679253781.4697,-9.63012981414795,0.2059396505355835,0.04903324693441391
1781679253797.4575,-9.64974308013916,0.2059396505355835,0.029419949278235435
1781679253813.4443,-9.63012981414795,0.2059396505355835,0.06864655017852783
1781679253829.431,-9.63012981414795,0.2059396505355835,0.06864655017852783
1781679253845.4177,-9.64974308013916,0.18632633984088898,0.04903324693441391
1781679253861.4043,-9.63012981414795,0.2059396505355835,0.04903324693441391
1781679253877.392,-9.64974308013916,0.2059396505355835,0.06864655017852783
1781679253893.38,-9.63012981414795,0.2059396505355835,0.08825984597206116
1781679253909.3674,-9.64974308013916,0.2059396505355835,0.04903324693441391
1781679253925.3562,-9.64974308013916,0.2059396505355835,0.04903324693441391
1781679253941.344,-9.63012981414795,0.2059396505355835,0.04903324693441391
1781679253957.3318,-9.64974308013916,0.22555294632911682,0.06864655017852783
1781679253973.3206,-9.63012981414795,0.2059396505355835,0.04903324693441391
1781679253989.3083,-9.63012981414795,0.2059396505355835,0.029419949278235435
1781679254005.296,-9.63012981414795,0.2059396505355835,0.029419949278235435
1781679254021.2847,-9.64974308013916,0.2059396505355835,0.06864655017852783
1781679254037.2725,-9.63012981414795,0.2059396505355835,0.06864655017852783
1781679254053.2603,-9.63012981414795,0.22555294632911682,0.029419949278235435
1781679254069.249,-9.64974308013916,0.2059396505355835,0.04903324693441391
1781679254085.2366,-9.63012981414795,0.2059396505355835,0.029419949278235435
1781679254101.2246,-9.64974308013916,0.2059396505355835,0.06864655017852783
1781679254117.2124,-9.63012981414795,0.18632633984088898,0.08825984597206116
1781679254133.1995,-9.63012981414795,0.2059396505355835,0.029419949278235435
1781679254149.1873,-9.63012981414795,0.22555294632911682,0.029419949278235435
1781679254165.1733,-9.64974308013916,0.22555294632911682,0.04903324693441391
1781679254181.1602,-9.63012981414795,0.22555294632911682,0.04903324693441391
1781679254197.1472,-9.63012981414795,0.2059396505355835,0.06864655017852783
1781679254213.134,-9.64974308013916,0.2059396505355835,0.04903324693441391
1781679254229.122,-9.63012981414795,0.2059396505355835,0.029419949278235435
1781679254245.109,-9.63012981414795,0.2059396505355835,0.04903324693441391
1781679254261.096,-9.64974308013916,0.22555294632911682,0.06864655017852783
1781679254277.0837,-9.64974308013916,0.22555294632911682,0.04903324693441391
1781679254293.0698,-9.64974308013916,0.2059396505355835,0.04903324693441391
1781679254309.0576,-9.64974308013916,0.22555294632911682,0.06864655017852783
1781679254325.0447,-9.63012981414795,0.22555294632911682,0.04903324693441391
1781679254341.0327,-9.63012981414795,0.2059396505355835,0.04903324693441391
1781679254357.0186,-9.63012981414795,0.2059396505355835,0.04903324693441391
1781679254373.0037,-9.63012981414795,0.22555294632911682,0.04903324693441391
1781679254388.9905,-9.63012981414795,0.2059396505355835,0.04903324693441391
1781679254404.9785,-9.64974308013916,0.24516624212265015,0.06864655017852783
1781679254420.9653,-9.64974308013916,0.2059396505355835,0.04903324693441391
1781679254436.9514,-9.63012981414795,0.22555294632911682,0.029419949278235435
1781679254452.9365,-9.63012981414795,0.2059396505355835,0.06864655017852783
1781679254468.9214,-9.64974308013916,0.2059396505355835,0.04903324693441391
1781679254484.9094,-9.63012981414795,0.2059396505355835,0.04903324693441391
1781679254500.8953,-9.64974308013916,0.2059396505355835,0.04903324693441391
1781679254516.8833,-9.63012981414795,0.22555294632911682,0.04903324693441391
1781679254532.8704,-9.64974308013916,0.2059396505355835,0.04903324693441391
1781679254548.8574,-9.64974308013916,0.22555294632911682,0.04903324693441391
1781679254564.8423,-9.63012981414795,0.2059396505355835,0.04903324693441391
1781679254580.8293,-9.63012981414795,0.2059396505355835,0.04903324693441391
1781679254596.8164,-9.64974308013916,0.2059396505355835,0.04903324693441391
1781679254612.8044,-9.63012981414795,0.22555294632911682,0.06864655017852783
1781679254628.7925,-9.63012981414795,0.2059396505355835,0.04903324693441391
1781679254644.7805,-9.64974308013916,0.2059396505355835,0.04903324693441391
1781679254660.7673,-9.63012981414795,0.2059396505355835,0.04903324693441391
1781679254676.7554,-9.64974308013916,0.2059396505355835,0.04903324693441391
1781679254692.7424,-9.63012981414795,0.2059396505355835,0.04903324693441391
1781679254708.7305,-9.63012981414795,0.2059396505355835,0.029419949278235435
1781679254724.7166,-9.64974308013916,0.2059396505355835,0.06864655017852783
1781679254740.7036,-9.64974308013916,0.2059396505355835,0.04903324693441391
1781679254756.6907,-9.63012981414795,0.18632633984088898,0.04903324693441391
1781679254772.6787,-9.63012981414795,0.22555294632911682,0.029419949278235435
1781679254788.6648,-9.63012981414795,0.2059396505355835,0.04903324693441391
1781679254804.6519,-9.63012981414795,0.2059396505355835,0.04903324693441391
1781679254820.639,-9.63012981414795,0.22555294632911682,0.04903324693441391
1781679254836.626,-9.64974308013916,0.2059396505355835,0.04903324693441391
1781679254852.613,-9.63012981414795,0.2059396505355835,0.04903324693441391
1781679254868.6,-9.63012981414795,0.22555294632911682,0.04903324693441391
1781679254884.589,-9.63012981414795,0.2059396505355835,0.04903324693441391
1781679254900.5771,-9.64974308013916,0.2059396505355835,0.029419949278235435
1781679254916.5632,-9.610516548156738,0.2059396505355835,0.029419949278235435
1781679254932.5503,-9.63012981414795,0.2059396505355835,0.04903324693441391
1781679254948.5383,-9.63012981414795,0.22555294632911682,0.04903324693441391
1781679254964.5234,-9.63012981414795,0.2059396505355835,0.029419949278235435
1781679254980.5085,-9.64974308013916,0.2059396505355835,0.04903324693441391
1781679254996.4946,-9.63012981414795,0.22555294632911682,0.029419949278235435
1781679255012.4807,-9.63012981414795,0.2059396505355835,0.04903324693441391
1781679255028.4678,-9.63012981414795,0.2059396505355835,0.04903324693441391
1781679255044.4548,-9.63012981414795,0.2059396505355835,0.029419949278235435
1781679255060.441,-9.63012981414795,0.2059396505355835,0.029419949278235435
1781679255076.428,-9.63012981414795,0.2059396505355835,0.06864655017852783
1781679255092.415,-9.64974308013916,0.2059396505355835,0.06864655017852783
1781679255108.4019,-9.63012981414795,0.22555294632911682,0.04903324693441391
1781679255124.3884,-9.64974308013916,0.2059396505355835,0.029419949278235435
1781679255140.3762,-9.63012981414795,0.22555294632911682,0.04903324693441391
1781679255156.362,-9.64974308013916,0.2059396505355835,0.06864655017852783
1781679255172.3499,-9.63012981414795,0.2059396505355835,0.04903324693441391
1781679255188.3364,-9.64974308013916,0.2059396505355835,0.04903324693441391
1781679255204.3242,-9.610516548156738,0.2059396505355835,0.029419949278235435
1781679255220.309,-9.64974308013916,0.2059396505355835,0.06864655017852783
1781679255236.2957,-9.64974308013916,0.2059396505355835,0.04903324693441391
1781679255252.2834,-9.63012981414795,0.2059396505355835,0.04903324693441391
1781679255268.2712,-9.63012981414795,0.22555294632911682,0.029419949278235435
1781679255284.259,-9.63012981414795,0.2059396505355835,0.08825984597206116
1781679255300.2468,-9.63012981414795,0.2059396505355835,0.06864655017852783
1781679255316.2334,-9.64974308013916,0.22555294632911682,0.04903324693441391
1781679255332.2202,-9.63012981414795,0.2059396505355835,0.04903324693441391
1781679255348.206,-9.63012981414795,0.2059396505355835,0.04903324693441391
1781679255364.1907,-9.610516548156738,0.2059396505355835,0.04903324693441391
1781679255380.1755,-9.63012981414795,0.2059396505355835,0.04903324693441391
1781679255396.1602,-9.63012981414795,0.22555294632911682,0.029419949278235435
1781679255412.146,-9.64974308013916,0.2059396505355835,0.04903324693441391
1781679255428.1326,-9.63012981414795,0.2059396505355835,0.06864655017852783
1781679255444.1194,-9.63012981414795,0.2059396505355835,0.04903324693441391
1781679255460.1052,-9.64974308013916,0.2059396505355835,0.04903324693441391
1781679255476.0908,-9.63012981414795,0.2059396505355835,0.04903324693441391
1781679255492.0757,-9.64974308013916,0.2059396505355835,0.04903324693441391
1781679255508.0613,-9.63012981414795,0.2059396505355835,0.06864655017852783
1781679255524.048,-9.63012981414795,0.2059396505355835,0.04903324693441391
1781679255540.035,-9.63012981414795,0.2059396505355835,0.04903324693441391
1781679255556.0215,-9.64974308013916,0.18632633984088898,0.029419949278235435
1781679255572.0063,-9.63012981414795,0.2059396505355835,0.06864655017852783
1781679255587.992,-9.63012981414795,0.22555294632911682,0.06864655017852783
1781679255603.9788,-9.64974308013916,0.2059396505355835,0.06864655017852783
1781679255619.9656,-9.63012981414795,0.2059396505355835,0.029419949278235435
1781679255635.9521,-9.63012981414795,0.2059396505355835,0.029419949278235435
1781679255651.937,-9.63012981414795,0.18632633984088898,0.06864655017852783
1781679255667.9238,-9.63012981414795,0.2059396505355835,0.04903324693441391
1781679255683.9124,-9.63012981414795,0.2059396505355835,0.04903324693441391
1781679255699.9001,-9.63012981414795,0.2059396505355835,0.029419949278235435
1781679255715.887,-9.63012981414795,0.2059396505355835,0.04903324693441391
1781679255731.8738,-9.63012981414795,0.2059396505355835,0.04903324693441391
1781679255747.8604,-9.63012981414795,0.22555294632911682,0.04903324693441391
1781679255763.8481,-9.64974308013916,0.22555294632911682,0.029419949278235435
1781679255779.836,-9.63012981414795,0.2059396505355835,0.04903324693441391
1781679255795.8247,-9.64974308013916,0.22555294632911682,0.04903324693441391
1781679255811.8132,-9.63012981414795,0.22555294632911682,0.04903324693441391
1781679255827.802,-9.64974308013916,0.2059396505355835,0.04903324693441391
1781679255843.7878,-9.63012981414795,0.2059396505355835,0.04903324693441391
1781679255859.7747,-9.64974308013916,0.2059396505355835,0.04903324693441391
1781679255875.7612,-9.610516548156738,0.2059396505355835,0.04903324693441391
1781679255891.75,-9.63012981414795,0.18632633984088898,0.04903324693441391
1781679255907.7378,-9.63012981414795,0.2059396505355835,0.04903324693441391
1781679255923.7266,-9.63012981414795,0.2059396505355835,0.04903324693441391
1781679255939.7131,-9.63012981414795,0.2059396505355835,0.029419949278235435
1781679255955.702,-9.63012981414795,0.2059396505355835,0.04903324693441391
1781679255971.6897,-9.63012981414795,0.2059396505355835,0.029419949278235435
1781679255987.6763,-9.63012981414795,0.22555294632911682,0.029419949278235435
1781679256003.664,-9.63012981414795,0.2059396505355835,0.04903324693441391
1781679256019.6519,-9.64974308013916,0.2059396505355835,0.06864655017852783
1781679256035.6396,-9.63012981414795,0.22555294632911682,0.04903324693441391
1781679256051.6262,-9.63012981414795,0.2059396505355835,0.029419949278235435
1781679256067.614,-9.64974308013916,0.2059396505355835,0.029419949278235435
1781679256083.6008,-9.63012981414795,0.2059396505355835,0.029419949278235435
1781679256099.5864,-9.64974308013916,0.22555294632911682,0.06864655017852783
1781679256115.5742,-9.63012981414795,0.2059396505355835,0.029419949278235435
1781679256131.562,-9.64974308013916,0.2059396505355835,0.04903324693441391
1781679256147.5508,-9.63012981414795,0.18632633984088898,0.04903324693441391
1781679256163.5374,-9.63012981414795,0.2059396505355835,0.04903324693441391
1781679256179.5251,-9.610516548156738,0.22555294632911682,0.04903324693441391
1781679256195.512,-9.64974308013916,0.18632633984088898,0.04903324693441391
1781679256211.4985,-9.64974308013916,0.2059396505355835,0.029419949278235435
1781679256227.4854,-9.64974308013916,0.2059396505355835,0.04903324693441391
1781679256243.472,-9.63012981414795,0.2059396505355835,0.06864655017852783
1781679256259.4597,-9.63012981414795,0.2059396505355835,0.06864655017852783
1781679256275.4456,-9.64974308013916,0.2059396505355835,0.04903324693441391
1781679256291.4321,-9.64974308013916,0.2059396505355835,0.04903324693441391
1781679256307.419,-9.63012981414795,0.22555294632911682,0.04903324693441391
1781679256323.4067,-9.64974308013916,0.2059396505355835,0.06864655017852783
1781679256339.3923,-9.64974308013916,0.2059396505355835,0.04903324693441391
1781679256355.3782,-9.63012981414795,0.2059396505355835,0.029419949278235435
1781679256371.3628,-9.63012981414795,0.2059396505355835,0.04903324693441391
1781679268922.3564,-0.14709974825382233,-0.47071918845176697,-9.43399715423584
1781679268938.3413,-0.14709974825382233,-0.47071918845176697,-9.414383888244629
1781679268954.3264,-0.14709974825382233,-0.45110589265823364,-9.43399715423584
1781679268970.3125,-0.16671304404735565,-0.45110589265823364,-9.414383888244629
1781679268986.2983,-0.14709974825382233,-0.45110589265823364,-9.43399715423584
1781679269002.2844,-0.127486452460289,-0.47071918845176697,-9.43399715423584
1781679269018.2705,-0.14709974825382233,-0.47071918845176697,-9.43399715423584
1781679269034.2563,-0.16671304404735565,-0.47071918845176697,-9.45361042022705
1781679269050.2424,-0.14709974825382233,-0.45110589265823364,-9.43399715423584
1781679269066.2292,-0.14709974825382233,-0.45110589265823364,-9.414383888244629
1781679269082.2153,-0.14709974825382233,-0.45110589265823364,-9.43399715423584
1781679269098.2002,-0.16671304404735565,-0.45110589265823364,-9.43399715423584
1781679269114.1863,-0.16671304404735565,-0.45110589265823364,-9.414383888244629
1781679269130.174,-0.14709974825382233,-0.45110589265823364,-9.414383888244629
1781679269146.162,-0.127486452460289,-0.45110589265823364,-9.414383888244629
1781679269162.1482,-0.14709974825382233,-0.47071918845176697,-9.43399715423584
1781679269178.1338,-0.16671304404735565,-0.45110589265823364,-9.43399715423584
1781679269194.1194,-0.16671304404735565,-0.45110589265823364,-9.43399715423584
1781679269210.1067,-0.14709974825382233,-0.45110589265823364,-9.43399715423584
1781679269226.0942,-0.14709974825382233,-0.47071918845176697,-9.43399715423584
1781679269242.0818,-0.16671304404735565,-0.45110589265823364,-9.414383888244629
1781679269258.0693,-0.16671304404735565,-0.47071918845176697,-9.45361042022705
1781679269274.0557,-0.16671304404735565,-0.45110589265823364,-9.43399715423584
1781679269290.0452,-0.127486452460289,-0.45110589265823364,-9.43399715423584
1781679269306.0327,-0.127486452460289,-0.45110589265823364,-9.43399715423584
1781679269322.0212,-0.14709974825382233,-0.45110589265823364,-9.45361042022705
1781679269338.0105,-0.16671304404735565,-0.45110589265823364,-9.43399715423584
1781679269353.996,-0.14709974825382233,-0.47071918845176697,-9.43399715423584
1781679269369.9824,-0.14709974825382233,-0.45110589265823364,-9.43399715423584
1781679269385.971,-0.14709974825382233,-0.45110589265823364,-9.45361042022705
1781679269401.9573,-0.16671304404735565,-0.45110589265823364,-9.43399715423584
1781679269417.9448,-0.16671304404735565,-0.47071918845176697,-9.414383888244629
1781679269433.9312,-0.127486452460289,-0.45110589265823364,-9.43399715423584
1781679269449.9177,-0.14709974825382233,-0.45110589265823364,-9.414383888244629
1781679269465.906,-0.14709974825382233,-0.45110589265823364,-9.43399715423584
1781679269481.8945,-0.18632633984088898,-0.47071918845176697,-9.43399715423584
1781679269497.883,-0.14709974825382233,-0.45110589265823364,-9.43399715423584
1781679269513.8694,-0.127486452460289,-0.47071918845176697,-9.45361042022705
1781679269529.8567,-0.14709974825382233,-0.45110589265823364,-9.43399715423584
1781679269545.8442,-0.16671304404735565,-0.45110589265823364,-9.414383888244629
1781679269561.8306,-0.14709974825382233,-0.45110589265823364,-9.45361042022705
1781679269577.8179,-0.14709974825382233,-0.45110589265823364,-9.43399715423584
1781679269593.8064,-0.127486452460289,-0.4314925968647003,-9.45361042022705
1781679269609.7937,-0.14709974825382233,-0.47071918845176697,-9.43399715423584
1781679269625.782,-0.16671304404735565,-0.45110589265823364,-9.43399715423584
1781679269641.7686,-0.16671304404735565,-0.45110589265823364,-9.414383888244629
1781679269657.7568,-0.14709974825382233,-0.45110589265823364,-9.43399715423584
1781679269673.7441,-0.127486452460289,-0.45110589265823364,-9.414383888244629
1781679269689.7305,-0.14709974825382233,-0.45110589265823364,-9.43399715423584
1781679269705.7168,-0.16671304404735565,-0.47071918845176697,-9.43399715423584
1781679269721.7021,-0.16671304404735565,-0.47071918845176697,-9.43399715423584
1781679269737.6897,-0.14709974825382233,-0.47071918845176697,-9.414383888244629
1781679269753.677,-0.14709974825382233,-0.45110589265823364,-9.43399715423584
1781679269769.6643,-0.14709974825382233,-0.4314925968647003,-9.45361042022705
1781679269785.6506,-0.14709974825382233,-0.4314925968647003,-9.45361042022705
1781679269801.636,-0.16671304404735565,-0.45110589265823364,-9.414383888244629
1781679269817.6204,-0.14709974825382233,-0.45110589265823364,-9.43399715423584
1781679269833.6055,-0.14709974825382233,-0.47071918845176697,-9.43399715423584
1781679269849.5918,-0.14709974825382233,-0.47071918845176697,-9.45361042022705
1781679269865.5781,-0.14709974825382233,-0.45110589265823364,-9.414383888244629
1781679269881.5645,-0.14709974825382233,-0.45110589265823364,-9.43399715423584
1781679269897.5508,-0.16671304404735565,-0.47071918845176697,-9.414383888244629
1781679269913.537,-0.14709974825382233,-0.45110589265823364,-9.414383888244629
1781679269929.5234,-0.14709974825382233,-0.45110589265823364,-9.43399715423584
1781679269945.5107,-0.14709974825382233,-0.45110589265823364,-9.43399715423584
1781679269961.4968,-0.14709974825382233,-0.47071918845176697,-9.43399715423584
1781679269977.4832,-0.14709974825382233,-0.47071918845176697,-9.43399715423584
1781679269993.4705,-0.14709974825382233,-0.45110589265823364,-9.414383888244629
1781679270009.4578,-0.127486452460289,-0.4314925968647003,-9.43399715423584
1781679270025.444,-0.14709974825382233,-0.45110589265823364,-9.43399715423584
1781679270041.4302,-0.14709974825382233,-0.45110589265823364,-9.414383888244629
1781679270057.4165,-0.16671304404735565,-0.47071918845176697,-9.414383888244629
1781679270073.4028,-0.16671304404735565,-0.45110589265823364,-9.414383888244629
1781679270089.39,-0.14709974825382233,-0.4314925968647003,-9.414383888244629
1781679270105.3752,-0.127486452460289,-0.45110589265823364,-9.43399715423584
1781679270121.3606,-0.127486452460289,-0.45110589265823364,-9.43399715423584
1781679270137.3457,-0.16671304404735565,-0.45110589265823364,-9.43399715423584
1781679270153.332,-0.14709974825382233,-0.45110589265823364,-9.45361042022705
1781679270169.3176,-0.14709974825382233,-0.47071918845176697,-9.414383888244629
1781679270185.3047,-0.14709974825382233,-0.45110589265823364,-9.43399715423584
1781679270201.2908,-0.16671304404735565,-0.47071918845176697,-9.414383888244629
1781679270217.278,-0.16671304404735565,-0.45110589265823364,-9.43399715423584
1781679270233.264,-0.127486452460289,-0.47071918845176697,-9.43399715423584
1781679270249.25,-0.14709974825382233,-0.47071918845176697,-9.43399715423584
1781679270265.237,-0.14709974825382233,-0.45110589265823364,-9.43399715423584
1781679270281.2231,-0.14709974825382233,-0.45110589265823364,-9.43399715423584
1781679270297.2092,-0.14709974825382233,-0.45110589265823364,-9.43399715423584
1781679270313.1953,-0.14709974825382233,-0.45110589265823364,-9.43399715423584
1781679270329.1814,-0.14709974825382233,-0.47071918845176697,-9.43399715423584
1781679270345.1685,-0.14709974825382233,-0.47071918845176697,-9.414383888244629
1781679270361.1543,-0.14709974825382233,-0.47071918845176697,-9.43399715423584
1781679270377.1423,-0.14709974825382233,-0.45110589265823364,-9.43399715423584
1781679270393.1294,-0.16671304404735565,-0.47071918845176697,-9.43399715423584
1781679270409.1165,-0.14709974825382233,-0.47071918845176697,-9.43399715423584
1781679270425.1045,-0.14709974825382233,-0.47071918845176697,-9.414383888244629
1781679270441.0935,-0.14709974825382233,-0.45110589265823364,-9.43399715423584
1781679270457.0815,-0.16671304404735565,-0.45110589265823364,-9.43399715423584
1781679270473.0674,-0.14709974825382233,-0.45110589265823364,-9.43399715423584
1781679270489.0544,-0.14709974825382233,-0.45110589265823364,-9.43399715423584
1781679270505.0415,-0.14709974825382233,-0.45110589265823364,-9.43399715423584
1781679270521.0273,-0.14709974825382233,-0.4314925968647003,-9.45361042022705
1781679270537.0144,-0.14709974825382233,-0.45110589265823364,-9.43399715423584
1781679270553.0024,-0.14709974825382233,-0.45110589265823364,-9.414383888244629
1781679270568.9873,-0.14709974825382233,-0.45110589265823364,-9.43399715423584
1781679270584.9734,-0.14709974825382233,-0.45110589265823364,-9.43399715423584
1781679270600.9622,-0.127486452460289,-0.45110589265823364,-9.414383888244629
1781679270616.9512,-0.14709974825382233,-0.45110589265823364,-9.43399715423584
1781679270632.9402,-0.14709974825382233,-0.47071918845176697,-9.43399715423584
1781679270648.927,-0.16671304404735565,-0.45110589265823364,-9.43399715423584
1781679270664.915,-0.16671304404735565,-0.45110589265823364,-9.414383888244629
1781679270680.904,-0.14709974825382233,-0.45110589265823364,-9.43399715423584
1781679270696.8909,-0.14709974825382233,-0.45110589265823364,-9.43399715423584
1781679270712.88,-0.14709974825382233,-0.47071918845176697,-9.414383888244629
1781679270728.8677,-0.16671304404735565,-0.45110589265823364,-9.43399715423584
1781679270744.8577,-0.16671304404735565,-0.45110589265823364,-9.45361042022705
1781679270760.8477,-0.14709974825382233,-0.45110589265823364,-9.404577255249023
1781679270776.8374,-0.127486452460289,-0.45110589265823364,-9.43399715423584
1781679270792.8264,-0.14709974825382233,-0.4314925968647003,-9.43399715423584
1781679270808.8152,-0.16671304404735565,-0.4314925968647003,-9.43399715423584
1781679270824.8052,-0.14709974825382233,-0.45110589265823364,-9.45361042022705
1781679270840.7961,-0.127486452460289,-0.47071918845176697,-9.43399715423584
1781679270856.784,-0.14709974825382233,-0.45110589265823364,-9.414383888244629
1781679270872.7717,-0.16671304404735565,-0.47071918845176697,-9.43399715423584
1781679270888.7588,-0.18632633984088898,-0.4314925968647003,-9.404577255249023
1781679270904.7476,-0.14709974825382233,-0.4314925968647003,-9.414383888244629
1781679270920.7363,-0.127486452460289,-0.47071918845176697,-9.414383888244629
1781679270936.7253,-0.14709974825382233,-0.4314925968647003,-9.45361042022705
1781679270952.715,-0.16671304404735565,-0.47071918845176697,-9.43399715423584
1781679270968.705,-0.18632633984088898,-0.4314925968647003,-9.43399715423584
1781679270984.6929,-0.127486452460289,-0.45110589265823364,-9.43399715423584
1781679271000.6846,-0.14709974825382233,-0.45110589265823364,-9.414383888244629
1781679271016.6736,-0.14709974825382233,-0.45110589265823364,-9.43399715423584
1781679271032.6614,-0.16671304404735565,-0.45110589265823364,-9.43399715423584
1781679271048.6501,-0.14709974825382233,-0.45110589265823364,-9.414383888244629
1781679271064.636,-0.14709974825382233,-0.47071918845176697,-9.43399715423584
1781679271080.6238,-0.14709974825382233,-0.45110589265823364,-9.414383888244629
1781679271096.6116,-0.16671304404735565,-0.45110589265823364,-9.414383888244629
1781679271112.6003,-0.16671304404735565,-0.45110589265823364,-9.43399715423584
1781679271128.589,-0.14709974825382233,-0.45110589265823364,-9.414383888244629
1781679271144.5781,-0.14709974825382233,-0.45110589265823364,-9.43399715423584
1781679271160.566,-0.14709974825382233,-0.45110589265823364,-9.43399715423584
1781679271176.5535,-0.18632633984088898,-0.45110589265823364,-9.43399715423584
1781679271192.5398,-0.16671304404735565,-0.45110589265823364,-9.43399715423584
1781679271208.527,-0.127486452460289,-0.45110589265823364,-9.43399715423584
1781679271224.5144,-0.14709974825382233,-0.45110589265823364,-9.43399715423584
1781679271240.5027,-0.16671304404735565,-0.45110589265823364,-9.43399715423584
1781679271256.49,-0.14709974825382233,-0.45110589265823364,-9.43399715423584
1781679271272.4792,-0.14709974825382233,-0.47071918845176697,-9.43399715423584
1781679271288.4675,-0.14709974825382233,-0.47071918845176697,-9.43399715423584
1781679271304.4548,-0.14709974825382233,-0.45110589265823364,-9.414383888244629
1781679271320.4412,-0.16671304404735565,-0.45110589265823364,-9.43399715423584
1781679271336.4285,-0.14709974825382233,-0.47071918845176697,-9.43399715423584
1781679271352.4177,-0.14709974825382233,-0.45110589265823364,-9.43399715423584
1781679271368.4058,-0.14709974825382233,-0.47071918845176697,-9.43399715423584
1781679271384.395,-0.16671304404735565,-0.45110589265823364,-9.45361042022705
1781679271400.3833,-0.16671304404735565,-0.45110589265823364,-9.43399715423584
1781679271416.3706,-0.14709974825382233,-0.45110589265823364,-9.43399715423584
1781679271432.358,-0.127486452460289,-0.47071918845176697,-9.45361042022705
1781679271448.346,-0.14709974825382233,-0.45110589265823364,-9.43399715423584
1781679271464.3352,-0.18632633984088898,-0.47071918845176697,-9.43399715423584
1781679271480.3235,-0.18632633984088898,-0.45110589265823364,-9.414383888244629
1781679271496.3118,-0.14709974825382233,-0.45110589265823364,-9.414383888244629
1781679271512.2988,-0.14709974825382233,-0.45110589265823364,-9.43399715423584
1781679271528.2861,-0.16671304404735565,-0.45110589265823364,-9.43399715423584
1781679271544.2712,-0.16671304404735565,-0.45110589265823364,-9.43399715423584
1781679271560.2576,-0.16671304404735565,-0.45110589265823364,-9.43399715423584
1781679271576.2446,-0.127486452460289,-0.45110589265823364,-9.43399715423584
1781679271592.233,-0.14709974825382233,-0.4314925968647003,-9.43399715423584
1781679271608.223,-0.16671304404735565,-0.45110589265823364,-9.43399715423584
1781679271624.2102,-0.16671304404735565,-0.45110589265823364,-9.414383888244629
1781679271640.1982,-0.16671304404735565,-0.45110589265823364,-9.43399715423584
1781679271656.1855,-0.127486452460289,-0.47071918845176697,-9.43399715423584
1781679271672.1746,-0.14709974825382233,-0.45110589265823364,-9.414383888244629
1781679271688.1628,-0.14709974825382233,-0.47071918845176697,-9.414383888244629
1781679271704.15,-0.14709974825382233,-0.45110589265823364,-9.414383888244629
1781679271720.139,-0.14709974825382233,-0.45110589265823364,-9.414383888244629
1781679271736.1292,-0.14709974825382233,-0.47071918845176697,-9.43399715423584
1781679271752.1162,-0.16671304404735565,-0.45110589265823364,-9.414383888244629
1781679271768.1042,-0.16671304404735565,-0.45110589265823364,-9.43399715423584
1781679271784.0925,-0.14709974825382233,-0.47071918845176697,-9.43399715423584
1781679271800.0806,-0.14709974825382233,-0.45110589265823364,-9.43399715423584
1781679271816.0696,-0.14709974825382233,-0.47071918845176697,-9.43399715423584
1781679271832.0586,-0.16671304404735565,-0.45110589265823364,-9.45361042022705
1781679271848.0479,-0.14709974825382233,-0.45110589265823364,-9.43399715423584
1781679271864.0369,-0.14709974825382233,-0.45110589265823364,-9.43399715423584
1781679271880.025,-0.16671304404735565,-0.4314925968647003,-9.43399715423584
1781679271896.013,-0.14709974825382233,-0.45110589265823364,-9.43399715423584
1781679271912.003,-0.14709974825382233,-0.45110589265823364,-9.43399715423584
1781679271927.992,-0.14709974825382233,-0.45110589265823364,-9.43399715423584
1781679271943.981,-0.14709974825382233,-0.45110589265823364,-9.43399715423584
1781679271959.9712,-0.14709974825382233,-0.4314925968647003,-9.414383888244629
1781679271975.9602,-0.14709974825382233,-0.47071918845176697,-9.43399715423584
1781679271991.9492,-0.16671304404735565,-0.45110589265823364,-9.414383888244629
1781679272007.9382,-0.16671304404735565,-0.47071918845176697,-9.43399715423584
1781679272023.9272,-0.14709974825382233,-0.47071918845176697,-9.414383888244629
1781679272039.9153,-0.14709974825382233,-0.45110589265823364,-9.43399715423584
1781679272055.904,-0.14709974825382233,-0.45110589265823364,-9.43399715423584
1781679272071.894,-0.16671304404735565,-0.45110589265823364,-9.414383888244629
1781679272087.883,-0.16671304404735565,-0.47071918845176697,-9.414383888244629
1781679272103.873,-0.14709974825382233,-0.45110589265823364,-9.43399715423584
1781679272119.862,-0.14709974825382233,-0.47071918845176697,-9.414383888244629
1781679272135.85,-0.16671304404735565,-0.45110589265823364,-9.43399715423584
1781679272151.84,-0.14709974825382233,-0.45110589265823364,-9.414383888244629
1781679272167.829,-0.14709974825382233,-0.45110589265823364,-9.43399715423584
1781679272183.8174,-0.14709974825382233,-0.45110589265823364,-9.43399715423584
1781679272199.8066,-0.16671304404735565,-0.4314925968647003,-9.43399715423584
1781679272215.7966,-0.14709974825382233,-0.45110589265823364,-9.43399715423584
1781679272231.7869,-0.14709974825382233,-0.45110589265823364,-9.43399715423584
1781679272247.7751,-0.14709974825382233,-0.45110589265823364,-9.414383888244629
1781679272263.7642,-0.14709974825382233,-0.45110589265823364,-9.43399715423584
1781679272279.7524,-0.16671304404735565,-0.45110589265823364,-9.43399715423584
1781679272295.7415,-0.14709974825382233,-0.45110589265823364,-9.43399715423584
1781679272311.7297,-0.14709974825382233,-0.45110589265823364,-9.43399715423584
1781679272327.7188,-0.14709974825382233,-0.45110589265823364,-9.45361042022705
1781679272343.7058,-0.14709974825382233,-0.45110589265823364,-9.45361042022705
1781679272359.693,-0.16671304404735565,-0.45110589265823364,-9.45361042022705
1781679272375.6782,-0.16671304404735565,-0.45110589265823364,-9.43399715423584
1781679272391.6653,-0.14709974825382233,-0.45110589265823364,-9.45361042022705
1781679272407.6523,-0.14709974825382233,-0.45110589265823364,-9.43399715423584
1781679272423.6404,-0.14709974825382233,-0.45110589265823364,-9.45361042022705
1781679272439.6284,-0.16671304404735565,-0.45110589265823364,-9.43399715423584
1781679272455.6165,-0.14709974825382233,-0.45110589265823364,-9.45361042022705
1781679272471.6035,-0.14709974825382233,-0.45110589265823364,-9.414383888244629
1781679272487.5928,-0.14709974825382233,-0.47071918845176697,-9.414383888244629
1781679272503.5789,-0.16671304404735565,-0.45110589265823364,-9.414383888244629
1781679272519.567,-0.14709974825382233,-0.45110589265823364,-9.43399715423584
1781679272535.5527,-0.14709974825382233,-0.45110589265823364,-9.414383888244629
1781679272551.5388,-0.127486452460289,-0.45110589265823364,-9.43399715423584
1781679272567.525,-0.14709974825382233,-0.45110589265823364,-9.414383888244629
1781679272583.512,-0.16671304404735565,-0.45110589265823364,-9.43399715423584
1781679272599.5,-0.16671304404735565,-0.45110589265823364,-9.414383888244629
1781679272615.488,-0.14709974825382233,-0.45110589265823364,-9.43399715423584
1781679272631.476,-0.16671304404735565,-0.45110589265823364,-9.414383888244629
1781679272647.463,-0.16671304404735565,-0.45110589265823364,-9.45361042022705
1781679272663.45,-0.14709974825382233,-0.45110589265823364,-9.45361042022705
1781679272679.438,-0.16671304404735565,-0.45110589265823364,-9.43399715423584
1781679272695.4248,-0.127486452460289,-0.47071918845176697,-9.414383888244629
1781679272711.4128,-0.14709974825382233,-0.45110589265823364,-9.414383888244629
1781679272727.4019,-0.16671304404735565,-0.45110589265823364,-9.43399715423584
1781679272743.3877,-0.16671304404735565,-0.45110589265823364,-9.414383888244629
1781679272759.3748,-0.14709974825382233,-0.45110589265823364,-9.414383888244629
1781679272775.3618,-0.127486452460289,-0.47071918845176697,-9.43399715423584
1781679272791.3486,-0.16671304404735565,-0.45110589265823364,-9.45361042022705
1781679272807.3367,-0.16671304404735565,-0.45110589265823364,-9.43399715423584
1781679272823.3235,-0.16671304404735565,-0.47071918845176697,-9.43399715423584
1781679272839.3115,-0.14709974825382233,-0.47071918845176697,-9.43399715423584
1781679272855.2974,-0.16671304404735565,-0.45110589265823364,-9.43399715423584
1781679272871.2852,-0.16671304404735565,-0.45110589265823364,-9.414383888244629
1781679272887.2722,-0.14709974825382233,-0.45110589265823364,-9.43399715423584
1781679272903.258,-0.127486452460289,-0.4314925968647003,-9.43399715423584
1781679272919.2449,-0.14709974825382233,-0.45110589265823364,-9.43399715423584
1781679272935.2307,-0.16671304404735565,-0.45110589265823364,-9.414383888244629
1781679272951.2178,-0.14709974825382233,-0.47071918845176697,-9.43399715423584
1781679272967.2046,-0.16671304404735565,-0.45110589265823364,-9.43399715423584
1781679272983.1924,-0.14709974825382233,-0.45110589265823364,-9.45361042022705
1781679272999.1792,-0.14709974825382233,-0.47071918845176697,-9.43399715423584
1781679273015.166,-0.16671304404735565,-0.45110589265823364,-9.45361042022705
1781679273031.1528,-0.16671304404735565,-0.47071918845176697,-9.43399715423584
1781679273047.1396,-0.14709974825382233,-0.45110589265823364,-9.43399715423584
1781679273063.1267,-0.14709974825382233,-0.47071918845176697,-9.43399715423584
1781679273079.1123,-0.16671304404735565,-0.45110589265823364,-9.45361042022705
1781679273095.099,-0.16671304404735565,-0.45110589265823364,-9.43399715423584
1781679273111.085,-0.14709974825382233,-0.45110589265823364,-9.414383888244629
1781679273127.0718,-0.127486452460289,-0.47071918845176697,-9.43399715423584
1781679273143.0576,-0.16671304404735565,-0.45110589265823364,-9.45361042022705
1781679273159.0435,-0.14709974825382233,-0.45110589265823364,-9.45361042022705
1781679273175.0303,-0.14709974825382233,-0.47071918845176697,-9.45361042022705
1781679273191.0159,-0.14709974825382233,-0.47071918845176697,-9.43399715423584
1781679273207.0034,-0.14709974825382233,-0.47071918845176697,-9.43399715423584
1781679273222.989,-0.14709974825382233,-0.45110589265823364,-9.43399715423584
1781679273238.9766,-0.16671304404735565,-0.45110589265823364,-9.43399715423584
1781679273254.961,-0.14709974825382233,-0.45110589265823364,-9.414383888244629
1781679273270.9485,-0.14709974825382233,-0.45110589265823364,-9.43399715423584
1781679273286.935,-0.14709974825382233,-0.45110589265823364,-9.43399715423584
1781679273302.9207,-0.16671304404735565,-0.47071918845176697,-9.414383888244629
1781679273318.905,-0.16671304404735565,-0.4314925968647003,-9.45361042022705
1781679273334.8894,-0.14709974825382233,-0.45110589265823364,-9.414383888244629
1781679273350.875,-0.14709974825382233,-0.45110589265823364,-9.43399715423584
1781679273366.8604,-0.14709974825382233,-0.45110589265823364,-9.43399715423584
1781679273382.845,-0.16671304404735565,-0.45110589265823364,-9.414383888244629
1781679273398.8303,-0.14709974825382233,-0.45110589265823364,-9.43399715423584
1781679273414.817,-0.14709974825382233,-0.45110589265823364,-9.43399715423584
1781679273430.8042,-0.127486452460289,-0.45110589265823364,-9.414383888244629
1781679273446.7917,-0.14709974825382233,-0.45110589265823364,-9.45361042022705
1781679273462.778,-0.18632633984088898,-0.45110589265823364,-9.45361042022705
1781679273478.7644,-0.14709974825382233,-0.45110589265823364,-9.43399715423584
1781679273494.7488,-0.127486452460289,-0.45110589265823364,-9.414383888244629
1781679273510.735,-0.14709974825382233,-0.47071918845176697,-9.43399715423584
1781679273526.7227,-0.16671304404735565,-0.45110589265823364,-9.43399715423584
1781679273542.707,-0.16671304404735565,-0.47071918845176697,-9.414383888244629
1781679273558.6914,-0.127486452460289,-0.45110589265823364,-9.45361042022705
1781679273574.6777,-0.14709974825382233,-0.45110589265823364,-9.43399715423584
1781679273590.663,-0.16671304404735565,-0.45110589265823364,-9.43399715423584
1781679273606.6484,-0.14709974825382233,-0.4314925968647003,-9.43399715423584
1781679273622.6338,-0.14709974825382233,-0.45110589265823364,-9.43399715423584
1781679273638.6199,-0.14709974825382233,-0.45110589265823364,-9.43399715423584
1781679273654.6072,-0.14709974825382233,-0.45110589265823364,-9.43399715423584
1781679273670.5945,-0.14709974825382233,-0.45110589265823364,-9.43399715423584
1781679273686.5818,-0.14709974825382233,-0.45110589265823364,-9.43399715423584
1781679273702.568,-0.127486452460289,-0.45110589265823364,-9.43399715423584
1781679273718.5554,-0.127486452460289,-0.47071918845176697,-9.414383888244629
1781679273734.5417,-0.14709974825382233,-0.47071918845176697,-9.43399715423584
1781679273750.53,-0.14709974825382233,-0.45110589265823364,-9.45361042022705
1781679273766.517,-0.16671304404735565,-0.47071918845176697,-9.414383888244629
1781679273782.5044,-0.14709974825382233,-0.45110589265823364,-9.43399715423584
1781679273798.4917,-0.14709974825382233,-0.47071918845176697,-9.43399715423584
1781679273814.4778,-0.14709974825382233,-0.45110589265823364,-9.414383888244629
1781679273830.464,-0.16671304404735565,-0.45110589265823364,-9.43399715423584
1781679273846.4502,-0.14709974825382233,-0.45110589265823364,-9.43399715423584
1781679273862.4375,-0.127486452460289,-0.45110589265823364,-9.43399715423584
1781679273878.4246,-0.14709974825382233,-0.45110589265823364,-9.43399715423584
1781679273894.4128,-0.16671304404735565,-0.45110589265823364,-9.414383888244629
1781679273910.4,-0.16671304404735565,-0.45110589265823364,-9.43399715423584
1781679273926.386,-0.14709974825382233,-0.45110589265823364,-9.43399715423584
1781679273942.37,-0.14709974825382233,-0.45110589265823364,-9.43399715423584
1781679273958.3555,-0.14709974825382233,-0.45110589265823364,-9.43399715423584
1781679273974.3416,-0.14709974825382233,-0.45110589265823364,-9.43399715423584
1781679273990.3257,-0.14709974825382233,-0.45110589265823364,-9.43399715423584
1781679274006.3118,-0.14709974825382233,-0.45110589265823364,-9.45361042022705
1781679274022.2969,-0.16671304404735565,-0.45110589265823364,-9.414383888244629
1781679274038.282,-0.14709974825382233,-0.45110589265823364,-9.45361042022705
1781679274054.2659,-0.16671304404735565,-0.4314925968647003,-9.43399715423584
1781679274070.251,-0.14709974825382233,-0.45110589265823364,-9.414383888244629
1781679274086.238,-0.14709974825382233,-0.45110589265823364,-9.43399715423584
1781679274102.224,-0.16671304404735565,-0.45110589265823364,-9.43399715423584
1781679274118.2112,-0.16671304404735565,-0.47071918845176697,-9.43399715423584
1781679274134.1963,-0.14709974825382233,-0.47071918845176697,-9.45361042022705
1781679274150.1814,-0.14709974825382233,-0.4314925968647003,-9.45361042022705
1781679274166.1663,-0.14709974825382233,-0.45110589265823364,-9.45361042022705
1781679274182.1538,-0.16671304404735565,-0.4314925968647003,-9.43399715423584
1781679274198.1401,-0.14709974825382233,-0.45110589265823364,-9.43399715423584
1781679274214.1255,-0.14709974825382233,-0.4314925968647003,-9.414383888244629
1781679274230.1128,-0.14709974825382233,-0.4314925968647003,-9.45361042022705
1781679274246.1,-0.14709974825382233,-0.4314925968647003,-9.414383888244629
1781679274262.0874,-0.16671304404735565,-0.45110589265823364,-9.43399715423584
1781679274278.0735,-0.14709974825382233,-0.45110589265823364,-9.414383888244629
1781679274294.0618,-0.14709974825382233,-0.45110589265823364,-9.43399715423584
1781679274310.049,-0.14709974825382233,-0.45110589265823364,-9.43399715423584
1781679274326.0354,-0.14709974825382233,-0.45110589265823364,-9.43399715423584
1781679274342.0215,-0.16671304404735565,-0.45110589265823364,-9.43399715423584
1781679274358.0107,-0.14709974825382233,-0.45110589265823364,-9.43399715423584
1781679274373.997,-0.14709974825382233,-0.47071918845176697,-9.43399715423584
1781679274389.9832,-0.14709974825382233,-0.47071918845176697,-9.43399715423584
1781679274405.9705,-0.14709974825382233,-0.4314925968647003,-9.43399715423584
1781679274421.9575,-0.16671304404735565,-0.45110589265823364,-9.43399715423584
1781679274437.9436,-0.16671304404735565,-0.45110589265823364,-9.43399715423584
1781679274453.93,-0.14709974825382233,-0.45110589265823364,-9.43399715423584
1781679274469.918,-0.14709974825382233,-0.45110589265823364,-9.45361042022705
1781679274485.904,-0.14709974825382233,-0.45110589265823364,-9.414383888244629
1781679274501.8923,-0.14709974825382233,-0.45110589265823364,-9.43399715423584
1781679274517.8784,-0.14709974825382233,-0.4314925968647003,-9.43399715423584
1781679274533.8635,-0.14709974825382233,-0.45110589265823364,-9.43399715423584
1781679274549.8486,-0.14709974825382233,-0.45110589265823364,-9.404577255249023
1781679274565.8347,-0.16671304404735565,-0.45110589265823364,-9.43399715423584
1781679274581.8198,-0.14709974825382233,-0.47071918845176697,-9.43399715423584
1781679274597.806,-0.127486452460289,-0.45110589265823364,-9.43399715423584
1781679274613.79,-0.14709974825382233,-0.47071918845176697,-9.43399715423584
1781679274629.774,-0.14709974825382233,-0.47071918845176697,-9.43399715423584
1781679274645.759,-0.16671304404735565,-0.45110589265823364,-9.43399715423584
1781679274661.745,-0.16671304404735565,-0.45110589265823364,-9.43399715423584
1781679274677.7322,-0.14709974825382233,-0.45110589265823364,-9.43399715423584
1781679274693.718,-0.14709974825382233,-0.45110589265823364,-9.43399715423584
1781679274709.7031,-0.16671304404735565,-0.4314925968647003,-9.43399715423584
1781679274725.6892,-0.16671304404735565,-0.45110589265823364,-9.45361042022705
1781679274741.674,-0.14709974825382233,-0.45110589265823364,-9.43399715423584
1781679274757.6592,-0.127486452460289,-0.47071918845176697,-9.43399715423584
1781679274773.643,-0.14709974825382233,-0.45110589265823364,-9.43399715423584
1781679274789.629,-0.14709974825382233,-0.45110589265823364,-9.43399715423584
1781679274805.615,-0.16671304404735565,-0.45110589265823364,-9.414383888244629
1781679274821.6008,-0.127486452460289,-0.45110589265823364,-9.414383888244629
1781679274837.587,-0.14709974825382233,-0.4314925968647003,-9.43399715423584
1781679274853.5718,-0.16671304404735565,-0.45110589265823364,-9.43399715423584
1781679274869.5566,-0.16671304404735565,-0.47071918845176697,-9.43399715423584
1781679274885.5425,-0.14709974825382233,-0.45110589265823364,-9.414383888244629
1781679274901.5286,-0.127486452460289,-0.45110589265823364,-9.43399715423584
1781679274917.5154,-0.127486452460289,-0.45110589265823364,-9.43399715423584
1781679274933.5012,-0.16671304404735565,-0.4314925968647003,-9.45361042022705
1781679274949.488,-0.14709974825382233,-0.45110589265823364,-9.43399715423584
1781679274965.4749,-0.127486452460289,-0.45110589265823364,-9.414383888244629
1781679274981.4597,-0.127486452460289,-0.45110589265823364,-9.43399715423584
1781679274997.4446,-0.2059396505355835,-0.411879301071167,-9.414383888244629
1781679275013.4314,-0.2059396505355835,-0.4314925968647003,-9.43399715423584
1781679275029.4172,-0.10787314921617508,-0.47071918845176697,-9.43399715423584
1781679275045.404,-0.029419949278235435,-0.4903324842453003,-9.414383888244629
1781679275061.3909,-0.10787314921617508,-0.45110589265823364,-9.414383888244629
1781679275077.3787,-0.2843928337097168,-0.411879301071167,-9.45361042022705
1781679275093.3665,-0.3040061295032501,-0.411879301071167,-9.45361042022705
1781679275109.352,-0.127486452460289,-0.47071918845176697,-9.43399715423584
1781679275125.3408,0.009806649759411812,-0.5295590758323669,-9.414383888244629
1781679275141.3237,-0.009806649759411812,-0.47071918845176697,-9.43399715423584
1781679275157.3093,-0.26477953791618347,-0.40207263827323914,-9.45361042022705
1781679275173.2966,-0.34323275089263916,-0.411879301071167,-9.43399715423584
1781679275189.2834,-0.16671304404735565,-0.4903324842453003,-9.384963989257812
1781679275205.2693,-0.009806649759411812,-0.5295590758323669,-9.404577255249023
1781679275221.2563,-0.04903324693441391,-0.45110589265823364,-9.45361042022705
1781679275237.2432,-0.2059396505355835,-0.411879301071167,-9.43399715423584
1781679275253.23,-0.26477953791618347,-0.4314925968647003,-9.43399715423584
1781679275269.2168,-0.16671304404735565,-0.47071918845176697,-9.414383888244629
1781679275285.2039,-0.06864655017852783,-0.45110589265823364,-9.414383888244629
1781679275301.1897,-0.06864655017852783,-0.45110589265823364,-9.45361042022705
1781679275317.1765,-0.16671304404735565,-0.45110589265823364,-9.45361042022705
1781679275333.1624,-0.22555294632911682,-0.47071918845176697,-9.414383888244629
1781679275349.1501,-0.2059396505355835,-0.4314925968647003,-9.43399715423584
1781679275365.139,-0.127486452460289,-0.411879301071167,-9.45361042022705
1781679275381.1267,-0.10787314921617508,-0.45110589265823364,-9.43399715423584
1781679275397.1145,-0.10787314921617508,-0.47071918845176697,-9.43399715423584
1781679275413.1013,-0.16671304404735565,-0.4903324842453003,-9.414383888244629
1781679275429.0872,-0.22555294632911682,-0.45110589265823364,-9.43399715423584
1781679275445.075,-0.18632633984088898,-0.4314925968647003,-9.43399715423584
1781679275461.0627,-0.127486452460289,-0.4314925968647003,-9.45361042022705
1781679275477.0486,-0.08825984597206116,-0.45110589265823364,-9.43399715423584
1781679275493.0352,-0.127486452460289,-0.47071918845176697,-9.43399715423584
1781679275509.021,-0.18632633984088898,-0.45110589265823364,-9.43399715423584
1781679275525.0078,-0.2059396505355835,-0.4314925968647003,-9.414383888244629
1781679275540.9934,-0.14709974825382233,-0.45110589265823364,-9.43399715423584
1781679275556.9792,-0.06864655017852783,-0.45110589265823364,-9.43399715423584
1781679275572.9648,-0.08825984597206116,-0.47071918845176697,-9.43399715423584
1781679275588.9507,-0.18632633984088898,-0.47071918845176697,-9.43399715423584
1781679275604.9363,-0.22555294632911682,-0.4314925968647003,-9.45361042022705
1781679275620.921,-0.16671304404735565,-0.45110589265823364,-9.45361042022705
1781679275636.9048,-0.08825984597206116,-0.45110589265823364,-9.414383888244629
1781679275652.8904,-0.10787314921617508,-0.45110589265823364,-9.43399715423584
1781679275668.876,-0.18632633984088898,-0.45110589265823364,-9.43399715423584
1781679275684.8628,-0.2059396505355835,-0.47071918845176697,-9.414383888244629
1781679275700.8494,-0.16671304404735565,-0.45110589265823364,-9.43399715423584
1781679275716.837,-0.127486452460289,-0.47071918845176697,-9.414383888244629
1781679275732.8225,-0.127486452460289,-0.4314925968647003,-9.43399715423584
1781679275748.8083,-0.14709974825382233,-0.4314925968647003,-9.43399715423584
1781679275764.795,-0.14709974825382233,-0.45110589265823364,-9.43399715423584
1781679275780.7815,-0.16671304404735565,-0.47071918845176697,-9.414383888244629
1781679275796.768,-0.14709974825382233,-0.45110589265823364,-9.43399715423584
1781679275812.7556,-0.14709974825382233,-0.4314925968647003,-9.414383888244629
1781679275828.7422,-0.14709974825382233,-0.4314925968647003,-9.43399715423584
1781679275844.7288,-0.14709974825382233,-0.45110589265823364,-9.414383888244629
1781679275860.7144,-0.127486452460289,-0.47071918845176697,-9.43399715423584
1781679275876.7,-0.16671304404735565,-0.45110589265823364,-9.43399715423584
1781679275892.6855,-0.16671304404735565,-0.45110589265823364,-9.414383888244629
1781679275908.67,-0.127486452460289,-0.45110589265823364,-9.414383888244629
1781679275924.6555,-0.127486452460289,-0.47071918845176697,-9.43399715423584
1781679275940.641,-0.14709974825382233,-0.47071918845176697,-9.414383888244629
1781679275956.6245,-0.14709974825382233,-0.45110589265823364,-9.414383888244629
1781679275972.6091,-0.14709974825382233,-0.45110589265823364,-9.43399715423584
1781679275988.5947,-0.14709974825382233,-0.45110589265823364,-9.43399715423584
1781679276004.581,-0.127486452460289,-0.45110589265823364,-9.43399715423584
1781679276020.5676,-0.14709974825382233,-0.45110589265823364,-9.414383888244629
1781679276036.5552,-0.16671304404735565,-0.47071918845176697,-9.43399715423584
1781679276052.5405,-0.16671304404735565,-0.47071918845176697,-9.43399715423584
1781679276068.528,-0.14709974825382233,-0.45110589265823364,-9.43399715423584
1781679276084.5144,-0.127486452460289,-0.45110589265823364,-9.414383888244629
1781679276100.502,-0.14709974825382233,-0.4314925968647003,-9.43399715423584
1781679276116.4893,-0.14709974825382233,-0.45110589265823364,-9.43399715423584
1781679276132.4788,-0.14709974825382233,-0.47071918845176697,-9.43399715423584
1781679276148.4673,-0.16671304404735565,-0.47071918845176697,-9.43399715423584
1781679276164.4517,-0.16671304404735565,-0.45110589265823364,-9.43399715423584
1781679276180.438,-0.16671304404735565,-0.45110589265823364,-9.43399715423584
1781679276196.4263,-0.127486452460289,-0.45110589265823364,-9.43399715423584
1781679276212.4143,-0.127486452460289,-0.45110589265823364,-9.43399715423584
1781679276228.4016,-0.14709974825382233,-0.45110589265823364,-9.43399715423584
1781679276244.3887,-0.16671304404735565,-0.47071918845176697,-9.43399715423584
1781679276260.377,-0.16671304404735565,-0.47071918845176697,-9.414383888244629
1781679276276.365,-0.14709974825382233,-0.45110589265823364,-9.414383888244629
1781679276292.3542,-0.127486452460289,-0.45110589265823364,-9.43399715423584
1781679276308.3423,-0.14709974825382233,-0.45110589265823364,-9.45361042022705
1781679276324.3306,-0.16671304404735565,-0.45110589265823364,-9.414383888244629
1781679276340.3208,-0.14709974825382233,-0.4314925968647003,-9.45361042022705
1781679276356.3108,-0.14709974825382233,-0.45110589265823364,-9.414383888244629
1781679276372.299,-0.127486452460289,-0.45110589265823364,-9.414383888244629
1781679276388.2893,-0.14709974825382233,-0.45110589265823364,-9.414383888244629
1781679276404.2783,-0.14709974825382233,-0.45110589265823364,-9.43399715423584
1781679276420.2656,-0.14709974825382233,-0.45110589265823364,-9.414383888244629
1781679276436.2546,-0.14709974825382233,-0.4314925968647003,-9.43399715423584
1781679276452.243,-0.127486452460289,-0.45110589265823364,-9.45361042022705
1781679276468.232,-0.127486452460289,-0.47071918845176697,-9.414383888244629
1781679276484.2212,-0.16671304404735565,-0.47071918845176697,-9.43399715423584
1781679276500.2102,-0.16671304404735565,-0.45110589265823364,-9.43399715423584
1781679276516.1995,-0.16671304404735565,-0.4314925968647003,-9.45361042022705
1781679276532.1887,-0.127486452460289,-0.47071918845176697,-9.43399715423584
1781679276548.1787,-0.127486452460289,-0.47071918845176697,-9.45361042022705
1781679276564.169,-0.16671304404735565,-0.4314925968647003,-9.43399715423584
1781679276580.1582,-0.16671304404735565,-0.4314925968647003,-9.43399715423584
1781679276596.1492,-0.127486452460289,-0.45110589265823364,-9.43399715423584
1781679276612.1404,-0.127486452460289,-0.47071918845176697,-9.43399715423584
1781679276628.1296,-0.14709974825382233,-0.45110589265823364,-9.43399715423584
1781679276644.1177,-0.16671304404735565,-0.45110589265823364,-9.43399715423584
1781679276660.106,-0.14709974825382233,-0.47071918845176697,-9.43399715423584
1781679276676.094,-0.127486452460289,-0.45110589265823364,-9.43399715423584
1781679276692.0823,-0.14709974825382233,-0.45110589265823364,-9.43399715423584
1781679276708.0703,-0.16671304404735565,-0.4314925968647003,-9.43399715423584
1781679276724.0583,-0.16671304404735565,-0.47071918845176697,-9.43399715423584
1781679276740.0457,-0.14709974825382233,-0.47071918845176697,-9.414383888244629
1781679276756.0337,-0.14709974825382233,-0.45110589265823364,-9.414383888244629
1781679276772.022,-0.16671304404735565,-0.45110589265823364,-9.43399715423584
1781679276788.009,-0.14709974825382233,-0.45110589265823364,-9.43399715423584
1781679276803.9973,-0.127486452460289,-0.45110589265823364,-9.43399715423584
1781679276819.9854,-0.127486452460289,-0.45110589265823364,-9.43399715423584
1781679276835.9746,-0.14709974825382233,-0.47071918845176697,-9.414383888244629
1781679276851.9626,-0.16671304404735565,-0.45110589265823364,-9.45361042022705
1781679276867.952,-0.18632633984088898,-0.45110589265823364,-9.43399715423584
1781679276883.94,-0.14709974825382233,-0.47071918845176697,-9.43399715423584
1781679276899.928,-0.127486452460289,-0.45110589265823364,-9.414383888244629
1781679276915.9182,-0.14709974825382233,-0.45110589265823364,-9.43399715423584
1781679276931.9062,-0.14709974825382233,-0.45110589265823364,-9.43399715423584
1781679276947.8936,-0.16671304404735565,-0.45110589265823364,-9.43399715423584
1781679276963.8826,-0.14709974825382233,-0.45110589265823364,-9.414383888244629
1781679276979.8699,-0.14709974825382233,-0.45110589265823364,-9.43399715423584
1781679276995.858,-0.16671304404735565,-0.45110589265823364,-9.43399715423584
1781679277011.8462,-0.14709974825382233,-0.45110589265823364,-9.43399715423584
1781679277027.8362,-0.14709974825382233,-0.47071918845176697,-9.414383888244629
1781679277043.8245,-0.14709974825382233,-0.45110589265823364,-9.43399715423584
1781679277059.8135,-0.16671304404735565,-0.4314925968647003,-9.414383888244629
1781679277075.8015,-0.14709974825382233,-0.45110589265823364,-9.43399715423584
1781679277091.7917,-0.127486452460289,-0.45110589265823364,-9.43399715423584
1781679277107.781,-0.127486452460289,-0.45110589265823364,-9.45361042022705
1781679277123.771,-0.16671304404735565,-0.47071918845176697,-9.43399715423584
1781679277139.7603,-0.16671304404735565,-0.45110589265823364,-9.45361042022705
1781679277155.7502,-0.14709974825382233,-0.4314925968647003,-9.43399715423584
1781679277171.7385,-0.10787314921617508,-0.45110589265823364,-9.43399715423584
1781679277187.7268,-0.127486452460289,-0.45110589265823364,-9.43399715423584
1781679277203.7153,-0.16671304404735565,-0.45110589265823364,-9.45361042022705
1781679277219.7039,-0.16671304404735565,-0.45110589265823364,-9.43399715423584
1781679277235.6912,-0.14709974825382233,-0.45110589265823364,-9.43399715423584
1781679277251.6785,-0.127486452460289,-0.45110589265823364,-9.43399715423584
1781679277267.664,-0.127486452460289,-0.45110589265823364,-9.414383888244629
1781679277283.6514,-0.16671304404735565,-0.4314925968647003,-9.45361042022705
1781679277299.6367,-0.16671304404735565,-0.45110589265823364,-9.43399715423584
1781679277315.6252,-0.14709974825382233,-0.47071918845176697,-9.43399715423584
1781679277331.6116,-0.14709974825382233,-0.45110589265823364,-9.414383888244629
1781679277347.5989,-0.16671304404735565,-0.4314925968647003,-9.43399715423584
1781679277363.5842,-0.16671304404735565,-0.4314925968647003,-9.43399715423584
1781679277379.5715,-0.14709974825382233,-0.4314925968647003,-9.43399715423584
1781679277395.559,-0.127486452460289,-0.4314925968647003,-9.43399715423584
1781679277411.5474,-0.14709974825382233,-0.45110589265823364,-9.43399715423584
1781679277427.5337,-0.14709974825382233,-0.45110589265823364,-9.43399715423584
1781679277443.521,-0.14709974825382233,-0.45110589265823364,-9.45361042022705
1781679277459.5083,-0.16671304404735565,-0.45110589265823364,-9.43399715423584
1781679277475.4946,-0.14709974825382233,-0.45110589265823364,-9.43399715423584
1781679277491.48,-0.14709974825382233,-0.45110589265823364,-9.43399715423584
1781679277507.4673,-0.16671304404735565,-0.45110589265823364,-9.43399715423584
1781679277523.4556,-0.16671304404735565,-0.45110589265823364,-9.43399715423584
1781679277539.4429,-0.127486452460289,-0.4314925968647003,-9.414383888244629
1781679277555.4312,-0.14709974825382233,-0.45110589265823364,-9.43399715423584
1781679277571.4175,-0.18632633984088898,-0.45110589265823364,-9.43399715423584
1781679277587.4058,-0.14709974825382233,-0.45110589265823364,-9.43399715423584
1781679277603.394,-0.14709974825382233,-0.45110589265823364,-9.414383888244629
1781679277619.3813,-0.127486452460289,-0.45110589265823364,-9.43399715423584
1781679277635.3706,-0.127486452460289,-0.45110589265823364,-9.43399715423584
1781679277651.359,-0.16671304404735565,-0.45110589265823364,-9.43399715423584
1781679277667.3472,-0.14709974825382233,-0.45110589265823364,-9.43399715423584
1781679277683.3364,-0.14709974825382233,-0.45110589265823364,-9.43399715423584
1781679277699.3237,-0.14709974825382233,-0.45110589265823364,-9.43399715423584
1781679277715.3108,-0.14709974825382233,-0.45110589265823364,-9.45361042022705
1781679277731.299,-0.14709974825382233,-0.45110589265823364,-9.43399715423584
1781679277747.2864,-0.16671304404735565,-0.45110589265823364,-9.45361042022705
1781679277763.2744,-0.14709974825382233,-0.45110589265823364,-9.43399715423584
1781679277779.2617,-0.127486452460289,-0.45110589265823364,-9.43399715423584
1781679277795.25,-0.14709974825382233,-0.45110589265823364,-9.414383888244629
1781679277811.238,-0.16671304404735565,-0.45110589265823364,-9.43399715423584
1781679277827.2263,-0.14709974825382233,-0.45110589265823364,-9.414383888244629
1781679277843.2156,-0.127486452460289,-0.45110589265823364,-9.45361042022705
1781679277859.2026,-0.14709974825382233,-0.45110589265823364,-9.43399715423584
1781679277875.192,-0.16671304404735565,-0.45110589265823364,-9.43399715423584
1781679277891.1792,-0.16671304404735565,-0.45110589265823364,-9.43399715423584
1781679277907.1663,-0.14709974825382233,-0.45110589265823364,-9.43399715423584
1781679277923.1555,-0.14709974825382233,-0.45110589265823364,-9.43399715423584
1781679277939.1426,-0.127486452460289,-0.45110589265823364,-9.43399715423584
1781679277955.1287,-0.16671304404735565,-0.45110589265823364,-9.414383888244629
1781679277971.117,-0.14709974825382233,-0.47071918845176697,-9.43399715423584
1781679277987.104,-0.16671304404735565,-0.45110589265823364,-9.414383888244629
1781679278003.091,-0.14709974825382233,-0.4314925968647003,-9.414383888244629
1781679278019.0784,-0.16671304404735565,-0.47071918845176697,-9.45361042022705
1781679278035.0635,-0.14709974825382233,-0.47071918845176697,-9.414383888244629
1781679278051.0496,-0.14709974825382233,-0.47071918845176697,-9.45361042022705
1781679278067.0366,-0.14709974825382233,-0.47071918845176697,-9.414383888244629
1781679278083.0237,-0.14709974825382233,-0.4314925968647003,-9.414383888244629
1781679278099.0107,-0.16671304404735565,-0.4314925968647003,-9.43399715423584
1781679278114.9978,-0.14709974825382233,-0.45110589265823364,-9.43399715423584
1781679278130.983,-0.14709974825382233,-0.4314925968647003,-9.43399715423584
1781679278146.968,-0.16671304404735565,-0.45110589265823364,-9.43399715423584
1781679278162.955,-0.16671304404735565,-0.45110589265823364,-9.43399715423584
1781679278178.9434,-0.14709974825382233,-0.45110589265823364,-9.43399715423584
1781679278194.9307,-0.14709974825382233,-0.45110589265823364,-9.43399715423584
1781679278210.9182,-0.14709974825382233,-0.45110589265823364,-9.43399715423584
1781679278226.9065,-0.14709974825382233,-0.45110589265823364,-9.43399715423584
1781679278242.896,-0.14709974825382233,-0.45110589265823364,-9.43399715423584
1781679278258.8833,-0.14709974825382233,-0.45110589265823364,-9.414383888244629
1781679278274.8708,-0.127486452460289,-0.45110589265823364,-9.43399715423584
1781679278290.8591,-0.14709974825382233,-0.47071918845176697,-9.414383888244629
1781679278306.8477,-0.14709974825382233,-0.45110589265823364,-9.43399715423584
1781679278322.835,-0.14709974825382233,-0.45110589265823364,-9.43399715423584
1781679278338.8223,-0.127486452460289,-0.4314925968647003,-9.414383888244629
1781679278354.8086,-0.14709974825382233,-0.4314925968647003,-9.43399715423584
1781679278370.795,-0.14709974825382233,-0.4314925968647003,-9.43399715423584
1781679278386.7803,-0.14709974825382233,-0.45110589265823364,-9.43399715423584
1781679278402.7688,-0.127486452460289,-0.45110589265823364,-9.43399715423584
1781679278418.756,-0.127486452460289,-0.45110589265823364,-9.414383888244629
1781679278434.7434,-0.14709974825382233,-0.45110589265823364,-9.414383888244629
1781679278450.7307,-0.16671304404735565,-0.45110589265823364,-9.43399715423584
1781679278466.718,-0.14709974825382233,-0.45110589265823364,-9.43399715423584
1781679278482.7053,-0.14709974825382233,-0.45110589265823364,-9.414383888244629
1781679278498.6948,-0.14709974825382233,-0.45110589265823364,-9.414383888244629
1781679278514.683,-0.127486452460289,-0.45110589265823364,-9.43399715423584
1781679278530.6714,-0.14709974825382233,-0.45110589265823364,-9.43399715423584
1781679278546.6587,-0.14709974825382233,-0.47071918845176697,-9.414383888244629
1781679278562.647,-0.14709974825382233,-0.45110589265823364,-9.43399715423584
1781679278578.6353,-0.14709974825382233,-0.45110589265823364,-9.43399715423584
1781679278594.6226,-0.14709974825382233,-0.45110589265823364,-9.45361042022705
1781679278610.6099,-0.16671304404735565,-0.45110589265823364,-9.414383888244629
1781679278626.598,-0.14709974825382233,-0.45110589265823364,-9.43399715423584
1781679278642.5862,-0.14709974825382233,-0.45110589265823364,-9.414383888244629
1781679278658.5735,-0.14709974825382233,-0.45110589265823364,-9.43399715423584
1781679278674.5618,-0.14709974825382233,-0.45110589265823364,-9.414383888244629
1781679278690.549,-0.127486452460289,-0.45110589265823364,-9.414383888244629
1781679278706.5364,-0.16671304404735565,-0.45110589265823364,-9.43399715423584
1781679278722.5254,-0.127486452460289,-0.45110589265823364,-9.43399715423584
1781679278738.5137,-0.14709974825382233,-0.47071918845176697,-9.43399715423584
1781679278754.501,-0.16671304404735565,-0.45110589265823364,-9.43399715423584
1781679278770.4883,-0.14709974825382233,-0.45110589265823364,-9.43399715423584
1781679278786.4773,-0.14709974825382233,-0.45110589265823364,-9.43399715423584
1781679278802.4666,-0.14709974825382233,-0.45110589265823364,-9.43399715423584
1781679278818.4548,-0.14709974825382233,-0.47071918845176697,-9.43399715423584
1781679278834.442,-0.16671304404735565,-0.45110589265823364,-9.43399715423584
1781679278850.4292,-0.14709974825382233,-0.45110589265823364,-9.43399715423584
1781679278866.4163,-0.14709974825382233,-0.4314925968647003,-9.414383888244629
1781679278882.4026,-0.14709974825382233,-0.45110589265823364,-9.414383888244629
1781679278898.3896,-0.14709974825382233,-0.45110589265823364,-9.43399715423584
1781679278914.377,-0.16671304404735565,-0.4314925968647003,-9.414383888244629
1781679278930.364,-0.16671304404735565,-0.45110589265823364,-9.43399715423584
1781679278946.351,-0.14709974825382233,-0.45110589265823364,-9.414383888244629
1781679278962.3374,-0.14709974825382233,-0.45110589265823364,-9.43399715423584
1781679278978.3235,-0.16671304404735565,-0.45110589265823364,-9.414383888244629
1781679278994.3105,-0.16671304404735565,-0.4314925968647003,-9.414383888244629
1781679279010.2976,-0.127486452460289,-0.45110589265823364,-9.43399715423584
1781679279026.284,-0.14709974825382233,-0.47071918845176697,-9.43399715423584
1781679279042.286,-0.16671304404735565,-0.4314925968647003,-9.414383888244629
1781679279058.257,-0.16671304404735565,-0.4314925968647003,-9.43399715423584
1781679279074.246,-0.14709974825382233,-0.45110589265823364,-9.43399715423584
1781679279090.2363,-0.14709974825382233,-0.45110589265823364,-9.43399715423584
1781679279106.2244,-0.14709974825382233,-0.47071918845176697,-9.414383888244629
1781679279122.2114,-0.16671304404735565,-0.45110589265823364,-9.43399715423584
1781679279138.1995,-0.16671304404735565,-0.45110589265823364,-9.43399715423584
1781679279154.1875,-0.127486452460289,-0.45110589265823364,-9.43399715423584
1781679279170.1758,-0.14709974825382233,-0.45110589265823364,-9.43399715423584
1781679279186.1677,-0.16671304404735565,-0.45110589265823364,-9.43399715423584
1781679279202.162,-0.18632633984088898,-0.45110589265823364,-9.43399715423584
1781679279218.1577,-0.16671304404735565,-0.45110589265823364,-9.43399715423584
1781679279234.153,-0.14709974825382233,-0.45110589265823364,-9.45361042022705
1781679279250.1487,-0.14709974825382233,-0.45110589265823364,-9.45361042022705
1781679279266.1443,-0.14709974825382233,-0.4314925968647003,-9.414383888244629
1781679279282.1401,-0.16671304404735565,-0.45110589265823364,-9.43399715423584
1781679279298.1357,-0.14709974825382233,-0.4314925968647003,-9.414383888244629
1781679279314.1316,-0.127486452460289,-0.4314925968647003,-9.43399715423584
1781679279330.1265,-0.127486452460289,-0.47071918845176697,-9.414383888244629
1781679279346.1243,-0.16671304404735565,-0.45110589265823364,-9.43399715423584
1781679279362.1191,-0.16671304404735565,-0.45110589265823364,-9.414383888244629
1781679279378.1152,-0.127486452460289,-0.4314925968647003,-9.45361042022705
1781679279394.11,-0.127486452460289,-0.45110589265823364,-9.43399715423584
1781679279410.1042,-0.14709974825382233,-0.45110589265823364,-9.414383888244629
1781679279426.0994,-0.16671304404735565,-0.45110589265823364,-9.45361042022705
1781679279442.0955,-0.14709974825382233,-0.45110589265823364,-9.43399715423584
1781679279458.0916,-0.127486452460289,-0.45110589265823364,-9.43399715423584
1781679279474.0857,-0.127486452460289,-0.47071918845176697,-9.43399715423584
1781679279490.082,-0.14709974825382233,-0.4314925968647003,-9.43399715423584
1781679279506.0784,-0.16671304404735565,-0.4314925968647003,-9.43399715423584
1781679279522.0757,-0.14709974825382233,-0.45110589265823364,-9.43399715423584
1781679279538.07,-0.14709974825382233,-0.47071918845176697,-9.43399715423584
1781679279554.0676,-0.14709974825382233,-0.47071918845176697,-9.414383888244629
1781679279570.064,-0.16671304404735565,-0.4314925968647003,-9.43399715423584
1781679279586.0605,-0.16671304404735565,-0.4314925968647003,-9.414383888244629
1781679279602.0571,-0.14709974825382233,-0.47071918845176697,-9.414383888244629
1781679279618.0537,-0.14709974825382233,-0.45110589265823364,-9.43399715423584
1781679279634.0496,-0.16671304404735565,-0.45110589265823364,-9.414383888244629
1781679279650.0452,-0.16671304404735565,-0.4314925968647003,-9.45361042022705
1781679279666.042,-0.16671304404735565,-0.4314925968647003,-9.43399715423584
1781679279682.0398,-0.127486452460289,-0.45110589265823364,-9.414383888244629
1781679279698.0366,-0.14709974825382233,-0.45110589265823364,-9.414383888244629
1781679279714.0344,-0.16671304404735565,-0.45110589265823364,-9.45361042022705
1781679279730.0315,-0.16671304404735565,-0.45110589265823364,-9.43399715423584
1781679279746.0273,-0.14709974825382233,-0.45110589265823364,-9.414383888244629
1781679279762.0234,-0.127486452460289,-0.45110589265823364,-9.43399715423584
1781679279778.0215,-0.16671304404735565,-0.4314925968647003,-9.414383888244629
1781679279794.0176,-0.16671304404735565,-0.45110589265823364,-9.45361042022705
1781679279810.015,-0.14709974825382233,-0.47071918845176697,-9.43399715423584
1781679279826.012,-0.14709974825382233,-0.47071918845176697,-9.43399715423584
1781679279842.0093,-0.14709974825382233,-0.45110589265823364,-9.43399715423584
1781679279858.0066,-0.16671304404735565,-0.45110589265823364,-9.43399715423584
1781679279874.005,-0.14709974825382233,-0.45110589265823364,-9.414383888244629
1781679279890.0044,-0.127486452460289,-0.4314925968647003,-9.414383888244629
1781679279906.0027,-0.14709974825382233,-0.45110589265823364,-9.43399715423584
1781679279921.9993,-0.16671304404735565,-0.4314925968647003,-9.43399715423584
1781679279937.9968,-0.16671304404735565,-0.4314925968647003,-9.43399715423584
1781679279953.9934,-0.127486452460289,-0.4314925968647003,-9.414383888244629
1781679279969.993,-0.127486452460289,-0.45110589265823364,-9.45361042022705
1781679279985.9917,-0.14709974825382233,-0.47071918845176697,-9.414383888244629
1781679280001.9893,-0.16671304404735565,-0.45110589265823364,-9.43399715423584
1781679280017.988,-0.14709974825382233,-0.45110589265823364,-9.43399715423584
1781679280033.9878,-0.127486452460289,-0.45110589265823364,-9.43399715423584
1781679280049.9868,-0.14709974825382233,-0.4314925968647003,-9.43399715423584
1781679280065.9856,-0.16671304404735565,-0.45110589265823364,-9.43399715423584
1781679280081.9827,-0.16671304404735565,-0.45110589265823364,-9.43399715423584
1781679280097.9805,-0.14709974825382233,-0.45110589265823364,-9.45361042022705
1781679280113.9785,-0.14709974825382233,-0.45110589265823364,-9.43399715423584
1781679280129.9775,-0.14709974825382233,-0.4314925968647003,-9.43399715423584
1781679280145.9778,-0.14709974825382233,-0.45110589265823364,-9.414383888244629
1781679280161.9778,-0.16671304404735565,-0.45110589265823364,-9.45361042022705
1781679280177.9766,-0.14709974825382233,-0.47071918845176697,-9.43399715423584
1781679280193.9673,-0.127486452460289,-0.45110589265823364,-9.45361042022705
1781679280209.958,-0.14709974825382233,-0.45110589265823364,-9.43399715423584
1781679280225.9487,-0.14709974825382233,-0.4314925968647003,-9.43399715423584
1781679280241.9385,-0.14709974825382233,-0.4314925968647003,-9.43399715423584
1781679280257.9282,-0.16671304404735565,-0.45110589265823364,-9.45361042022705
1781679280273.918,-0.14709974825382233,-0.45110589265823364,-9.43399715423584
1781679280289.9087,-0.16671304404735565,-0.45110589265823364,-9.414383888244629
1781679280305.8994,-0.14709974825382233,-0.4314925968647003,-9.43399715423584
1781679280321.8892,-0.16671304404735565,-0.45110589265823364,-9.43399715423584
1781679280337.88,-0.14709974825382233,-0.45110589265823364,-9.414383888244629
1781679280353.8706,-0.14709974825382233,-0.47071918845176697,-9.43399715423584
1781679280369.8604,-0.14709974825382233,-0.47071918845176697,-9.45361042022705
1781679280385.851,-0.14709974825382233,-0.4314925968647003,-9.414383888244629
1781679280401.8418,-0.14709974825382233,-0.4314925968647003,-9.43399715423584
1781679280417.8335,-0.14709974825382233,-0.45110589265823364,-9.43399715423584
1781679280433.8242,-0.14709974825382233,-0.47071918845176697,-9.43399715423584
1781679280449.813,-0.16671304404735565,-0.45110589265823364,-9.414383888244629
1781679280465.8037,-0.14709974825382233,-0.45110589265823364,-9.45361042022705
1781679280481.7925,-0.14709974825382233,-0.45110589265823364,-9.43399715423584
1781679280497.7832,-0.14709974825382233,-0.45110589265823364,-9.43399715423584
1781679280513.773,-0.14709974825382233,-0.45110589265823364,-9.43399715423584
1781679280529.7625,-0.14709974825382233,-0.45110589265823364,-9.43399715423584
1781679280545.7532,-0.14709974825382233,-0.4314925968647003,-9.414383888244629
1781679280561.742,-0.14709974825382233,-0.45110589265823364,-9.43399715423584
1781679280577.7317,-0.14709974825382233,-0.45110589265823364,-9.43399715423584
1781679280593.7214,-0.16671304404735565,-0.45110589265823364,-9.43399715423584
1781679280609.7122,-0.14709974825382233,-0.45110589265823364,-9.45361042022705
1781679280625.702,-0.14709974825382233,-0.4314925968647003,-9.43399715423584
1781679280641.6907,-0.14709974825382233,-0.45110589265823364,-9.43399715423584
1781679280657.6794,-0.14709974825382233,-0.45110589265823364,-9.45361042022705
1781679280673.667,-0.16671304404735565,-0.45110589265823364,-9.414383888244629
1781679280689.6577,-0.16671304404735565,-0.45110589265823364,-9.43399715423584
1781679280705.6475,-0.14709974825382233,-0.45110589265823364,-9.43399715423584
1781679280721.6372,-0.127486452460289,-0.45110589265823364,-9.45361042022705
1781679280737.624,-0.14709974825382233,-0.4314925968647003,-9.414383888244629
1781679280753.6116,-0.16671304404735565,-0.4314925968647003,-9.414383888244629
1781679280769.5994,-0.18632633984088898,-0.45110589265823364,-9.43399715423584
1781679280785.5862,-0.127486452460289,-0.47071918845176697,-9.43399715423584
1781679280801.5737,-0.127486452460289,-0.45110589265823364,-9.43399715423584
1781679280817.5605,-0.16671304404735565,-0.45110589265823364,-9.43399715423584
1781679280833.5483,-0.16671304404735565,-0.45110589265823364,-9.43399715423584
1781679280849.5369,-0.16671304404735565,-0.4314925968647003,-9.43399715423584
1781679280865.5256,-0.14709974825382233,-0.45110589265823364,-9.43399715423584
1781679280881.5134,-0.14709974825382233,-0.45110589265823364,-9.43399715423584
1781679280897.5,-0.16671304404735565,-0.4314925968647003,-9.45361042022705
1781679280913.4878,-0.14709974825382233,-0.47071918845176697,-9.43399715423584
1781679280929.4756,-0.14709974825382233,-0.47071918845176697,-9.45361042022705
1781679280945.4644,-0.14709974825382233,-0.45110589265823364,-9.43399715423584
1781679280961.452,-0.16671304404735565,-0.45110589265823364,-9.43399715423584
1781679280977.4407,-0.16671304404735565,-0.45110589265823364,-9.414383888244629
1781679280993.4285,-0.14709974825382233,-0.47071918845176697,-9.43399715423584
1781679281009.4182,-0.14709974825382233,-0.47071918845176697,-9.43399715423584
1781679281025.4067,-0.16671304404735565,-0.45110589265823364,-9.43399715423584
1781679281041.3965,-0.16671304404735565,-0.45110589265823364,-9.45361042022705
1781679281057.3862,-0.16671304404735565,-0.45110589265823364,-9.43399715423584
1781679281073.377,-0.14709974825382233,-0.45110589265823364,-9.414383888244629
1781679281089.3667,-0.127486452460289,-0.45110589265823364,-9.45361042022705
1781679281105.3545,-0.14709974825382233,-0.45110589265823364,-9.43399715423584
1781679281121.342,-0.18632633984088898,-0.4314925968647003,-9.414383888244629
1781679281137.3308,-0.14709974825382233,-0.47071918845176697,-9.45361042022705
1781679281153.3186,-0.14709974825382233,-0.45110589265823364,-9.43399715423584
1781679281169.3052,-0.10787314921617508,-0.4314925968647003,-9.43399715423584
1781679281185.293,-0.16671304404735565,-0.4314925968647003,-9.43399715423584
1781679281201.281,-0.16671304404735565,-0.4314925968647003,-9.45361042022705
1781679281217.27,-0.14709974825382233,-0.45110589265823364,-9.414383888244629
1781679281233.259,-0.14709974825382233,-0.45110589265823364,-9.414383888244629
1781679281249.248,-0.14709974825382233,-0.45110589265823364,-9.43399715423584
1781679281265.2393,-0.16671304404735565,-0.45110589265823364,-9.43399715423584
1781679281281.2292,-0.14709974825382233,-0.4314925968647003,-9.414383888244629
1781679281297.2212,-0.127486452460289,-0.4314925968647003,-9.43399715423584
1781679281313.2092,-0.14709974825382233,-0.45110589265823364,-9.414383888244629
1781679281329.1982,-0.16671304404735565,-0.45110589265823364,-9.414383888244629
1781679281345.1873,-0.16671304404735565,-0.45110589265823364,-9.45361042022705
1781679281361.1753,-0.14709974825382233,-0.4314925968647003,-9.43399715423584
1781679281377.1633,-0.14709974825382233,-0.45110589265823364,-9.43399715423584
1781679281393.1523,-0.14709974825382233,-0.4314925968647003,-9.43399715423584
1781679281409.1414,-0.16671304404735565,-0.45110589265823364,-9.43399715423584
1781679281425.1304,-0.16671304404735565,-0.45110589265823364,-9.43399715423584
1781679281441.1206,-0.14709974825382233,-0.45110589265823364,-9.45361042022705
1781679281457.1106,-0.127486452460289,-0.45110589265823364,-9.414383888244629
1781679281473.0996,-0.14709974825382233,-0.4314925968647003,-9.43399715423584
1781679281489.0896,-0.16671304404735565,-0.45110589265823364,-9.43399715423584
1781679281505.0786,-0.16671304404735565,-0.45110589265823364,-9.43399715423584
1781679281521.0657,-0.127486452460289,-0.45110589265823364,-9.45361042022705
1781679281537.0547,-0.14709974825382233,-0.47071918845176697,-9.43399715423584
1781679281553.0417,-0.16671304404735565,-0.4314925968647003,-9.414383888244629
1781679281569.0288,-0.16671304404735565,-0.4314925968647003,-9.43399715423584
1781679281585.0159,-0.14709974825382233,-0.45110589265823364,-9.43399715423584
1781679281601.004,-0.127486452460289,-0.45110589265823364,-9.43399715423584
1781679281616.992,-0.16671304404735565,-0.45110589265823364,-9.43399715423584
1781679281632.98,-0.16671304404735565,-0.4314925968647003,-9.43399715423584
1781679281648.968,-0.16671304404735565,-0.45110589265823364,-9.43399715423584
1781679281664.957,-0.127486452460289,-0.4314925968647003,-9.43399715423584
1781679281680.945,-0.14709974825382233,-0.47071918845176697,-9.43399715423584
1781679281696.9321,-0.14709974825382233,-0.45110589265823364,-9.43399715423584
1781679281712.9202,-0.16671304404735565,-0.47071918845176697,-9.43399715423584
1781679281728.9082,-0.14709974825382233,-0.47071918845176697,-9.414383888244629
1781679281744.8962,-0.127486452460289,-0.45110589265823364,-9.45361042022705
1781679281760.8823,-0.14709974825382233,-0.45110589265823364,-9.414383888244629
1781679281776.8694,-0.16671304404735565,-0.45110589265823364,-9.45361042022705
1781679281792.8574,-0.16671304404735565,-0.4314925968647003,-9.414383888244629
1781679281808.8464,-0.14709974825382233,-0.45110589265823364,-9.43399715423584
1781679281824.8345,-0.14709974825382233,-0.45110589265823364,-9.45361042022705
1781679281840.8215,-0.16671304404735565,-0.45110589265823364,-9.473223686218262
1781679281856.8096,-0.16671304404735565,-0.45110589265823364,-9.43399715423584
1781679281872.7986,-0.127486452460289,-0.45110589265823364,-9.43399715423584
1781679281888.7869,-0.127486452460289,-0.4314925968647003,-9.414383888244629
1781679281904.776,-0.127486452460289,-0.45110589265823364,-9.45361042022705
1781679281920.764,-0.14709974825382233,-0.47071918845176697,-9.43399715423584
1781679281936.753,-0.14709974825382233,-0.45110589265823364,-9.43399715423584
1781679281952.741,-0.14709974825382233,-0.45110589265823364,-9.43399715423584
1781679281968.729,-0.127486452460289,-0.45110589265823364,-9.43399715423584
1781679281984.716,-0.14709974825382233,-0.4314925968647003,-9.43399715423584
1781679282000.704,-0.16671304404735565,-0.4314925968647003,-9.43399715423584
1781679282016.6921,-0.16671304404735565,-0.45110589265823364,-9.414383888244629
1781679282032.6792,-0.14709974825382233,-0.45110589265823364,-9.43399715423584
1781679282048.6685,-0.127486452460289,-0.4314925968647003,-9.414383888244629
1781679282064.6565,-0.127486452460289,-0.47071918845176697,-9.43399715423584
1781679282080.6436,-0.14709974825382233,-0.4314925968647003,-9.43399715423584
1781679282096.6316,-0.14709974825382233,-0.45110589265823364,-9.43399715423584
1781679282112.6177,-0.14709974825382233,-0.45110589265823364,-9.414383888244629
1781679282128.6057,-0.14709974825382233,-0.47071918845176697,-9.43399715423584
1781679282144.5947,-0.14709974825382233,-0.4314925968647003,-9.45361042022705
1781679282160.5837,-0.14709974825382233,-0.45110589265823364,-9.414383888244629
1781679282176.573,-0.14709974825382233,-0.45110589265823364,-9.43399715423584
1781679282192.5598,-0.14709974825382233,-0.45110589265823364,-9.43399715423584
1781679282208.5476,-0.16671304404735565,-0.45110589265823364,-9.414383888244629
1781679282224.5354,-0.14709974825382233,-0.45110589265823364,-9.43399715423584
1781679282240.5234,-0.14709974825382233,-0.45110589265823364,-9.414383888244629
1781679282256.5122,-0.14709974825382233,-0.47071918845176697,-9.43399715423584
1781679282272.499,-0.16671304404735565,-0.4314925968647003,-9.45361042022705
1781679282288.4849,-0.16671304404735565,-0.45110589265823364,-9.43399715423584
1781679282304.4707,-0.16671304404735565,-0.45110589265823364,-9.43399715423584
1781679282320.4568,-0.14709974825382233,-0.4314925968647003,-9.414383888244629
1781679282336.4436,-0.14709974825382233,-0.45110589265823364,-9.43399715423584
1781679282352.4304,-0.14709974825382233,-0.45110589265823364,-9.43399715423584
1781679282368.4163,-0.14709974825382233,-0.47071918845176697,-9.43399715423584
1781679282384.403,-0.16671304404735565,-0.45110589265823364,-9.45361042022705
1781679282400.39,-0.14709974825382233,-0.45110589265823364,-9.43399715423584
1781679282416.377,-0.127486452460289,-0.45110589265823364,-9.414383888244629
1781679282432.3657,-0.14709974825382233,-0.45110589265823364,-9.43399715423584
1781679282448.3545,-0.16671304404735565,-0.45110589265823364,-9.43399715423584
1781679282464.3425,-0.14709974825382233,-0.4314925968647003,-9.45361042022705
1781679282480.3313,-0.14709974825382233,-0.4314925968647003,-9.414383888244629
1781679282496.318,-0.127486452460289,-0.47071918845176697,-9.43399715423584
1781679282512.304,-0.16671304404735565,-0.45110589265823364,-9.43399715423584
1781679282528.292,-0.16671304404735565,-0.45110589265823364,-9.43399715423584
1781679282544.2798,-0.14709974825382233,-0.45110589265823364,-9.43399715423584
1781679282560.2666,-0.14709974825382233,-0.45110589265823364,-9.43399715423584
1781679282576.2556,-0.14709974825382233,-0.45110589265823364,-9.43399715423584
1781679282592.2424,-0.16671304404735565,-0.45110589265823364,-9.414383888244629
1781679282608.2302,-0.14709974825382233,-0.4314925968647003,-9.43399715423584
1781679282624.217,-0.14709974825382233,-0.45110589265823364,-9.43399715423584
1781679282640.205,-0.127486452460289,-0.45110589265823364,-9.414383888244629
1781679282656.1938,-0.14709974825382233,-0.45110589265823364,-9.414383888244629
1781679282672.1816,-0.16671304404735565,-0.47071918845176697,-9.43399715423584
1781679282688.1707,-0.14709974825382233,-0.45110589265823364,-9.414383888244629
1781679282704.1594,-0.127486452460289,-0.4314925968647003,-9.414383888244629
1781679282720.1484,-0.14709974825382233,-0.4314925968647003,-9.414383888244629
1781679282736.1372,-0.16671304404735565,-0.4314925968647003,-9.45361042022705
1781679282752.125,-0.16671304404735565,-0.45110589265823364,-9.43399715423584
1781679282768.113,-0.14709974825382233,-0.45110589265823364,-9.43399715423584
1781679282784.1008,-0.14709974825382233,-0.47071918845176697,-9.43399715423584
1781679282800.0886,-0.16671304404735565,-0.45110589265823364,-9.43399715423584
1781679282816.0767,-0.16671304404735565,-0.45110589265823364,-9.43399715423584
1781679282832.0654,-0.14709974825382233,-0.45110589265823364,-9.414383888244629
1781679282848.0542,-0.14709974825382233,-0.45110589265823364,-9.43399715423584
1781679282864.0422,-0.127486452460289,-0.45110589265823364,-9.43399715423584
1781679282880.03,-0.14709974825382233,-0.45110589265823364,-9.45361042022705
1781679282896.019,-0.14709974825382233,-0.4314925968647003,-9.43399715423584
1781679282912.0068,-0.16671304404735565,-0.45110589265823364,-9.43399715423584
1781679282927.9956,-0.14709974825382233,-0.45110589265823364,-9.43399715423584
1781679282943.9856,-0.14709974825382233,-0.4314925968647003,-9.43399715423584
1781679282959.9744,-0.16671304404735565,-0.45110589265823364,-9.43399715423584
1781679282975.9644,-0.14709974825382233,-0.45110589265823364,-9.43399715423584
1781679282991.9531,-0.14709974825382233,-0.4314925968647003,-9.414383888244629
1781679283007.9412,-0.14709974825382233,-0.45110589265823364,-9.43399715423584
1781679283023.93,-0.14709974825382233,-0.47071918845176697,-9.414383888244629
1781679283039.9177,-0.16671304404735565,-0.45110589265823364,-9.43399715423584
1781679283055.9067,-0.14709974825382233,-0.4314925968647003,-9.43399715423584
1781679283071.8936,-0.14709974825382233,-0.45110589265823364,-9.43399715423584
1781679283087.8816,-0.16671304404735565,-0.47071918845176697,-9.43399715423584
1781679283103.8684,-0.14709974825382233,-0.45110589265823364,-9.414383888244629
1781679283119.8562,-0.16671304404735565,-0.45110589265823364,-9.43399715423584
1781679283135.8452,-0.14709974825382233,-0.4314925968647003,-9.43399715423584
1781679283151.835,-0.14709974825382233,-0.45110589265823364,-9.43399715423584
1781679283167.824,-0.14709974825382233,-0.45110589265823364,-9.414383888244629
1781679283183.8127,-0.16671304404735565,-0.45110589265823364,-9.43399715423584
1781679283199.8027,-0.16671304404735565,-0.45110589265823364,-9.43399715423584
1781679283215.7944,-0.14709974825382233,-0.45110589265823364,-9.45361042022705
1781679283231.7854,-0.127486452460289,-0.45110589265823364,-9.45361042022705
1781679283247.7764,-0.14709974825382233,-0.4314925968647003,-9.43399715423584
1781679283263.767,-0.16671304404735565,-0.45110589265823364,-9.414383888244629
1781679283279.758,-0.14709974825382233,-0.45110589265823364,-9.414383888244629
1781679283295.7468,-0.14709974825382233,-0.45110589265823364,-9.414383888244629
1781679283311.7378,-0.127486452460289,-0.45110589265823364,-9.43399715423584
1781679283327.7268,-0.14709974825382233,-0.45110589265823364,-9.43399715423584
1781679283343.7156,-0.14709974825382233,-0.45110589265823364,-9.43399715423584
1781679283359.7046,-0.14709974825382233,-0.45110589265823364,-9.43399715423584
1781679283375.6956,-0.127486452460289,-0.45110589265823364,-9.43399715423584
1781679283391.6853,-0.14709974825382233,-0.45110589265823364,-9.43399715423584
1781679283407.6753,-0.16671304404735565,-0.4314925968647003,-9.414383888244629
1781679283423.6643,-0.14709974825382233,-0.4314925968647003,-9.43399715423584
1781679283439.653,-0.14709974825382233,-0.45110589265823364,-9.43399715423584
1781679283455.643,-0.14709974825382233,-0.45110589265823364,-9.43399715423584
1781679283471.633,-0.16671304404735565,-0.4314925968647003,-9.43399715423584
1781679283487.6218,-0.16671304404735565,-0.4314925968647003,-9.45361042022705
1781679283503.6108,-0.14709974825382233,-0.45110589265823364,-9.43399715423584
1781679283519.5999,-0.14709974825382233,-0.47071918845176697,-9.43399715423584
1781679283535.5896,-0.16671304404735565,-0.45110589265823364,-9.43399715423584
1781679283551.5786,-0.16671304404735565,-0.4314925968647003,-9.43399715423584
1781679283567.5686,-0.14709974825382233,-0.45110589265823364,-9.43399715423584
1781679283583.5576,-0.127486452460289,-0.45110589265823364,-9.43399715423584
1781679283599.5466,-0.127486452460289,-0.45110589265823364,-9.414383888244629
1781679283615.5334,-0.14709974825382233,-0.45110589265823364,-9.43399715423584
1781679283631.5215,-0.18632633984088898,-0.4314925968647003,-9.414383888244629
1781679283647.5095,-0.14709974825382233,-0.45110589265823364,-9.43399715423584
1781679283663.4963,-0.10787314921617508,-0.47071918845176697,-9.45361042022705
1781679283679.4854,-0.127486452460289,-0.45110589265823364,-9.414383888244629
1781679283695.4744,-0.18632633984088898,-0.45110589265823364,-9.43399715423584
1781679283711.4663,-0.16671304404735565,-0.45110589265823364,-9.414383888244629
1781679283727.4573,-0.14709974825382233,-0.45110589265823364,-9.414383888244629
1781679283743.4482,-0.127486452460289,-0.45110589265823364,-9.414383888244629
1781679283759.4382,-0.16671304404735565,-0.45110589265823364,-9.43399715423584
1781679283775.4292,-0.16671304404735565,-0.4314925968647003,-9.43399715423584
1781679283791.4202,-0.14709974825382233,-0.45110589265823364,-9.43399715423584
1781679283807.4102,-0.127486452460289,-0.45110589265823364,-9.414383888244629
1781679283823.4014,-0.16671304404735565,-0.45110589265823364,-9.43399715423584
1781679283839.3923,-0.16671304404735565,-0.45110589265823364,-9.414383888244629
1781679283855.3813,-0.16671304404735565,-0.45110589265823364,-9.43399715423584
1781679283871.3723,-0.14709974825382233,-0.45110589265823364,-9.43399715423584
1781679283887.3633,-0.14709974825382233,-0.45110589265823364,-9.45361042022705
1781679283903.3533,-0.14709974825382233,-0.45110589265823364,-9.43399715423584
1781679283919.3433,-0.16671304404735565,-0.45110589265823364,-9.43399715423584
1781679283935.3323,-0.14709974825382233,-0.45110589265823364,-9.414383888244629
1781679283951.3223,-0.14709974825382233,-0.45110589265823364,-9.414383888244629
1781679283967.3125,-0.14709974825382233,-0.45110589265823364,-9.43399715423584
1781679283983.3005,-0.16671304404735565,-0.45110589265823364,-9.43399715423584
1781679283999.2896,-0.14709974825382233,-0.45110589265823364,-9.43399715423584
1781679284015.2795,-0.127486452460289,-0.47071918845176697,-9.43399715423584
1781679284031.2686,-0.14709974825382233,-0.45110589265823364,-9.43399715423584
1781679284047.2595,-0.16671304404735565,-0.4314925968647003,-9.43399715423584
1781679284063.2488,-0.14709974825382233,-0.4314925968647003,-9.43399715423584
1781679284079.2388,-0.14709974825382233,-0.4314925968647003,-9.414383888244629
1781679284095.2297,-0.14709974825382233,-0.45110589265823364,-9.414383888244629
1781679284111.221,-0.16671304404735565,-0.45110589265823364,-9.43399715423584
1781679284127.211,-0.16671304404735565,-0.45110589265823364,-9.43399715423584
1781679284143.202,-0.14709974825382233,-0.45110589265823364,-9.43399715423584
1781679284159.193,-0.127486452460289,-0.4314925968647003,-9.43399715423584
1781679284175.184,-0.14709974825382233,-0.4314925968647003,-9.414383888244629
1781679284191.1743,-0.16671304404735565,-0.45110589265823364,-9.43399715423584
1781679284207.163,-0.16671304404735565,-0.45110589265823364,-9.43399715423584
1781679284223.1538,-0.16671304404735565,-0.47071918845176697,-9.43399715423584
1781679284239.1426,-0.14709974825382233,-0.4314925968647003,-9.414383888244629
1781679284255.1323,-0.14709974825382233,-0.45110589265823364,-9.414383888244629
1781679284271.122,-0.14709974825382233,-0.45110589265823364,-9.45361042022705
1781679284287.1108,-0.14709974825382233,-0.47071918845176697,-9.43399715423584
1781679284303.0964,-0.16671304404735565,-0.45110589265823364,-9.414383888244629
1781679284319.0842,-0.16671304404735565,-0.45110589265823364,-9.43399715423584
1781679284335.072,-0.127486452460289,-0.4314925968647003,-9.414383888244629
1781679284351.0598,-0.14709974825382233,-0.45110589265823364,-9.414383888244629
1781679284367.0476,-0.16671304404735565,-0.45110589265823364,-9.43399715423584
1781679284383.037,-0.16671304404735565,-0.45110589265823364,-9.43399715423584
1781679284399.026,-0.16671304404735565,-0.45110589265823364,-9.45361042022705
1781679284415.0117,-0.14709974825382233,-0.45110589265823364,-9.43399715423584
1781679284431.0005,-0.14709974825382233,-0.45110589265823364,-9.414383888244629
1781679284446.987,-0.14709974825382233,-0.45110589265823364,-9.414383888244629
1781679284462.9758,-0.14709974825382233,-0.45110589265823364,-9.414383888244629
1781679284478.9626,-0.16671304404735565,-0.45110589265823364,-9.43399715423584
1781679284494.9514,-0.127486452460289,-0.45110589265823364,-9.43399715423584
1781679284510.9392,-0.14709974825382233,-0.4314925968647003,-9.43399715423584
1781679284526.9268,-0.14709974825382233,-0.4314925968647003,-9.43399715423584
1781679284542.9136,-0.14709974825382233,-0.4314925968647003,-9.43399715423584
1781679284558.9004,-0.127486452460289,-0.47071918845176697,-9.43399715423584
1781679284574.887,-0.14709974825382233,-0.45110589265823364,-9.43399715423584
1781679284590.8757,-0.16671304404735565,-0.45110589265823364,-9.43399715423584
1781679284606.8625,-0.14709974825382233,-0.4314925968647003,-9.43399715423584
1781679284622.8503,-0.14709974825382233,-0.45110589265823364,-9.43399715423584
1781679284638.839,-0.14709974825382233,-0.4314925968647003,-9.414383888244629
1781679284654.8247,-0.14709974825382233,-0.47071918845176697,-9.45361042022705
1781679284670.8125,-0.16671304404735565,-0.45110589265823364,-9.414383888244629
1781679284686.8013,-0.14709974825382233,-0.45110589265823364,-9.43399715423584
1781679284702.7878,-0.14709974825382233,-0.45110589265823364,-9.43399715423584
1781679284718.7766,-0.127486452460289,-0.4314925968647003,-9.43399715423584
1781679284734.7634,-0.14709974825382233,-0.45110589265823364,-9.43399715423584
1781679284750.7522,-0.16671304404735565,-0.4314925968647003,-9.43399715423584
1781679284766.74,-0.14709974825382233,-0.47071918845176697,-9.43399715423584
1781679284782.7275,-0.14709974825382233,-0.45110589265823364,-9.414383888244629
1781679284798.7144,-0.14709974825382233,-0.47071918845176697,-9.414383888244629
1781679284814.704,-0.16671304404735565,-0.45110589265823364,-9.45361042022705
1781679284830.6938,-0.14709974825382233,-0.45110589265823364,-9.43399715423584
1781679284846.6836,-0.14709974825382233,-0.45110589265823364,-9.414383888244629
1781679284862.6753,-0.14709974825382233,-0.45110589265823364,-9.43399715423584
1781679284878.667,-0.14709974825382233,-0.45110589265823364,-9.43399715423584
1781679284894.6567,-0.14709974825382233,-0.45110589265823364,-9.43399715423584
1781679307691.2834,0.14709974825382233,-0.32361945509910583,9.81645679473877
1781679307707.213,0.14709974825382233,-0.34323275089263916,9.83607006072998
1781679307723.1448,0.127486452460289,-0.32361945509910583,9.83607006072998
1781679307739.0754,0.14709974825382233,-0.32361945509910583,9.855683326721191
1781679307755.007,0.14709974825382233,-0.32361945509910583,9.83607006072998
1781679307770.9375,0.14709974825382233,-0.32361945509910583,9.81645679473877
1781679307786.8684,0.127486452460289,-0.34323275089263916,9.83607006072998
1781679307802.7983,0.127486452460289,-0.32361945509910583,9.81645679473877
1781679307818.73,0.14709974825382233,-0.34323275089263916,9.83607006072998
1781679307834.6584,0.14709974825382233,-0.32361945509910583,9.81645679473877
1781679307850.5896,0.14709974825382233,-0.32361945509910583,9.81645679473877
1781679307866.5205,0.14709974825382233,-0.32361945509910583,9.81645679473877
1781679307882.4502,0.14709974825382233,-0.32361945509910583,9.855683326721191
1781679307898.3796,0.14709974825382233,-0.32361945509910583,9.83607006072998
1781679307914.3088,0.14709974825382233,-0.32361945509910583,9.81645679473877
1781679307930.236,0.14709974825382233,-0.32361945509910583,9.81645679473877
1781679307946.1648,0.14709974825382233,-0.32361945509910583,9.855683326721191
1781679307962.0942,0.14709974825382233,-0.32361945509910583,9.83607006072998
1781679307978.0247,0.14709974825382233,-0.32361945509910583,9.83607006072998
1781679307993.9539,0.16671304404735565,-0.32361945509910583,9.81645679473877
1781679308009.8828,0.14709974825382233,-0.34323275089263916,9.83607006072998
1781679308025.8103,0.127486452460289,-0.34323275089263916,9.83607006072998
1781679308041.7388,0.127486452460289,-0.32361945509910583,9.81645679473877
1781679308057.666,0.14709974825382233,-0.3040061295032501,9.81645679473877
1781679308073.593,0.14709974825382233,-0.32361945509910583,9.855683326721191
1781679308089.5217,0.127486452460289,-0.32361945509910583,9.855683326721191
1781679308105.4492,0.127486452460289,-0.34323275089263916,9.83607006072998
1781679308121.3757,0.14709974825382233,-0.32361945509910583,9.83607006072998
1781679308137.3027,0.16671304404735565,-0.32361945509910583,9.83607006072998
1781679308153.2305,0.127486452460289,-0.32361945509910583,9.83607006072998
1781679308169.1572,0.127486452460289,-0.34323275089263916,9.81645679473877
1781679308185.0835,0.14709974825382233,-0.32361945509910583,9.81645679473877
1781679308201.0117,0.18632633984088898,-0.32361945509910583,9.81645679473877
1781679308216.9377,0.14709974825382233,-0.34323275089263916,9.83607006072998
1781679308232.8643,0.127486452460289,-0.34323275089263916,9.855683326721191
1781679308248.7908,0.14709974825382233,-0.32361945509910583,9.81645679473877
1781679308264.716,0.16671304404735565,-0.32361945509910583,9.81645679473877
1781679308280.6401,0.14709974825382233,-0.34323275089263916,9.855683326721191
1781679308296.567,0.127486452460289,-0.3628460466861725,9.855683326721191
1781679308312.4924,0.14709974825382233,-0.32361945509910583,9.83607006072998
1781679308328.418,0.14709974825382233,-0.32361945509910583,9.83607006072998
1781679308344.341,0.14709974825382233,-0.32361945509910583,9.83607006072998
1781679308360.265,0.127486452460289,-0.32361945509910583,9.83607006072998
1781679308376.1885,0.14709974825382233,-0.34323275089263916,9.83607006072998
1781679308392.111,0.127486452460289,-0.32361945509910583,9.81645679473877
1781679308408.0342,0.14709974825382233,-0.32361945509910583,9.855683326721191
1781679308423.9573,0.127486452460289,-0.32361945509910583,9.83607006072998
1781679308439.8809,0.127486452460289,-0.34323275089263916,9.83607006072998
1781679308455.8035,0.14709974825382233,-0.32361945509910583,9.81645679473877
1781679308471.7258,0.14709974825382233,-0.32361945509910583,9.81645679473877
1781679308487.6458,0.14709974825382233,-0.32361945509910583,9.83607006072998
1781679308503.5657,0.14709974825382233,-0.34323275089263916,9.855683326721191
1781679308519.4863,0.16671304404735565,-0.32361945509910583,9.81645679473877
1781679308535.4067,0.14709974825382233,-0.32361945509910583,9.81645679473877
1781679308551.327,0.127486452460289,-0.34323275089263916,9.855683326721191
1781679308567.2488,0.14709974825382233,-0.34323275089263916,9.83607006072998
1781679308583.1707,0.14709974825382233,-0.32361945509910583,9.83607006072998
1781679308599.091,0.14709974825382233,-0.32361945509910583,9.81645679473877
1781679308615.0112,0.14709974825382233,-0.32361945509910583,9.83607006072998
1781679308630.9395,0.14709974825382233,-0.32361945509910583,9.83607006072998
1781679308646.8713,0.14709974825382233,-0.32361945509910583,9.81645679473877
1781679308662.8032,0.14709974825382233,-0.32361945509910583,9.81645679473877
1781679308678.7358,0.127486452460289,-0.32361945509910583,9.855683326721191
1781679308694.669,0.127486452460289,-0.34323275089263916,9.83607006072998
1781679308710.601,0.14709974825382233,-0.34323275089263916,9.855683326721191
1781679308726.533,0.16671304404735565,-0.32361945509910583,9.83607006072998
1781679308742.4636,0.14709974825382233,-0.32361945509910583,9.83607006072998
1781679308758.394,0.127486452460289,-0.34323275089263916,9.83607006072998
1781679308774.325,0.14709974825382233,-0.34323275089263916,9.81645679473877
1781679308790.255,0.14709974825382233,-0.3040061295032501,9.83607006072998
1781679308806.1855,0.14709974825382233,-0.32361945509910583,9.83607006072998
1781679308822.115,0.127486452460289,-0.34323275089263916,9.83607006072998
1781679308838.0442,0.14709974825382233,-0.32361945509910583,9.83607006072998
1781679308853.9744,0.14709974825382233,-0.32361945509910583,9.83607006072998
1781679308869.904,0.127486452460289,-0.32361945509910583,9.83607006072998
1781679308885.8335,0.127486452460289,-0.32361945509910583,9.83607006072998
1781679308901.7627,0.14709974825382233,-0.32361945509910583,9.855683326721191
1781679308917.6897,0.16671304404735565,-0.34323275089263916,9.83607006072998
1781679308933.6167,0.14709974825382233,-0.34323275089263916,9.83607006072998
1781679308949.5432,0.127486452460289,-0.32361945509910583,9.855683326721191
1781679308965.4695,0.14709974825382233,-0.32361945509910583,9.83607006072998
1781679308981.3967,0.14709974825382233,-0.32361945509910583,9.83607006072998
1781679308997.3254,0.14709974825382233,-0.34323275089263916,9.83607006072998
1781679309013.2532,0.14709974825382233,-0.32361945509910583,9.83607006072998
1781679309029.1794,0.127486452460289,-0.32361945509910583,9.83607006072998
1781679309045.1067,0.14709974825382233,-0.34323275089263916,9.83607006072998
1781679309061.0327,0.14709974825382233,-0.32361945509910583,9.806650161743164
1781679309076.9583,0.14709974825382233,-0.32361945509910583,9.83607006072998
1781679309092.8848,0.14709974825382233,-0.32361945509910583,9.81645679473877
1781679309108.809,0.14709974825382233,-0.32361945509910583,9.855683326721191
1781679309124.7341,0.127486452460289,-0.34323275089263916,9.83607006072998
1781679309140.6567,0.16671304404735565,-0.32361945509910583,9.83607006072998
1781679309156.5823,0.14709974825382233,-0.32361945509910583,9.81645679473877
1781679309172.5066,0.14709974825382233,-0.34323275089263916,9.83607006072998
1781679309188.4307,0.127486452460289,-0.34323275089263916,9.83607006072998
1781679309204.3545,0.14709974825382233,-0.34323275089263916,9.83607006072998
1781679309220.278,0.16671304404735565,-0.32361945509910583,9.83607006072998
1781679309236.2026,0.14709974825382233,-0.32361945509910583,9.81645679473877
1781679309252.1267,0.14709974825382233,-0.34323275089263916,9.855683326721191
1781679309268.0505,0.14709974825382233,-0.32361945509910583,9.81645679473877
1781679309283.9744,0.14709974825382233,-0.32361945509910583,9.81645679473877
1781679309299.8948,0.16671304404735565,-0.32361945509910583,9.83607006072998
1781679309315.816,0.127486452460289,-0.32361945509910583,9.83607006072998
1781679309331.7368,0.127486452460289,-0.34323275089263916,9.81645679473877
1781679309347.6587,0.14709974825382233,-0.34323275089263916,9.83607006072998
1781679309363.58,0.16671304404735565,-0.34323275089263916,9.83607006072998
1781679309379.5034,0.14709974825382233,-0.32361945509910583,9.83607006072998
1781679309395.4255,0.127486452460289,-0.32361945509910583,9.83607006072998
1781679309411.3462,0.127486452460289,-0.32361945509910583,9.83607006072998
1781679309427.2678,0.14709974825382233,-0.32361945509910583,9.81645679473877
1781679309443.1882,0.16671304404735565,-0.32361945509910583,9.83607006072998
1781679309459.1091,0.127486452460289,-0.32361945509910583,9.83607006072998
1781679309475.028,0.10787314921617508,-0.32361945509910583,9.83607006072998
1781679309490.9468,0.14709974825382233,-0.32361945509910583,9.83607006072998
1781679309506.8652,0.14709974825382233,-0.32361945509910583,9.855683326721191
1781679309522.7834,0.14709974825382233,-0.34323275089263916,9.83607006072998
1781679309538.7034,0.14709974825382233,-0.32361945509910583,9.83607006072998
1781679309554.622,0.14709974825382233,-0.32361945509910583,9.83607006072998
1781679309570.5396,0.14709974825382233,-0.32361945509910583,9.855683326721191
1781679309586.4568,0.14709974825382233,-0.34323275089263916,9.83607006072998
1781679309602.3757,0.127486452460289,-0.32361945509910583,9.81645679473877
1781679309618.2935,0.14709974825382233,-0.32361945509910583,9.855683326721191
1781679309634.2878,0.14709974825382233,-0.34323275089263916,9.81645679473877
1781679309650.2876,0.127486452460289,-0.32361945509910583,9.83607006072998
1781679309666.2864,0.14709974825382233,-0.32361945509910583,9.83607006072998
1781679309682.2856,0.16671304404735565,-0.34323275089263916,9.83607006072998
1781679309698.285,0.14709974825382233,-0.32361945509910583,9.81645679473877
1781679309714.2834,0.127486452460289,-0.32361945509910583,9.81645679473877
1781679309730.2842,0.14709974825382233,-0.32361945509910583,9.81645679473877
1781679309746.286,0.16671304404735565,-0.32361945509910583,9.83607006072998
1781679309762.287,0.16671304404735565,-0.32361945509910583,9.83607006072998
1781679309778.2893,0.127486452460289,-0.34323275089263916,9.83607006072998
1781679309794.2908,0.127486452460289,-0.32361945509910583,9.81645679473877
1781679309810.2925,0.16671304404735565,-0.34323275089263916,9.83607006072998
1781679309826.2932,0.16671304404735565,-0.34323275089263916,9.81645679473877
1781679309842.2954,0.14709974825382233,-0.32361945509910583,9.83607006072998
1781679309858.2966,0.127486452460289,-0.34323275089263916,9.83607006072998
1781679309874.299,0.14709974825382233,-0.34323275089263916,9.81645679473877
1781679309890.3005,0.14709974825382233,-0.32361945509910583,9.83607006072998
1781679309906.3022,0.14709974825382233,-0.32361945509910583,9.83607006072998
1781679309922.3035,0.127486452460289,-0.32361945509910583,9.83607006072998
1781679309938.3066,0.14709974825382233,-0.32361945509910583,9.855683326721191
1781679309954.3108,0.14709974825382233,-0.32361945509910583,9.83607006072998
1781679309970.3154,0.127486452460289,-0.32361945509910583,9.855683326721191
1781679309986.3223,0.14709974825382233,-0.32361945509910583,9.83607006072998
1781679310002.3271,0.14709974825382233,-0.34323275089263916,9.855683326721191
1781679310018.3313,0.14709974825382233,-0.32361945509910583,9.83607006072998
1781679310034.3367,0.14709974825382233,-0.32361945509910583,9.83607006072998
1781679310050.3413,0.14709974825382233,-0.32361945509910583,9.855683326721191
1781679310066.347,0.16671304404735565,-0.32361945509910583,9.81645679473877
1781679310082.3538,0.14709974825382233,-0.32361945509910583,9.855683326721191
1781679310098.3599,0.14709974825382233,-0.32361945509910583,9.81645679473877
1781679310114.3662,0.127486452460289,-0.32361945509910583,9.83607006072998
1781679310130.3726,0.14709974825382233,-0.34323275089263916,9.83607006072998
1781679310146.3794,0.127486452460289,-0.32361945509910583,9.81645679473877
1781679310162.3853,0.14709974825382233,-0.34323275089263916,9.855683326721191
1781679310178.3923,0.16671304404735565,-0.34323275089263916,9.81645679473877
1781679310194.3984,0.14709974825382233,-0.32361945509910583,9.83607006072998
1781679310210.406,0.127486452460289,-0.34323275089263916,9.81645679473877
1781679310226.4126,0.14709974825382233,-0.32361945509910583,9.83607006072998
1781679310242.4194,0.14709974825382233,-0.32361945509910583,9.83607006072998
1781679310258.4253,0.127486452460289,-0.32361945509910583,9.83607006072998
1781679310274.4326,0.127486452460289,-0.32361945509910583,9.81645679473877
1781679310290.441,0.14709974825382233,-0.32361945509910583,9.83607006072998
1781679310306.4495,0.127486452460289,-0.32361945509910583,9.81645679473877
1781679310322.4563,0.14709974825382233,-0.32361945509910583,9.81645679473877
1781679310338.4644,0.14709974825382233,-0.32361945509910583,9.83607006072998
1781679310354.4734,0.14709974825382233,-0.32361945509910583,9.83607006072998
1781679310370.482,0.14709974825382233,-0.34323275089263916,9.83607006072998
1781679310386.4905,0.14709974825382233,-0.34323275089263916,9.806650161743164
1781679310402.498,0.14709974825382233,-0.34323275089263916,9.855683326721191
1781679310418.5051,0.14709974825382233,-0.32361945509910583,9.81645679473877
1781679310434.5142,0.14709974825382233,-0.32361945509910583,9.83607006072998
1781679310450.5234,0.14709974825382233,-0.32361945509910583,9.83607006072998
1781679310466.533,0.127486452460289,-0.32361945509910583,9.83607006072998
1781679310482.5427,0.16671304404735565,-0.32361945509910583,9.83607006072998
1781679310498.5515,0.14709974825382233,-0.32361945509910583,9.81645679473877
1781679310514.5615,0.127486452460289,-0.34323275089263916,9.81645679473877
1781679310530.5737,0.127486452460289,-0.32361945509910583,9.855683326721191
1781679310546.5852,0.14709974825382233,-0.32361945509910583,9.83607006072998
1781679310562.598,0.14709974825382233,-0.32361945509910583,9.81645679473877
1781679310578.6099,0.14709974825382233,-0.32361945509910583,9.81645679473877
1781679310594.6218,0.14709974825382233,-0.32361945509910583,9.83607006072998
1781679310610.634,0.14709974825382233,-0.32361945509910583,9.83607006072998
1781679310626.6252,0.14709974825382233,-0.34323275089263916,9.83607006072998
1781679310642.5686,0.14709974825382233,-0.32361945509910583,9.83607006072998
1781679310658.513,0.127486452460289,-0.32361945509910583,9.83607006072998
1781679310674.455,0.14709974825382233,-0.34323275089263916,9.83607006072998
1781679310690.399,0.16671304404735565,-0.32361945509910583,9.83607006072998
1781679310706.3425,0.14709974825382233,-0.32361945509910583,9.83607006072998
1781679310722.2852,0.127486452460289,-0.34323275089263916,9.81645679473877
1781679310738.2273,0.127486452460289,-0.34323275089263916,9.83607006072998
1781679310754.1685,0.14709974825382233,-0.32361945509910583,9.83607006072998
1781679310770.1106,0.14709974825382233,-0.32361945509910583,9.83607006072998
1781679310786.0513,0.127486452460289,-0.34323275089263916,9.81645679473877
1781679310801.992,0.14709974825382233,-0.34323275089263916,9.83607006072998
1781679310817.9321,0.14709974825382233,-0.32361945509910583,9.81645679473877
1781679310833.8726,0.127486452460289,-0.32361945509910583,9.855683326721191
1781679310849.8115,0.127486452460289,-0.34323275089263916,9.806650161743164
1781679310865.7512,0.14709974825382233,-0.32361945509910583,9.83607006072998
1781679310881.691,0.127486452460289,-0.32361945509910583,9.83607006072998
1781679310897.6294,0.14709974825382233,-0.34323275089263916,9.81645679473877
1781679310913.5696,0.14709974825382233,-0.34323275089263916,9.83607006072998
1781679310929.5098,0.127486452460289,-0.34323275089263916,9.83607006072998
1781679310945.4507,0.14709974825382233,-0.32361945509910583,9.83607006072998
1781679310961.3884,0.14709974825382233,-0.32361945509910583,9.81645679473877
1781679310977.328,0.127486452460289,-0.34323275089263916,9.81645679473877
1781679310993.2673,0.14709974825382233,-0.32361945509910583,9.83607006072998
1781679311009.2085,0.16671304404735565,-0.32361945509910583,9.83607006072998
1781679311025.1475,0.127486452460289,-0.34323275089263916,9.83607006072998
1781679311041.0842,0.127486452460289,-0.32361945509910583,9.83607006072998
1781679311057.0217,0.127486452460289,-0.32361945509910583,9.83607006072998
1781679311072.9592,0.14709974825382233,-0.32361945509910583,9.83607006072998
1781679311088.8965,0.14709974825382233,-0.32361945509910583,9.83607006072998
1781679311104.8335,0.127486452460289,-0.32361945509910583,9.83607006072998
1781679311120.7703,0.14709974825382233,-0.32361945509910583,9.855683326721191
1781679311136.708,0.16671304404735565,-0.32361945509910583,9.83607006072998
1781679311152.6445,0.14709974825382233,-0.32361945509910583,9.83607006072998
1781679311168.5808,0.127486452460289,-0.32361945509910583,9.83607006072998
1781679311184.5168,0.14709974825382233,-0.32361945509910583,9.83607006072998
1781679311200.4539,0.14709974825382233,-0.34323275089263916,9.83607006072998
1781679311216.3916,0.14709974825382233,-0.32361945509910583,9.81645679473877
1781679311232.3281,0.127486452460289,-0.32361945509910583,9.83607006072998
1781679311248.2664,0.14709974825382233,-0.32361945509910583,9.83607006072998
1781679311264.2036,0.14709974825382233,-0.34323275089263916,9.81645679473877
1781679311280.1406,0.14709974825382233,-0.32361945509910583,9.855683326721191
1781679311296.0764,0.127486452460289,-0.32361945509910583,9.83607006072998
1781679311312.012,0.14709974825382233,-0.32361945509910583,9.83607006072998
1781679311327.9475,0.14709974825382233,-0.32361945509910583,9.81645679473877
1781679311343.8828,0.14709974825382233,-0.32361945509910583,9.83607006072998
1781679311359.8188,0.14709974825382233,-0.34323275089263916,9.83607006072998
1781679311375.7537,0.14709974825382233,-0.32361945509910583,9.81645679473877
1781679311391.6873,0.127486452460289,-0.34323275089263916,9.83607006072998
1781679311407.6228,0.14709974825382233,-0.32361945509910583,9.81645679473877
1781679311423.5571,0.14709974825382233,-0.32361945509910583,9.81645679473877
1781679311439.4922,0.16671304404735565,-0.34323275089263916,9.81645679473877
1781679311455.4253,0.14709974825382233,-0.34323275089263916,9.81645679473877
1781679311471.359,0.127486452460289,-0.32361945509910583,9.81645679473877
1781679311487.2925,0.14709974825382233,-0.34323275089263916,9.81645679473877
1781679311503.2258,0.16671304404735565,-0.32361945509910583,9.83607006072998
1781679311519.1582,0.14709974825382233,-0.32361945509910583,9.83607006072998
1781679311535.089,0.127486452460289,-0.34323275089263916,9.81645679473877
1781679311551.022,0.127486452460289,-0.34323275089263916,9.83607006072998
1781679311566.9546,0.14709974825382233,-0.32361945509910583,9.83607006072998
1781679311582.888,0.14709974825382233,-0.32361945509910583,9.83607006072998
1781679311598.8193,0.127486452460289,-0.32361945509910583,9.855683326721191
1781679311614.7515,0.14709974825382233,-0.32361945509910583,9.83607006072998
1781679311630.738,0.14709974825382233,-0.32361945509910583,9.81645679473877
1781679311646.757,0.16671304404735565,-0.32361945509910583,9.83607006072998
1781679311662.7761,0.127486452460289,-0.32361945509910583,9.83607006072998
1781679311678.7957,0.127486452460289,-0.32361945509910583,9.83607006072998
1781679311694.8145,0.14709974825382233,-0.32361945509910583,9.81645679473877
1781679311710.8335,0.14709974825382233,-0.34323275089263916,9.83607006072998
1781679311726.8538,0.14709974825382233,-0.34323275089263916,9.83607006072998
1781679311742.8755,0.127486452460289,-0.34323275089263916,9.81645679473877
1781679311758.8965,0.14709974825382233,-0.32361945509910583,9.855683326721191
1781679311774.9187,0.14709974825382233,-0.32361945509910583,9.83607006072998
1781679311790.9412,0.127486452460289,-0.32361945509910583,9.83607006072998
1781679311806.962,0.127486452460289,-0.32361945509910583,9.83607006072998
1781679311822.986,0.16671304404735565,-0.32361945509910583,9.83607006072998
1781679311839.0095,0.16671304404735565,-0.32361945509910583,9.855683326721191
1781679311855.0312,0.14709974825382233,-0.34323275089263916,9.83607006072998
1781679311871.0532,0.127486452460289,-0.34323275089263916,9.81645679473877
1781679311887.0754,0.14709974825382233,-0.32361945509910583,9.855683326721191
1781679311903.098,0.16671304404735565,-0.32361945509910583,9.855683326721191
1781679311919.1208,0.14709974825382233,-0.32361945509910583,9.83607006072998
1781679311935.1458,0.14709974825382233,-0.34323275089263916,9.83607006072998
1781679311951.1692,0.14709974825382233,-0.32361945509910583,9.83607006072998
1781679311967.1938,0.14709974825382233,-0.32361945509910583,9.83607006072998
1781679311983.217,0.127486452460289,-0.32361945509910583,9.855683326721191
1781679311999.2402,0.127486452460289,-0.32361945509910583,9.81645679473877
1781679312015.2646,0.14709974825382233,-0.32361945509910583,9.81645679473877
1781679312031.2905,0.14709974825382233,-0.32361945509910583,9.83607006072998
1781679312047.3157,0.14709974825382233,-0.32361945509910583,9.81645679473877
1781679312063.341,0.127486452460289,-0.34323275089263916,9.83607006072998
1781679312079.367,0.14709974825382233,-0.32361945509910583,9.81645679473877
1781679312095.3928,0.14709974825382233,-0.32361945509910583,9.83607006072998
1781679312111.4192,0.14709974825382233,-0.32361945509910583,9.81645679473877
1781679312127.4478,0.14709974825382233,-0.32361945509910583,9.83607006072998
1781679312143.4756,0.14709974825382233,-0.32361945509910583,9.806650161743164
1781679312159.505,0.14709974825382233,-0.34323275089263916,9.83607006072998
1781679312175.5332,0.14709974825382233,-0.32361945509910583,9.83607006072998
1781679312191.563,0.14709974825382233,-0.32361945509910583,9.83607006072998
1781679312207.594,0.127486452460289,-0.34323275089263916,9.83607006072998
1781679312223.6223,0.14709974825382233,-0.34323275089263916,9.855683326721191
1781679312239.6519,0.14709974825382233,-0.3040061295032501,9.83607006072998
1781679312255.6829,0.16671304404735565,-0.32361945509910583,9.83607006072998
1781679312271.7148,0.14709974825382233,-0.32361945509910583,9.83607006072998
1781679312287.7454,0.127486452460289,-0.32361945509910583,9.81645679473877
1781679312303.7751,0.14709974825382233,-0.32361945509910583,9.81645679473877
1781679312319.8042,0.16671304404735565,-0.32361945509910583,9.83607006072998
1781679312335.8367,0.14709974825382233,-0.34323275089263916,9.83607006072998
1781679312351.8662,0.127486452460289,-0.32361945509910583,9.81645679473877
1781679312367.8982,0.127486452460289,-0.32361945509910583,9.83607006072998
1781679312383.9292,0.14709974825382233,-0.32361945509910583,9.81645679473877
1781679312399.9607,0.16671304404735565,-0.34323275089263916,9.83607006072998
1781679312415.9915,0.127486452460289,-0.32361945509910583,9.83607006072998
1781679312432.0227,0.14709974825382233,-0.34323275089263916,9.83607006072998
1781679312448.054,0.14709974825382233,-0.32361945509910583,9.83607006072998
1781679312464.0857,0.14709974825382233,-0.32361945509910583,9.83607006072998
1781679312480.1174,0.127486452460289,-0.3040061295032501,9.855683326721191
1781679312496.1506,0.127486452460289,-0.32361945509910583,9.83607006072998
1781679312512.1833,0.14709974825382233,-0.34323275089263916,9.81645679473877
1781679312528.217,0.14709974825382233,-0.32361945509910583,9.81645679473877
1781679312544.2532,0.16671304404735565,-0.32361945509910583,9.81645679473877
1781679312560.2886,0.14709974825382233,-0.32361945509910583,9.83607006072998
1781679312576.3223,0.127486452460289,-0.32361945509910583,9.83607006072998
1781679312592.3572,0.14709974825382233,-0.32361945509910583,9.855683326721191
1781679312608.3953,0.16671304404735565,-0.32361945509910583,9.81645679473877
1781679312624.4285,0.14709974825382233,-0.32361945509910583,9.83607006072998
1781679312640.4624,0.127486452460289,-0.32361945509910583,9.81645679473877
1781679312656.5005,0.14709974825382233,-0.32361945509910583,9.81645679473877
1781679312672.539,0.14709974825382233,-0.32361945509910583,9.83607006072998
1781679312688.579,0.14709974825382233,-0.32361945509910583,9.83607006072998
1781679312704.6196,0.14709974825382233,-0.32361945509910583,9.855683326721191
1781679312720.6594,0.14709974825382233,-0.32361945509910583,9.81645679473877
1781679312736.7004,0.14709974825382233,-0.34323275089263916,9.83607006072998
1781679312752.741,0.14709974825382233,-0.32361945509910583,9.855683326721191
1781679312768.781,0.14709974825382233,-0.32361945509910583,9.81645679473877
1781679312784.8223,0.14709974825382233,-0.32361945509910583,9.83607006072998
1781679312800.8628,0.14709974825382233,-0.34323275089263916,9.83607006072998
1781679312816.9058,0.127486452460289,-0.32361945509910583,9.83607006072998
1781679312832.9482,0.14709974825382233,-0.32361945509910583,9.81645679473877
1781679312848.989,0.127486452460289,-0.32361945509910583,9.83607006072998
1781679312865.0303,0.14709974825382233,-0.32361945509910583,9.83607006072998
1781679312881.0728,0.127486452460289,-0.32361945509910583,9.806650161743164
1781679312897.1167,0.14709974825382233,-0.32361945509910583,9.83607006072998
1781679312913.16,0.14709974825382233,-0.32361945509910583,9.83607006072998
1781679312929.2036,0.14709974825382233,-0.34323275089263916,9.83607006072998
1781679312945.2476,0.14709974825382233,-0.34323275089263916,9.855683326721191
1781679312961.292,0.127486452460289,-0.34323275089263916,9.83607006072998
1781679312977.336,0.14709974825382233,-0.34323275089263916,9.83607006072998
1781679312993.3801,0.14709974825382233,-0.32361945509910583,9.83607006072998
1781679313009.4246,0.14709974825382233,-0.32361945509910583,9.83607006072998
1781679313025.4705,0.127486452460289,-0.34323275089263916,9.81645679473877
1781679313041.5159,0.14709974825382233,-0.32361945509910583,9.83607006072998
1781679313057.5625,0.14709974825382233,-0.32361945509910583,9.83607006072998
1781679313073.6106,0.16671304404735565,-0.32361945509910583,9.83607006072998
1781679313089.658,0.14709974825382233,-0.32361945509910583,9.83607006072998
1781679313105.7058,0.127486452460289,-0.32361945509910583,9.83607006072998
1781679313121.7542,0.16671304404735565,-0.32361945509910583,9.83607006072998
1781679313137.8018,0.14709974825382233,-0.34323275089263916,9.83607006072998
1781679313153.8506,0.127486452460289,-0.32361945509910583,9.83607006072998
1781679313169.899,0.127486452460289,-0.32361945509910583,9.83607006072998
1781679313185.9475,0.14709974825382233,-0.32361945509910583,9.81645679473877
1781679313201.9978,0.14709974825382233,-0.32361945509910583,9.83607006072998
1781679313218.049,0.127486452460289,-0.34323275089263916,9.81645679473877
1781679313234.099,0.14709974825382233,-0.32361945509910583,9.83607006072998
1781679313250.1501,0.14709974825382233,-0.34323275089263916,9.83607006072998
1781679313266.201,0.127486452460289,-0.32361945509910583,9.81645679473877
1781679313282.2517,0.127486452460289,-0.32361945509910583,9.83607006072998
1781679313298.3042,0.14709974825382233,-0.32361945509910583,9.83607006072998
1781679313314.358,0.14709974825382233,-0.34323275089263916,9.83607006072998
1781679313330.411,0.127486452460289,-0.32361945509910583,9.81645679473877
1781679313346.4634,0.127486452460289,-0.32361945509910583,9.855683326721191
1781679313362.5164,0.14709974825382233,-0.32361945509910583,9.83607006072998
1781679313378.5696,0.14709974825382233,-0.32361945509910583,9.83607006072998
1781679313394.622,0.14709974825382233,-0.32361945509910583,9.83607006072998
1781679313410.674,0.14709974825382233,-0.32361945509910583,9.83607006072998
1781679313426.7285,0.127486452460289,-0.32361945509910583,9.83607006072998
1781679313442.7822,0.14709974825382233,-0.34323275089263916,9.83607006072998
1781679313458.8362,0.14709974825382233,-0.34323275089263916,9.83607006072998
1781679313474.8928,0.14709974825382233,-0.32361945509910583,9.83607006072998
1781679313490.9497,0.14709974825382233,-0.32361945509910583,9.81645679473877
1781679313507.0068,0.14709974825382233,-0.32361945509910583,9.83607006072998
1781679313523.0635,0.127486452460289,-0.32361945509910583,9.83607006072998
1781679313539.1196,0.14709974825382233,-0.32361945509910583,9.83607006072998
1781679313555.178,0.14709974825382233,-0.32361945509910583,9.81645679473877
1781679313571.2366,0.127486452460289,-0.32361945509910583,9.83607006072998
1781679313587.296,0.127486452460289,-0.32361945509910583,9.81645679473877
1781679313603.3533,0.14709974825382233,-0.32361945509910583,9.83607006072998
1781679313619.413,0.14709974825382233,-0.32361945509910583,9.855683326721191
1781679313635.4622,0.127486452460289,-0.34323275089263916,9.83607006072998
1781679313651.5168,0.127486452460289,-0.34323275089263916,9.81645679473877
1781679313667.5723,0.14709974825382233,-0.34323275089263916,9.83607006072998
1781679313683.626,0.14709974825382233,-0.32361945509910583,9.806650161743164
1781679313699.6812,0.127486452460289,-0.34323275089263916,9.855683326721191
1781679313715.7368,0.10787314921617508,-0.32361945509910583,9.806650161743164
1781679313731.795,0.16671304404735565,-0.34323275089263916,9.875296592712402
1781679313747.8525,0.16671304404735565,-0.34323275089263916,9.806650161743164
1781679313763.9106,0.08825984597206116,-0.32361945509910583,9.83607006072998
1781679313779.9692,0.10787314921617508,-0.32361945509910583,9.83607006072998
1781679313796.0283,0.16671304404735565,-0.3628460466861725,9.81645679473877
1781679313812.0886,0.2059396505355835,-0.32361945509910583,9.81645679473877
1781679313828.1497,0.10787314921617508,-0.3040061295032501,9.83607006072998
1781679313844.2122,0.10787314921617508,-0.32361945509910583,9.83607006072998
1781679313860.274,0.16671304404735565,-0.34323275089263916,9.806650161743164
1781679313876.3374,0.16671304404735565,-0.32361945509910583,9.855683326721191
1781679313892.3992,0.14709974825382233,-0.32361945509910583,9.806650161743164
1781679313908.4614,0.14709974825382233,-0.34323275089263916,9.855683326721191
1781679313924.5242,0.14709974825382233,-0.32361945509910583,9.81645679473877
1781679313940.5874,0.14709974825382233,-0.32361945509910583,9.855683326721191
1781679313956.6511,0.14709974825382233,-0.32361945509910583,9.806650161743164
1781679313972.7144,0.16671304404735565,-0.34323275089263916,9.855683326721191
1781679313988.779,0.14709974825382233,-0.32361945509910583,9.806650161743164
1781679314004.844,0.14709974825382233,-0.32361945509910583,9.855683326721191
1781679314020.9097,0.127486452460289,-0.34323275089263916,9.81645679473877
1781679314036.9768,0.14709974825382233,-0.32361945509910583,9.855683326721191
1781679314053.0422,0.14709974825382233,-0.3040061295032501,9.83607006072998
1781679314069.1091,0.127486452460289,-0.32361945509910583,9.83607006072998
1781679314085.1746,0.14709974825382233,-0.34323275089263916,9.81645679473877
1781679314101.2415,0.14709974825382233,-0.34323275089263916,9.83607006072998
1781679314117.3088,0.18632633984088898,-0.32361945509910583,9.83607006072998
1781679314133.3787,0.14709974825382233,-0.34323275089263916,9.83607006072998
1781679314149.448,0.127486452460289,-0.34323275089263916,9.81645679473877
1781679314165.5188,0.14709974825382233,-0.32361945509910583,9.855683326721191
1781679314181.589,0.16671304404735565,-0.32361945509910583,9.83607006072998
1781679314197.661,0.14709974825382233,-0.34323275089263916,9.81645679473877
1781679314213.7322,0.127486452460289,-0.34323275089263916,9.83607006072998
1781679314229.8047,0.127486452460289,-0.32361945509910583,9.81645679473877
1781679314245.877,0.16671304404735565,-0.32361945509910583,9.83607006072998
1781679314261.9495,0.16671304404735565,-0.32361945509910583,9.81645679473877
1781679314278.0225,0.127486452460289,-0.34323275089263916,9.81645679473877
1781679314294.096,0.14709974825382233,-0.34323275089263916,9.83607006072998
1781679314310.1702,0.14709974825382233,-0.32361945509910583,9.83607006072998
1781679314326.2456,0.14709974825382233,-0.32361945509910583,9.83607006072998
1781679314342.3206,0.127486452460289,-0.32361945509910583,9.83607006072998
1781679314358.397,0.127486452460289,-0.32361945509910583,9.83607006072998
1781679314374.4727,0.14709974825382233,-0.32361945509910583,9.806650161743164
1781679314390.548,0.16671304404735565,-0.32361945509910583,9.83607006072998
1781679314406.626,0.14709974825382233,-0.34323275089263916,9.83607006072998
1781679314422.704,0.127486452460289,-0.32361945509910583,9.83607006072998
1781679314438.784,0.127486452460289,-0.32361945509910583,9.83607006072998
1781679314454.8623,0.16671304404735565,-0.32361945509910583,9.83607006072998
1781679314470.942,0.14709974825382233,-0.32361945509910583,9.83607006072998
1781679314487.021,0.14709974825382233,-0.34323275089263916,9.83607006072998
1781679314503.1016,0.127486452460289,-0.32361945509910583,9.81645679473877
1781679314519.1816,0.16671304404735565,-0.32361945509910583,9.855683326721191
1781679314535.2622,0.16671304404735565,-0.32361945509910583,9.83607006072998
1781679314551.3433,0.14709974825382233,-0.32361945509910583,9.81645679473877
1781679314567.4258,0.127486452460289,-0.34323275089263916,9.855683326721191
1781679314583.5088,0.10787314921617508,-0.34323275089263916,9.81645679473877
1781679314599.5933,0.16671304404735565,-0.32361945509910583,9.83607006072998
1781679314615.6763,0.2059396505355835,-0.3040061295032501,9.83607006072998
1781679314631.7595,0.127486452460289,-0.34323275089263916,9.81645679473877
1781679314647.7705,0.06864655017852783,-0.34323275089263916,9.83607006072998
1781679314663.7563,0.18632633984088898,-0.32361945509910583,9.83607006072998
1781679314679.742,0.2059396505355835,-0.32361945509910583,9.81645679473877
1781679314695.7288,0.14709974825382233,-0.34323275089263916,9.81645679473877
1781679314711.7156,0.08825984597206116,-0.32361945509910583,9.83607006072998
1781679314727.7036,0.10787314921617508,-0.32361945509910583,9.83607006072998
1781679314743.6914,0.18632633984088898,-0.34323275089263916,9.83607006072998
1781679314759.6802,0.16671304404735565,-0.34323275089263916,9.83607006072998
1781679314775.667,0.14709974825382233,-0.32361945509910583,9.81645679473877
1781679314791.6528,0.10787314921617508,-0.32361945509910583,9.81645679473877
1781679314807.6387,0.14709974825382233,-0.34323275089263916,9.83607006072998
1781679314823.6255,0.16671304404735565,-0.32361945509910583,9.81645679473877
1781679314839.6133,0.14709974825382233,-0.32361945509910583,9.83607006072998
1781679314855.601,0.127486452460289,-0.34323275089263916,9.83607006072998
1781679314871.5889,0.14709974825382233,-0.34323275089263916,9.81645679473877
1781679314887.578,0.16671304404735565,-0.32361945509910583,9.83607006072998
1781679314903.5637,0.14709974825382233,-0.32361945509910583,9.83607006072998
1781679314919.5483,0.127486452460289,-0.32361945509910583,9.83607006072998
1781679314935.5332,0.127486452460289,-0.32361945509910583,9.81645679473877
1781679314951.519,0.14709974825382233,-0.34323275089263916,9.83607006072998
1781679314967.505,0.16671304404735565,-0.32361945509910583,9.81645679473877
1781679314983.4897,0.14709974825382233,-0.32361945509910583,9.855683326721191
1781679314999.4766,0.127486452460289,-0.32361945509910583,9.81645679473877
1781679315015.4624,0.14709974825382233,-0.32361945509910583,9.855683326721191
1781679315031.4482,0.16671304404735565,-0.34323275089263916,9.855683326721191
1781679315047.4343,0.127486452460289,-0.34323275089263916,9.83607006072998
1781679315063.4202,0.127486452460289,-0.32361945509910583,9.855683326721191
1781679315079.405,0.14709974825382233,-0.32361945509910583,9.83607006072998
1781679315095.3918,0.14709974825382233,-0.32361945509910583,9.855683326721191
1781679315111.3787,0.127486452460289,-0.32361945509910583,9.81645679473877
1781679315127.3645,0.14709974825382233,-0.32361945509910583,9.83607006072998
1781679315143.3494,0.18632633984088898,-0.32361945509910583,9.83607006072998
1781679315159.3342,0.14709974825382233,-0.32361945509910583,9.83607006072998
1781679315175.32,0.10787314921617508,-0.34323275089263916,9.83607006072998
1781679315191.305,0.14709974825382233,-0.32361945509910583,9.83607006072998
1781679315207.2908,0.14709974825382233,-0.32361945509910583,9.83607006072998
1781679315223.2766,0.14709974825382233,-0.34323275089263916,9.83607006072998
1781679315239.2625,0.16671304404735565,-0.34323275089263916,9.83607006072998
1781679315255.2483,0.127486452460289,-0.34323275089263916,9.81645679473877
1781679315271.2344,0.127486452460289,-0.32361945509910583,9.83607006072998
1781679315287.217,0.14709974825382233,-0.32361945509910583,9.83607006072998
1781679315303.201,0.14709974825382233,-0.34323275089263916,9.81645679473877
1781679315319.1858,0.127486452460289,-0.32361945509910583,9.83607006072998
1781679315335.1719,0.14709974825382233,-0.32361945509910583,9.83607006072998
1781679315351.1577,0.16671304404735565,-0.34323275089263916,9.83607006072998
1781679315367.1436,0.14709974825382233,-0.32361945509910583,9.83607006072998
1781679315383.1294,0.127486452460289,-0.32361945509910583,9.81645679473877
1781679315399.1162,0.14709974825382233,-0.34323275089263916,9.81645679473877
1781679315415.1042,0.16671304404735565,-0.34323275089263916,9.83607006072998
1781679315431.09,0.16671304404735565,-0.32361945509910583,9.83607006072998
1781679315447.076,0.10787314921617508,-0.32361945509910583,9.83607006072998
1781679315463.0618,0.10787314921617508,-0.32361945509910583,9.81645679473877
1781679315479.0479,0.14709974825382233,-0.32361945509910583,9.81645679473877
1781679315495.0327,0.127486452460289,-0.32361945509910583,9.83607006072998
1781679315511.0186,0.127486452460289,-0.34323275089263916,9.83607006072998
1781679315527.0044,0.127486452460289,-0.34323275089263916,9.83607006072998
1781679315542.9893,0.14709974825382233,-0.32361945509910583,9.81645679473877
1781679315558.9753,0.14709974825382233,-0.32361945509910583,9.83607006072998
1781679315574.9622,0.14709974825382233,-0.32361945509910583,9.81645679473877
1781679315590.949,0.127486452460289,-0.32361945509910583,9.83607006072998
1781679315606.935,0.14709974825382233,-0.34323275089263916,9.83607006072998
1781679315622.921,0.16671304404735565,-0.34323275089263916,9.83607006072998
1781679315638.9058,0.127486452460289,-0.32361945509910583,9.83607006072998
1781679315654.8872,0.127486452460289,-0.32361945509910583,9.83607006072998
1781679315670.8708,0.14709974825382233,-0.34323275089263916,9.83607006072998
1781679315686.8555,0.14709974825382233,-0.32361945509910583,9.81645679473877
1781679315702.838,0.127486452460289,-0.34323275089263916,9.83607006072998
1781679315718.8215,0.14709974825382233,-0.34323275089263916,9.83607006072998
1781679315734.8042,0.14709974825382233,-0.32361945509910583,9.83607006072998
1781679315750.7876,0.14709974825382233,-0.32361945509910583,9.83607006072998
1781679315766.7722,0.14709974825382233,-0.34323275089263916,9.83607006072998
1781679315782.7559,0.14709974825382233,-0.34323275089263916,9.83607006072998
1781679315798.7402,0.16671304404735565,-0.34323275089263916,9.83607006072998
1781679315814.7249,0.14709974825382233,-0.32361945509910583,9.83607006072998
1781679315830.7114,0.127486452460289,-0.32361945509910583,9.83607006072998
1781679315846.697,0.127486452460289,-0.32361945509910583,9.81645679473877
1781679315862.6824,0.127486452460289,-0.32361945509910583,9.83607006072998
1781679315878.668,0.16671304404735565,-0.32361945509910583,9.83607006072998
1781679315894.6526,0.14709974825382233,-0.34323275089263916,9.83607006072998
1781679315910.6382,0.127486452460289,-0.32361945509910583,9.83607006072998
1781679315926.6248,0.14709974825382233,-0.32361945509910583,9.83607006072998
1781679315942.6091,0.14709974825382233,-0.32361945509910583,9.81645679473877
1781679315958.5947,0.127486452460289,-0.34323275089263916,9.83607006072998
1781679315974.5793,0.16671304404735565,-0.34323275089263916,9.83607006072998
1781679315990.566,0.14709974825382233,-0.32361945509910583,9.83607006072998
1781679316006.5493,0.127486452460289,-0.32361945509910583,9.83607006072998
1781679316022.535,0.127486452460289,-0.32361945509910583,9.83607006072998
1781679316038.5195,0.14709974825382233,-0.32361945509910583,9.83607006072998
1781679316054.504,0.14709974825382233,-0.32361945509910583,9.83607006072998
1781679316070.4895,0.14709974825382233,-0.34323275089263916,9.83607006072998
1781679316086.475,0.14709974825382233,-0.34323275089263916,9.81645679473877
1781679316102.4595,0.14709974825382233,-0.32361945509910583,9.855683326721191
1781679316118.446,0.14709974825382233,-0.32361945509910583,9.83607006072998
1781679316134.4316,0.127486452460289,-0.34323275089263916,9.81645679473877
1781679316150.4172,0.14709974825382233,-0.32361945509910583,9.83607006072998
1781679316166.4026,0.14709974825382233,-0.32361945509910583,9.83607006072998
1781679316182.3892,0.127486452460289,-0.32361945509910583,9.83607006072998
1781679316198.3738,0.14709974825382233,-0.34323275089263916,9.83607006072998
1781679316214.3582,0.14709974825382233,-0.32361945509910583,9.83607006072998
1781679316230.3428,0.14709974825382233,-0.32361945509910583,9.83607006072998
1781679316246.3284,0.14709974825382233,-0.32361945509910583,9.806650161743164
1781679316262.3118,0.14709974825382233,-0.34323275089263916,9.81645679473877
1781679316278.2964,0.14709974825382233,-0.3040061295032501,9.83607006072998
1781679316294.2808,0.14709974825382233,-0.32361945509910583,9.855683326721191
1781679316310.2664,0.127486452460289,-0.32361945509910583,9.81645679473877
1781679316326.25,0.14709974825382233,-0.32361945509910583,9.83607006072998
1781679316342.2354,0.16671304404735565,-0.32361945509910583,9.83607006072998
1781679316358.22,0.127486452460289,-0.32361945509910583,9.83607006072998
1781679316374.2043,0.14709974825382233,-0.32361945509910583,9.855683326721191
1781679316390.19,0.127486452460289,-0.32361945509910583,9.81645679473877
1781679316406.1746,0.127486452460289,-0.32361945509910583,9.81645679473877
1781679316422.16,0.14709974825382233,-0.32361945509910583,9.81645679473877
1781679316438.1436,0.14709974825382233,-0.34323275089263916,9.855683326721191
1781679316454.127,0.14709974825382233,-0.32361945509910583,9.83607006072998
1781679316470.1116,0.14709974825382233,-0.32361945509910583,9.855683326721191
1781679316486.095,0.14709974825382233,-0.32361945509910583,9.83607006072998
1781679316502.0806,0.14709974825382233,-0.32361945509910583,9.83607006072998
1781679316518.0662,0.14709974825382233,-0.32361945509910583,9.83607006072998
1781679316534.0505,0.127486452460289,-0.32361945509910583,9.855683326721191
1781679316550.0352,0.127486452460289,-0.32361945509910583,9.83607006072998
1781679316566.0215,0.127486452460289,-0.32361945509910583,9.855683326721191
1781679316582.009,0.14709974825382233,-0.32361945509910583,9.83607006072998
1781679316597.9946,0.14709974825382233,-0.32361945509910583,9.81645679473877
1781679316613.9802,0.14709974825382233,-0.32361945509910583,9.83607006072998
1781679316629.9656,0.14709974825382233,-0.32361945509910583,9.83607006072998
1781679316645.9512,0.14709974825382233,-0.34323275089263916,9.83607006072998
1781679316661.9377,0.14709974825382233,-0.32361945509910583,9.81645679473877
1781679316677.9243,0.127486452460289,-0.32361945509910583,9.83607006072998
1781679316693.91,0.127486452460289,-0.32361945509910583,9.83607006072998
1781679316709.8955,0.14709974825382233,-0.34323275089263916,9.855683326721191
1781679316725.8801,0.14709974825382233,-0.32361945509910583,9.83607006072998
1781679316741.866,0.14709974825382233,-0.34323275089263916,9.83607006072998
1781679316757.8516,0.14709974825382233,-0.32361945509910583,9.83607006072998
1781679316773.8362,0.14709974825382233,-0.32361945509910583,9.83607006072998
1781679316789.8208,0.14709974825382233,-0.32361945509910583,9.83607006072998
1781679316805.8064,0.14709974825382233,-0.32361945509910583,9.83607006072998
1781679316821.792,0.14709974825382233,-0.32361945509910583,9.81645679473877
1781679316837.7766,0.14709974825382233,-0.34323275089263916,9.83607006072998
1781679316853.7603,0.14709974825382233,-0.32361945509910583,9.806650161743164
1781679316869.7468,0.127486452460289,-0.3040061295032501,9.83607006072998
1781679316885.7334,0.14709974825382233,-0.32361945509910583,9.83607006072998
1781679316901.718,0.14709974825382233,-0.34323275089263916,9.855683326721191
1781679316917.7007,0.14709974825382233,-0.32361945509910583,9.83607006072998
1781679316933.6833,0.16671304404735565,-0.34323275089263916,9.83607006072998
1781679316949.668,0.14709974825382233,-0.32361945509910583,9.83607006072998
1781679316965.6523,0.127486452460289,-0.32361945509910583,9.81645679473877
1781679316981.6382,0.127486452460289,-0.34323275089263916,9.81645679473877
1781679316997.6238,0.14709974825382233,-0.32361945509910583,9.83607006072998
1781679317013.6104,0.16671304404735565,-0.32361945509910583,9.83607006072998
1781679317029.598,0.127486452460289,-0.32361945509910583,9.81645679473877
1781679317045.5835,0.127486452460289,-0.32361945509910583,9.855683326721191
1781679317061.569,0.16671304404735565,-0.32361945509910583,9.83607006072998
1781679317077.5547,0.127486452460289,-0.32361945509910583,9.855683326721191
1781679317093.5403,0.127486452460289,-0.32361945509910583,9.81645679473877
1781679317109.526,0.14709974825382233,-0.32361945509910583,9.83607006072998
1781679317125.5115,0.14709974825382233,-0.32361945509910583,9.81645679473877
1781679317141.498,0.127486452460289,-0.32361945509910583,9.83607006072998
1781679317157.4846,0.127486452460289,-0.32361945509910583,9.83607006072998
1781679317173.4692,0.14709974825382233,-0.32361945509910583,9.83607006072998
1781679317189.4539,0.14709974825382233,-0.32361945509910583,9.81645679473877
1781679317205.4375,0.14709974825382233,-0.32361945509910583,9.83607006072998
1781679317221.422,0.14709974825382233,-0.32361945509910583,9.81645679473877
1781679317237.4077,0.14709974825382233,-0.32361945509910583,9.83607006072998
1781679317253.3943,0.14709974825382233,-0.32361945509910583,9.81645679473877
1781679317269.3818,0.14709974825382233,-0.32361945509910583,9.81645679473877
1781679317285.3674,0.127486452460289,-0.32361945509910583,9.83607006072998
1781679317301.353,0.127486452460289,-0.32361945509910583,9.83607006072998
1781679317317.3386,0.14709974825382233,-0.32361945509910583,9.83607006072998
1781679317333.3242,0.14709974825382233,-0.34323275089263916,9.83607006072998
1781679317349.3108,0.14709974825382233,-0.32361945509910583,9.83607006072998
1781679317365.2954,0.14709974825382233,-0.34323275089263916,9.83607006072998
1781679317381.279,0.14709974825382233,-0.34323275089263916,9.83607006072998
1781679317397.2646,0.14709974825382233,-0.32361945509910583,9.81645679473877
1781679317413.2493,0.14709974825382233,-0.32361945509910583,9.855683326721191
1781679317429.234,0.127486452460289,-0.32361945509910583,9.81645679473877
1781679317445.2185,0.127486452460289,-0.32361945509910583,9.83607006072998
1781679317461.204,0.14709974825382233,-0.32361945509910583,9.83607006072998
1781679317477.1907,0.14709974825382233,-0.32361945509910583,9.83607006072998
1781679317493.1763,0.127486452460289,-0.32361945509910583,9.83607006072998
1781679317509.1619,0.127486452460289,-0.32361945509910583,9.81645679473877
1781679317525.1465,0.14709974825382233,-0.34323275089263916,9.83607006072998
1781679317541.131,0.16671304404735565,-0.32361945509910583,9.83607006072998
1781679317557.1155,0.14709974825382233,-0.32361945509910583,9.83607006072998
1781679317573.101,0.127486452460289,-0.32361945509910583,9.83607006072998
1781679317589.0857,0.127486452460289,-0.32361945509910583,9.81645679473877
1781679317605.0723,0.14709974825382233,-0.32361945509910583,9.81645679473877
1781679317621.057,0.14709974825382233,-0.32361945509910583,9.81645679473877
1781679317637.0425,0.127486452460289,-0.32361945509910583,9.83607006072998
1781679317653.027,0.14709974825382233,-0.32361945509910583,9.83607006072998
1781679317669.0125,0.127486452460289,-0.32361945509910583,9.83607006072998
1781679317684.9968,0.16671304404735565,-0.32361945509910583,9.855683326721191
1781679317700.9832,0.14709974825382233,-0.32361945509910583,9.81645679473877
1781679317716.9685,0.127486452460289,-0.32361945509910583,9.81645679473877
1781679317732.9539,0.14709974825382233,-0.32361945509910583,9.83607006072998
1781679317748.9392,0.14709974825382233,-0.32361945509910583,9.81645679473877
1781679317764.9246,0.14709974825382233,-0.32361945509910583,9.81645679473877
1781679317780.911,0.14709974825382233,-0.32361945509910583,9.855683326721191
1781679317796.8984,0.14709974825382233,-0.32361945509910583,9.83607006072998
1781679317812.8857,0.14709974825382233,-0.32361945509910583,9.81645679473877
1781679317828.873,0.14709974825382233,-0.34323275089263916,9.83607006072998
1781679317844.8594,0.127486452460289,-0.32361945509910583,9.83607006072998
1781679317860.8447,0.127486452460289,-0.32361945509910583,9.81645679473877
1781679317876.83,0.127486452460289,-0.32361945509910583,9.83607006072998
1781679317892.8145,0.14709974825382233,-0.32361945509910583,9.81645679473877
1781679317908.8008,0.14709974825382233,-0.32361945509910583,9.81645679473877
1781679317924.7861,0.14709974825382233,-0.32361945509910583,9.855683326721191
1781679317940.7705,0.14709974825382233,-0.32361945509910583,9.83607006072998
1781679317956.754,0.127486452460289,-0.3040061295032501,9.83607006072998
1781679317972.7383,0.127486452460289,-0.32361945509910583,9.83607006072998
1781679317988.7195,0.14709974825382233,-0.34323275089263916,9.83607006072998
1781679318004.7048,0.14709974825382233,-0.32361945509910583,9.83607006072998
1781679318020.6882,0.127486452460289,-0.32361945509910583,9.83607006072998
1781679318036.6746,0.127486452460289,-0.32361945509910583,9.83607006072998
1781679318052.659,0.14709974825382233,-0.32361945509910583,9.81645679473877
1781679318068.6443,0.14709974825382233,-0.32361945509910583,9.83607006072998
1781679318084.6296,0.127486452460289,-0.32361945509910583,9.81645679473877
1781679318100.6128,0.127486452460289,-0.32361945509910583,9.83607006072998
1781679318116.5962,0.14709974825382233,-0.32361945509910583,9.83607006072998
1781679318132.5806,0.14709974825382233,-0.32361945509910583,9.83607006072998
1781679318148.565,0.14709974825382233,-0.34323275089263916,9.83607006072998
1781679318164.549,0.127486452460289,-0.32361945509910583,9.83607006072998
1781679318180.5325,0.14709974825382233,-0.34323275089263916,9.83607006072998
1781679318196.515,0.14709974825382233,-0.32361945509910583,9.81645679473877
1781679318212.496,0.14709974825382233,-0.32361945509910583,9.83607006072998
1781679318228.4785,0.14709974825382233,-0.32361945509910583,9.83607006072998
1781679318244.4626,0.14709974825382233,-0.32361945509910583,9.83607006072998
1781679318260.446,0.14709974825382233,-0.32361945509910583,9.83607006072998
1781679318276.4294,0.14709974825382233,-0.32361945509910583,9.855683326721191
1781679318292.4126,0.14709974825382233,-0.32361945509910583,9.81645679473877
1781679318308.396,0.14709974825382233,-0.32361945509910583,9.81645679473877
1781679318324.3784,0.14709974825382233,-0.32361945509910583,9.855683326721191
1781679318340.3616,0.127486452460289,-0.32361945509910583,9.83607006072998
1781679318356.345,0.14709974825382233,-0.32361945509910583,9.83607006072998
1781679318372.3293,0.14709974825382233,-0.34323275089263916,9.81645679473877
1781679318388.3125,0.14709974825382233,-0.32361945509910583,9.83607006072998
1781679318404.296,0.14709974825382233,-0.3040061295032501,9.83607006072998
1781679318420.28,0.14709974825382233,-0.32361945509910583,9.81645679473877
1781679318436.2644,0.14709974825382233,-0.32361945509910583,9.855683326721191
1781679318452.2488,0.14709974825382233,-0.32361945509910583,9.855683326721191
1781679318468.23,0.14709974825382233,-0.32361945509910583,9.855683326721191
1781679318484.2134,0.14709974825382233,-0.32361945509910583,9.81645679473877
1781679318500.1975,0.14709974825382233,-0.34323275089263916,9.855683326721191
1781679318516.181,0.14709974825382233,-0.34323275089263916,9.83607006072998
1781679318532.1663,0.14709974825382233,-0.32361945509910583,9.83607006072998
1781679318548.1494,0.14709974825382233,-0.34323275089263916,9.83607006072998
1781679318564.1348,0.14709974825382233,-0.32361945509910583,9.81645679473877
1781679318580.121,0.14709974825382233,-0.32361945509910583,9.83607006072998
1781679318596.1052,0.14709974825382233,-0.3040061295032501,9.81645679473877
1781679318612.0886,0.127486452460289,-0.34323275089263916,9.81645679473877
1781679318628.0728,0.14709974825382233,-0.34323275089263916,9.81645679473877
1781679318644.0562,0.14709974825382233,-0.32361945509910583,9.81645679473877
1781679318660.0422,0.14709974825382233,-0.32361945509910583,9.83607006072998
1781679318676.027,0.16671304404735565,-0.32361945509910583,9.81645679473877
1781679318692.0132,0.127486452460289,-0.32361945509910583,9.83607006072998
1781679318707.997,0.14709974825382233,-0.32361945509910583,9.83607006072998
1781679318723.982,0.16671304404735565,-0.34323275089263916,9.83607006072998
1781679318739.9648,0.14709974825382233,-0.32361945509910583,9.83607006072998
1781679318755.9478,0.127486452460289,-0.32361945509910583,9.81645679473877
1781679318771.9307,0.14709974825382233,-0.32361945509910583,9.83607006072998
1781679318787.9136,0.14709974825382233,-0.34323275089263916,9.83607006072998
1781679318803.8965,0.14709974825382233,-0.32361945509910583,9.83607006072998
1781679318819.8804,0.14709974825382233,-0.32361945509910583,9.83607006072998
1781679318835.8623,0.14709974825382233,-0.32361945509910583,9.83607006072998
1781679318851.8452,0.14709974825382233,-0.32361945509910583,9.81645679473877
1781679318867.829,0.14709974825382233,-0.34323275089263916,9.83607006072998
1781679318883.8142,0.127486452460289,-0.32361945509910583,9.81645679473877
1781679318899.797,0.14709974825382233,-0.32361945509910583,9.83607006072998
1781679318915.782,0.14709974825382233,-0.34323275089263916,9.81645679473877
1781679318931.7659,0.14709974825382233,-0.32361945509910583,9.83607006072998
1781679318947.751,0.14709974825382233,-0.32361945509910583,9.81645679473877
1781679318963.7349,0.14709974825382233,-0.32361945509910583,9.83607006072998
1781679318979.7188,0.127486452460289,-0.32361945509910583,9.83607006072998
1781679318995.7026,0.14709974825382233,-0.32361945509910583,9.81645679473877
1781679319011.6855,0.16671304404735565,-0.34323275089263916,9.81645679473877
1781679319027.6685,0.127486452460289,-0.32361945509910583,9.81645679473877
1781679319043.6516,0.14709974825382233,-0.32361945509910583,9.81645679473877
1781679319059.6345,0.14709974825382233,-0.32361945509910583,9.83607006072998
1781679319075.6165,0.14709974825382233,-0.32361945509910583,9.83607006072998
1781679319091.6003,0.14709974825382233,-0.32361945509910583,9.83607006072998
1781679319107.5852,0.14709974825382233,-0.32361945509910583,9.83607006072998
1781679319123.5713,0.14709974825382233,-0.32361945509910583,9.83607006072998
1781679319139.5562,0.127486452460289,-0.32361945509910583,9.83607006072998
1781679319155.5403,0.127486452460289,-0.32361945509910583,9.83607006072998
1781679319171.5251,0.14709974825382233,-0.32361945509910583,9.83607006072998
1781679319187.511,0.16671304404735565,-0.34323275089263916,9.83607006072998
1781679319203.497,0.16671304404735565,-0.32361945509910583,9.83607006072998
1781679319219.483,0.127486452460289,-0.32361945509910583,9.83607006072998
1781679319235.468,0.127486452460289,-0.32361945509910583,9.83607006072998
1781679319251.453,0.16671304404735565,-0.32361945509910583,9.83607006072998
1781679319267.439,0.14709974825382233,-0.32361945509910583,9.83607006072998
1781679319283.4229,0.127486452460289,-0.34323275089263916,9.83607006072998
1781679319299.407,0.127486452460289,-0.32361945509910583,9.83607006072998
1781679319315.3909,0.14709974825382233,-0.32361945509910583,9.855683326721191
1781679319331.377,0.14709974825382233,-0.32361945509910583,9.83607006072998
1781679319347.3608,0.14709974825382233,-0.32361945509910583,9.81645679473877
1781679319363.3447,0.127486452460289,-0.32361945509910583,9.81645679473877
1781679319379.3289,0.14709974825382233,-0.32361945509910583,9.855683326721191
1781679319395.3147,0.16671304404735565,-0.32361945509910583,9.83607006072998
1781679319411.3008,0.14709974825382233,-0.32361945509910583,9.83607006072998
1781679319427.2878,0.127486452460289,-0.32361945509910583,9.83607006072998
1781679319443.2727,0.14709974825382233,-0.32361945509910583,9.83607006072998
1781679319459.2588,0.14709974825382233,-0.34323275089263916,9.81645679473877
1781679319475.2456,0.14709974825382233,-0.32361945509910583,9.81645679473877
1781679319491.2297,0.127486452460289,-0.32361945509910583,9.83607006072998
1781679319507.2158,0.127486452460289,-0.32361945509910583,9.81645679473877
1781679319523.2007,0.14709974825382233,-0.32361945509910583,9.81645679473877
1781679319539.1858,0.14709974825382233,-0.32361945509910583,9.83607006072998
1781679319555.1726,0.14709974825382233,-0.32361945509910583,9.83607006072998
1781679319571.1587,0.14709974825382233,-0.32361945509910583,9.81645679473877
1781679319587.1458,0.14709974825382233,-0.34323275089263916,9.855683326721191
1781679319603.1328,0.14709974825382233,-0.32361945509910583,9.855683326721191
1781679319619.1187,0.16671304404735565,-0.32361945509910583,9.83607006072998
1781679319635.1055,0.14709974825382233,-0.32361945509910583,9.83607006072998
1781679319651.0928,0.127486452460289,-0.32361945509910583,9.83607006072998
1781679319667.0793,0.14709974825382233,-0.32361945509910583,9.83607006072998
1781679319683.064,0.14709974825382233,-0.34323275089263916,9.81645679473877
1781679319699.0486,0.14709974825382233,-0.32361945509910583,9.81645679473877
1781679319715.0332,0.14709974825382233,-0.32361945509910583,9.855683326721191
1781679319731.0188,0.14709974825382233,-0.34323275089263916,9.81645679473877
1781679319747.0054,0.14709974825382233,-0.34323275089263916,9.81645679473877
1781679319762.99,0.14709974825382233,-0.32361945509910583,9.83607006072998
1781679319778.9736,0.14709974825382233,-0.32361945509910583,9.83607006072998
1781679319794.9583,0.14709974825382233,-0.32361945509910583,9.81645679473877
1781679319810.9438,0.14709974825382233,-0.32361945509910583,9.83607006072998
1781679319826.9294,0.14709974825382233,-0.32361945509910583,9.83607006072998
1781679319842.914,0.127486452460289,-0.3040061295032501,9.83607006072998
1781679319858.8987,0.14709974825382233,-0.32361945509910583,9.83607006072998
1781679319874.8843,0.14709974825382233,-0.34323275089263916,9.81645679473877
1781679319890.869,0.14709974825382233,-0.32361945509910583,9.83607006072998
1781679319906.8535,0.14709974825382233,-0.32361945509910583,9.83607006072998
1781679319922.84,0.127486452460289,-0.34323275089263916,9.83607006072998
1781679319938.8247,0.14709974825382233,-0.32361945509910583,9.83607006072998
1781679319954.8103,0.14709974825382233,-0.32361945509910583,9.855683326721191
1781679319970.7969,0.14709974825382233,-0.32361945509910583,9.83607006072998
1781679319986.7825,0.127486452460289,-0.32361945509910583,9.81645679473877
1781679320002.767,0.14709974825382233,-0.32361945509910583,9.83607006072998
1781679320018.7527,0.14709974825382233,-0.32361945509910583,9.855683326721191
1781679320034.7373,0.14709974825382233,-0.32361945509910583,9.83607006072998
1781679320050.723,0.127486452460289,-0.34323275089263916,9.83607006072998
1781679320066.7075,0.14709974825382233,-0.32361945509910583,9.81645679473877
1781679320082.6921,0.14709974825382233,-0.32361945509910583,9.83607006072998
1781679320098.6777,0.14709974825382233,-0.32361945509910583,9.81645679473877
1781679320114.662,0.14709974825382233,-0.32361945509910583,9.83607006072998
1781679320130.6467,0.14709974825382233,-0.32361945509910583,9.83607006072998
1781679320146.6323,0.14709974825382233,-0.32361945509910583,9.855683326721191
1781679320162.616,0.14709974825382233,-0.32361945509910583,9.83607006072998
1781679320178.6016,0.14709974825382233,-0.32361945509910583,9.855683326721191
1781679320194.5872,0.127486452460289,-0.32361945509910583,9.83607006072998
1781679320210.5708,0.16671304404735565,-0.32361945509910583,9.83607006072998
1781679320226.5554,0.14709974825382233,-0.32361945509910583,9.81645679473877
1781679320242.5388,0.14709974825382233,-0.32361945509910583,9.81645679473877
1781679320258.5234,0.14709974825382233,-0.32361945509910583,9.83607006072998
1781679320274.509,0.14709974825382233,-0.32361945509910583,9.81645679473877
1781679320290.4927,0.14709974825382233,-0.32361945509910583,9.83607006072998
1781679320306.4763,0.127486452460289,-0.32361945509910583,9.83607006072998
1781679320322.4607,0.14709974825382233,-0.34323275089263916,9.83607006072998
1781679320338.4463,0.14709974825382233,-0.32361945509910583,9.83607006072998
1781679320354.431,0.14709974825382233,-0.32361945509910583,9.83607006072998
1781679320370.4165,0.14709974825382233,-0.32361945509910583,9.83607006072998
1781679320386.4011,0.14709974825382233,-0.34323275089263916,9.83607006072998
1781679320402.3857,0.127486452460289,-0.34323275089263916,9.81645679473877
1781679320418.3713,0.127486452460289,-0.32361945509910583,9.83607006072998
1781679320434.356,0.14709974825382233,-0.32361945509910583,9.83607006072998
1781679320450.3413,0.127486452460289,-0.32361945509910583,9.83607006072998
1781679320466.326,0.14709974825382233,-0.32361945509910583,9.83607006072998
1781679320482.3096,0.14709974825382233,-0.32361945509910583,9.83607006072998
1781679320498.2942,0.14709974825382233,-0.32361945509910583,9.83607006072998
1781679320514.2776,0.127486452460289,-0.34323275089263916,9.83607006072998
1781679320530.2632,0.127486452460289,-0.32361945509910583,9.83607006072998
1781679320546.2468,0.14709974825382233,-0.32361945509910583,9.83607006072998
1781679320562.2324,0.14709974825382233,-0.32361945509910583,9.83607006072998
1781679320578.217,0.14709974825382233,-0.32361945509910583,9.83607006072998
1781679320594.2004,0.14709974825382233,-0.32361945509910583,9.83607006072998
1781679320610.185,0.14709974825382233,-0.32361945509910583,9.83607006072998
1781679320626.171,0.14709974825382233,-0.34323275089263916,9.83607006072998
1781679320642.1577,0.14709974825382233,-0.32361945509910583,9.83607006072998
1781679320658.1436,0.127486452460289,-0.32361945509910583,9.83607006072998
1781679320674.1296,0.14709974825382233,-0.32361945509910583,9.83607006072998
1781679320690.1157,0.14709974825382233,-0.32361945509910583,9.83607006072998
1781679320706.1018,0.14709974825382233,-0.32361945509910583,9.83607006072998
1781679320722.087,0.14709974825382233,-0.3040061295032501,9.855683326721191
1781679320738.073,0.14709974825382233,-0.32361945509910583,9.81645679473877
1781679320754.059,0.127486452460289,-0.32361945509910583,9.83607006072998
1781679320770.0442,0.127486452460289,-0.32361945509910583,9.81645679473877
1781679320786.0283,0.14709974825382233,-0.32361945509910583,9.83607006072998
1781679320802.0144,0.14709974825382233,-0.34323275089263916,9.83607006072998
1781679320817.9995,0.127486452460289,-0.32361945509910583,9.83607006072998
1781679320833.9836,0.14709974825382233,-0.32361945509910583,9.83607006072998
1781679320849.9688,0.14709974825382233,-0.32361945509910583,9.81645679473877
1781679320865.9558,0.127486452460289,-0.32361945509910583,9.81645679473877
1781679320881.942,0.127486452460289,-0.32361945509910583,9.81645679473877
1781679320897.929,0.14709974825382233,-0.32361945509910583,9.83607006072998
1781679320913.9163,0.14709974825382233,-0.32361945509910583,9.83607006072998
1781679320929.9043,0.14709974825382233,-0.32361945509910583,9.855683326721191
1781679320945.8894,0.14709974825382233,-0.32361945509910583,9.83607006072998
1781679320961.8755,0.16671304404735565,-0.32361945509910583,9.83607006072998
1781679320977.8625,0.16671304404735565,-0.32361945509910583,9.81645679473877
1781679320993.8477,0.16671304404735565,-0.32361945509910583,9.83607006072998
1781679321009.8337,0.127486452460289,-0.32361945509910583,9.81645679473877
1781679321025.821,0.14709974825382233,-0.3040061295032501,9.83607006072998
1781679321041.8071,0.14709974825382233,-0.32361945509910583,9.81645679473877
1781679321057.7942,0.14709974825382233,-0.32361945509910583,9.83607006072998
1781679321073.7803,0.127486452460289,-0.32361945509910583,9.83607006072998
1781679321089.7664,0.14709974825382233,-0.3040061295032501,9.81645679473877
1781679321105.7537,0.14709974825382233,-0.32361945509910583,9.81645679473877
1781679321121.7397,0.14709974825382233,-0.34323275089263916,9.83607006072998
1781679321137.7258,0.14709974825382233,-0.32361945509910583,9.83607006072998
1781679321153.712,0.127486452460289,-0.32361945509910583,9.855683326721191
1781679321169.6992,0.14709974825382233,-0.32361945509910583,9.81645679473877
1781679321185.6863,0.14709974825382233,-0.32361945509910583,9.855683326721191
1781679321201.6743,0.14709974825382233,-0.32361945509910583,9.81645679473877
1781679321217.6626,0.14709974825382233,-0.32361945509910583,9.83607006072998
1781679321233.6497,0.127486452460289,-0.32361945509910583,9.83607006072998
1781679321249.6357,0.14709974825382233,-0.32361945509910583,9.806650161743164
1781679321265.622,0.14709974825382233,-0.32361945509910583,9.81645679473877
1781679321281.6091,0.14709974825382233,-0.32361945509910583,9.83607006072998
1781679321297.5974,0.127486452460289,-0.32361945509910583,9.83607006072998
1781679321313.5845,0.127486452460289,-0.34323275089263916,9.83607006072998
1781679321329.5696,0.14709974825382233,-0.34323275089263916,9.83607006072998
1781679321345.557,0.14709974825382233,-0.32361945509910583,9.83607006072998
1781679321361.543,0.127486452460289,-0.34323275089263916,9.83607006072998
1781679321377.528,0.10787314921617508,-0.32361945509910583,9.83607006072998
1781679321393.5142,0.14709974825382233,-0.32361945509910583,9.83607006072998
1781679321409.4995,0.16671304404735565,-0.32361945509910583,9.81645679473877
1781679321425.4856,0.14709974825382233,-0.32361945509910583,9.83607006072998
1781679321441.4727,0.127486452460289,-0.32361945509910583,9.83607006072998
1781679321457.461,0.127486452460289,-0.32361945509910583,9.83607006072998
1781679321473.447,0.14709974825382233,-0.32361945509910583,9.83607006072998
1781679321489.4333,0.14709974825382233,-0.32361945509910583,9.83607006072998
1781679321505.4185,0.14709974825382233,-0.32361945509910583,9.83607006072998
1781679321521.4045,0.14709974825382233,-0.32361945509910583,9.855683326721191
1781679321537.3909,0.14709974825382233,-0.32361945509910583,9.81645679473877
1781679321553.377,0.127486452460289,-0.32361945509910583,9.83607006072998
1781679321569.3633,0.14709974825382233,-0.32361945509910583,9.81645679473877
1781679321585.3503,0.14709974825382233,-0.34323275089263916,9.855683326721191
1781679321601.3354,0.14709974825382233,-0.32361945509910583,9.83607006072998
1781679321617.3218,0.14709974825382233,-0.32361945509910583,9.855683326721191
1781679321633.3079,0.14709974825382233,-0.32361945509910583,9.81645679473877
1781679321649.2942,0.127486452460289,-0.32361945509910583,9.81645679473877
1781679321665.2778,0.127486452460289,-0.34323275089263916,9.83607006072998
1781679321681.2617,0.14709974825382233,-0.32361945509910583,9.83607006072998
1781679321697.2463,0.16671304404735565,-0.3040061295032501,9.83607006072998
1781679321713.2312,0.14709974825382233,-0.34323275089263916,9.81645679473877
1781679321729.216,0.127486452460289,-0.32361945509910583,9.83607006072998
1781679321745.2017,0.14709974825382233,-0.32361945509910583,9.83607006072998
1781679321761.1865,0.14709974825382233,-0.34323275089263916,9.83607006072998
1781679321777.1724,0.127486452460289,-0.32361945509910583,9.83607006072998
1781679321793.159,0.14709974825382233,-0.32361945509910583,9.83607006072998
1781679321809.1448,0.14709974825382233,-0.32361945509910583,9.81645679473877
1781679321825.1296,0.127486452460289,-0.32361945509910583,9.83607006072998
1781679321841.1165,0.14709974825382233,-0.32361945509910583,9.83607006072998
1781679321857.103,0.14709974825382233,-0.34323275089263916,9.81645679473877
1781679321873.0889,0.127486452460289,-0.34323275089263916,9.83607006072998
1781679321889.0747,0.127486452460289,-0.32361945509910583,9.81645679473877
1781679321905.0615,0.14709974825382233,-0.32361945509910583,9.81645679473877
1781679321921.0461,0.14709974825382233,-0.32361945509910583,9.83607006072998
1781679321937.032,0.127486452460289,-0.32361945509910583,9.83607006072998
1781679321953.0188,0.14709974825382233,-0.32361945509910583,9.83607006072998
1781679321969.0056,0.14709974825382233,-0.32361945509910583,9.81645679473877
1781679321984.9902,0.14709974825382233,-0.32361945509910583,9.81645679473877
1781679322000.977,0.127486452460289,-0.32361945509910583,9.83607006072998
1781679322016.9639,0.127486452460289,-0.32361945509910583,9.83607006072998
1781679322032.9507,0.14709974825382233,-0.32361945509910583,9.83607006072998
1781679322048.9373,0.14709974825382233,-0.32361945509910583,9.81645679473877
1781679322064.923,0.14709974825382233,-0.34323275089263916,9.83607006072998
1781679322080.908,0.14709974825382233,-0.32361945509910583,9.83607006072998
1781679322096.8906,0.127486452460289,-0.32361945509910583,9.81645679473877
1781679322112.8755,0.14709974825382233,-0.34323275089263916,9.81645679473877
1781679322128.8613,0.16671304404735565,-0.32361945509910583,9.83607006072998
1781679322144.847,0.14709974825382233,-0.32361945509910583,9.83607006072998
1781679322160.8328,0.14709974825382233,-0.34323275089263916,9.83607006072998
1781679322176.8186,0.14709974825382233,-0.32361945509910583,9.83607006072998
1781679322192.8032,0.14709974825382233,-0.32361945509910583,9.83607006072998
1781679322208.79,0.127486452460289,-0.32361945509910583,9.83607006072998
1781679322224.7778,0.10787314921617508,-0.32361945509910583,9.81645679473877
1781679322240.7637,0.14709974825382233,-0.34323275089263916,9.855683326721191
1781679322256.7515,0.16671304404735565,-0.32361945509910583,9.83607006072998
1781679322272.738,0.14709974825382233,-0.32361945509910583,9.81645679473877
1781679322288.7239,0.127486452460289,-0.32361945509910583,9.83607006072998
1781679322304.7097,0.14709974825382233,-0.32361945509910583,9.83607006072998
1781679322320.6953,0.127486452460289,-0.32361945509910583,9.83607006072998
1781679322336.6802,0.14709974825382233,-0.32361945509910583,9.83607006072998
1781679322352.665,0.14709974825382233,-0.32361945509910583,9.83607006072998
1781679322368.6487,0.127486452460289,-0.32361945509910583,9.81645679473877
1781679322384.6326,0.14709974825382233,-0.32361945509910583,9.83607006072998
1781679322400.6162,0.14709974825382233,-0.32361945509910583,9.83607006072998
1781679322416.6,0.14709974825382233,-0.32361945509910583,9.81645679473877
1781679322432.5847,0.14709974825382233,-0.32361945509910583,9.81645679473877
1781679322448.5686,0.16671304404735565,-0.34323275089263916,9.83607006072998
1781679322464.5542,0.14709974825382233,-0.32361945509910583,9.83607006072998
1781679322480.539,0.127486452460289,-0.34323275089263916,9.81645679473877
1781679322496.5237,0.14709974825382233,-0.32361945509910583,9.83607006072998
1781679322512.5076,0.14709974825382233,-0.32361945509910583,9.83607006072998
1781679322528.4912,0.16671304404735565,-0.32361945509910583,9.855683326721191
1781679322544.475,0.127486452460289,-0.32361945509910583,9.81645679473877
1781679322560.4587,0.14709974825382233,-0.32361945509910583,9.81645679473877
1781679322576.4436,0.16671304404735565,-0.32361945509910583,9.83607006072998
1781679322592.4285,0.127486452460289,-0.34323275089263916,9.83607006072998
1781679322608.413,0.14709974825382233,-0.32361945509910583,9.855683326721191
1781679322624.4,0.14709974825382233,-0.32361945509910583,9.83607006072998
1781679322640.3857,0.14709974825382233,-0.32361945509910583,9.81645679473877
1781679322656.3704,0.14709974825382233,-0.34323275089263916,9.83607006072998
1781679322672.3557,0.14709974825382233,-0.34323275089263916,9.83607006072998
1781679322688.3403,0.14709974825382233,-0.32361945509910583,9.83607006072998
1781679322704.3247,0.14709974825382233,-0.32361945509910583,9.83607006072998
1781679322720.3103,0.14709974825382233,-0.32361945509910583,9.83607006072998
1781679322736.2957,0.14709974825382233,-0.32361945509910583,9.81645679473877
1781679322752.2803,0.14709974825382233,-0.32361945509910583,9.855683326721191
1781679322768.2656,0.14709974825382233,-0.34323275089263916,9.83607006072998
1781679322784.2502,0.127486452460289,-0.32361945509910583,9.83607006072998
1781679322800.2346,0.16671304404735565,-0.32361945509910583,9.83607006072998
1781679322816.219,0.14709974825382233,-0.32361945509910583,9.83607006072998
1781679322832.2036,0.127486452460289,-0.34323275089263916,9.83607006072998
1781679322848.189,0.14709974825382233,-0.34323275089263916,9.83607006072998
1781679322864.1746,0.14709974825382233,-0.32361945509910583,9.83607006072998
1781679322880.159,0.14709974825382233,-0.32361945509910583,9.81645679473877
1781679322896.1436,0.127486452460289,-0.32361945509910583,9.81645679473877
1781679322912.129,0.127486452460289,-0.34323275089263916,9.83607006072998
1781679322928.1145,0.14709974825382233,-0.32361945509910583,9.83607006072998
1781679322944.0999,0.14709974825382233,-0.32361945509910583,9.855683326721191
1781679322960.0823,0.14709974825382233,-0.32361945509910583,9.83607006072998
1781679322976.067,0.14709974825382233,-0.32361945509910583,9.855683326721191
1781679322992.0522,0.127486452460289,-0.32361945509910583,9.83607006072998
1781679323008.0366,0.14709974825382233,-0.32361945509910583,9.83607006072998
1781679323024.0212,0.127486452460289,-0.32361945509910583,9.83607006072998
1781679323040.0056,0.127486452460289,-0.32361945509910583,9.83607006072998
1781679323055.9922,0.14709974825382233,-0.32361945509910583,9.81645679473877
1781679323071.9756,0.14709974825382233,-0.32361945509910583,9.83607006072998
1781679323087.96,0.14709974825382233,-0.32361945509910583,9.83607006072998
1781679323103.9456,0.127486452460289,-0.32361945509910583,9.81645679473877
1781679323119.931,0.14709974825382233,-0.34323275089263916,9.83607006072998
1781679323135.9172,0.14709974825382233,-0.32361945509910583,9.83607006072998
1781679323151.9038,0.16671304404735565,-0.34323275089263916,9.83607006072998
1781679323167.8872,0.14709974825382233,-0.32361945509910583,9.855683326721191
1781679323183.8696,0.127486452460289,-0.32361945509910583,9.83607006072998
1781679323199.8562,0.14709974825382233,-0.32361945509910583,9.81645679473877
1781679323215.8416,0.14709974825382233,-0.3040061295032501,9.83607006072998
1781679323231.8271,0.14709974825382233,-0.32361945509910583,9.83607006072998
1781679323247.8115,0.14709974825382233,-0.32361945509910583,9.83607006072998
1781679323263.7969,0.14709974825382233,-0.32361945509910583,9.83607006072998
1781679323279.7825,0.14709974825382233,-0.32361945509910583,9.875296592712402
1781679323295.7678,0.127486452460289,-0.32361945509910583,9.855683326721191
1781679323311.7502,0.14709974825382233,-0.34323275089263916,9.855683326721191
1781679323327.7356,0.127486452460289,-0.34323275089263916,9.83607006072998
1781679323343.7212,0.14709974825382233,-0.32361945509910583,9.855683326721191
1781679323359.7056,0.14709974825382233,-0.32361945509910583,9.83607006072998
1781679323375.689,0.127486452460289,-0.32361945509910583,9.81645679473877
1781679323391.6724,0.14709974825382233,-0.32361945509910583,9.83607006072998
1781679323407.6548,0.14709974825382233,-0.32361945509910583,9.855683326721191
1781679323423.6392,0.14709974825382233,-0.32361945509910583,9.83607006072998
1781679323439.6248,0.127486452460289,-0.34323275089263916,9.83607006072998
1781679323455.6082,0.14709974825382233,-0.32361945509910583,9.83607006072998
1781679323471.5925,0.14709974825382233,-0.32361945509910583,9.83607006072998
1781679323487.577,0.14709974825382233,-0.32361945509910583,9.83607006072998
1781679323503.5615,0.14709974825382233,-0.32361945509910583,9.855683326721191
1781679323519.546,0.14709974825382233,-0.32361945509910583,9.81645679473877
1781679323535.5303,0.14709974825382233,-0.32361945509910583,9.83607006072998
1781679323551.5146,0.14709974825382233,-0.32361945509910583,9.83607006072998
1781679323567.499,0.127486452460289,-0.32361945509910583,9.83607006072998
1781679323583.4824,0.14709974825382233,-0.32361945509910583,9.81645679473877
1781679323599.468,0.16671304404735565,-0.34323275089263916,9.81645679473877
1781679323615.4543,0.14709974825382233,-0.32361945509910583,9.855683326721191
1781679323631.4407,0.127486452460289,-0.32361945509910583,9.83607006072998
1781679323647.4263,0.14709974825382233,-0.34323275089263916,9.81645679473877
1781679323663.4111,0.14709974825382233,-0.32361945509910583,9.83607006072998
